# Blender 3.4.1
# www.blender.org
mtllib car03.mtl
g car03_car03
v -0.896832 0.028153 -1.031470
v -0.922916 0.144990 -1.129790
v -0.900024 0.026774 -1.119890
v -0.938759 0.274430 -1.057360
v -0.939878 0.264972 -1.143300
v -0.922565 0.542171 -1.203610
v -0.876403 0.681660 -1.103910
v -0.875699 0.678714 -1.189510
v -0.877945 0.688110 -0.916444
v -0.935691 0.592725 -0.602929
v -0.881307 0.703656 -0.616269
v -0.925020 0.551626 -1.091272
v -0.925020 0.551626 -1.091272
v 0.938195 0.451306 -1.217150
v 0.927468 0.542171 -1.203610
v 0.930018 0.551746 -1.090867
v 0.940994 0.454979 -1.080429
v -0.938759 0.274430 -1.057360
v -0.936016 0.455294 -1.079970
v -0.933292 0.451306 -1.217150
v -0.945824 0.469653 -0.586038
v -0.944551 0.294655 -0.558664
v 0.882848 0.688110 -0.916444
v 0.866237 0.699319 -0.913645
v 0.863708 0.714735 -0.617037
v 0.886210 0.703656 -0.616269
v -0.922565 0.542171 -1.203610
v -0.939878 0.264972 -1.143300
v -0.940609 0.260657 -1.172310
v -0.922916 0.144990 -1.129790
v 0.873932 0.652773 1.867680
v 0.902420 0.640603 1.615510
v 0.870247 0.752816 1.656800
v 0.824558 0.769345 1.938050
v 0.685985 0.975499 -0.960395
v 0.766657 0.739231 -1.285650
v 0.300931 0.739464 -1.428210
v 0.295391 0.972377 -1.047300
v -0.998168 0.716666 -0.979243
v -1.107040 0.721579 -0.942578
v -1.138460 0.730096 -0.980608
v -1.003040 0.711611 -1.080150
v -0.803320 0.749638 -1.322900
v -0.834175 0.739582 -1.179840
v -0.798351 0.752934 -1.266660
v 0.880603 0.678714 -1.189510
v 0.927468 0.542171 -1.203610
v 1.176530 0.781779 -0.968726
v 1.163070 0.743067 -0.925728
v 1.143360 0.730095 -0.980609
v 1.147690 0.764847 -1.017320
v -0.291584 0.705123 -1.532900
v -0.296027 0.739464 -1.428210
v 0.002452 0.740336 -1.449870
v 0.002452 0.706360 -1.554940
v 0.940594 0.592725 -0.602930
v 0.886210 0.703656 -0.616269
v 0.880966 0.731753 -0.044125
v 0.931530 0.627154 -0.043552
v 0.911008 0.236774 -1.861350
v 0.892853 0.045689 -0.043367
v 0.890192 0.053379 0.771062
v 0.897363 0.041631 0.765084
v 0.900099 0.033976 -0.042579
v -0.256820 1.294169 1.828438
v 0.002452 1.295700 1.838930
v 0.002452 1.311520 1.831130
v -0.253793 1.306198 1.823669
v 0.847219 0.659320 1.986200
v 0.915881 0.354068 1.849730
v 0.922064 0.436869 1.773300
v -0.661511 1.004630 0.881565
v -0.764928 0.772727 0.790978
v -0.764928 0.769816 0.977727
v -0.661511 1.007540 0.993771
v -0.764928 0.769816 0.977727
v 0.853943 0.769822 0.977725
v 0.751438 1.007620 0.993743
v -0.661511 1.007540 0.993771
v -0.892074 0.061577 1.039940
v -0.884003 0.057365 0.934862
v -0.889732 0.044203 0.934508
v -0.889764 0.048036 1.040040
v -0.861333 0.699319 -0.913645
v -0.858805 0.714735 -0.617037
v -0.836004 0.736256 -0.618359
v -0.835687 0.723053 -0.907125
v -0.901277 0.017200 -1.119810
v -0.899041 0.018020 -1.028720
v -0.896832 0.028153 -1.031470
v -0.900024 0.026774 -1.119890
v -0.667420 -0.045158 2.229510
v -0.535120 -0.045158 2.229510
v -0.637115 0.079122 2.229510
v -0.708817 0.062091 2.229510
v -0.563305 0.368107 1.198180
v -0.929473 0.210114 1.080780
v -0.892074 0.061577 1.039940
v -0.563305 -0.072009 1.042850
v 0.618997 1.264570 -0.294158
v 0.571662 1.283720 -0.294873
v 0.563835 1.297400 -0.045058
v 0.612823 1.273750 -0.044113
v 0.651253 1.224920 -0.298195
v 0.641498 1.248890 -0.043248
v 0.568208 -0.072009 1.042850
v 0.568208 0.368107 1.198180
v 0.568208 0.401890 1.642090
v 0.568208 -0.014156 1.805140
v -0.720085 0.974327 -0.937980
v -0.671093 1.161480 -0.567674
v -0.623694 1.212770 -0.546779
v -0.756061 0.946494 -0.906807
v 0.628597 1.212770 -0.546779
v 0.587349 1.230710 -0.523102
v -0.638732 1.132860 1.941000
v -0.649564 1.143630 1.942240
v -0.701478 0.987160 2.101120
v -0.690264 0.977230 2.098360
v 0.290540 1.243790 -0.527991
v 0.289059 1.228710 -0.593938
v 0.002452 1.239740 -0.607376
v 0.002452 1.255120 -0.537619
v -0.894857 0.026119 -0.525003
v -0.881168 -0.057288 -1.119320
v -0.868213 -0.050773 -0.521306
v -0.899041 0.018020 -1.028720
v -0.901277 0.017200 -1.119810
v 0.853170 0.824424 1.357060
v 0.664903 1.244710 1.361380
v 0.675393 1.193830 1.656350
v 0.826714 0.843906 1.679520
v 0.906180 0.017200 -1.119810
v 0.904928 0.026774 -1.119890
v 0.901735 0.028153 -1.031470
v 0.903945 0.018020 -1.028720
v 0.703536 1.087460 1.835500
v 0.634631 1.256080 1.684020
v 0.603202 1.278910 1.767690
v 0.687328 1.121020 1.896980
v -0.855652 0.739437 -0.043922
v -0.881307 0.703656 -0.616269
v -0.876063 0.731753 -0.044125
v -0.855993 0.736766 -0.105894
v -0.858805 0.714735 -0.617037
v -0.290488 0.972377 -1.047300
v -0.284155 1.228710 -0.593938
v 0.002452 1.239740 -0.607376
v 0.002452 0.972588 -1.080260
v 0.950727 0.469653 -0.586038
v 0.940594 0.592725 -0.602930
v 0.931530 0.627154 -0.043552
v 0.948263 0.491153 -0.044049
v 0.949454 0.294655 -0.558664
v 0.948113 0.310158 -0.043511
v 0.895127 0.037892 -0.525880
v 0.949454 0.294655 -0.558664
v 0.948113 0.310158 -0.043511
v 0.892853 0.045689 -0.043367
v 0.938195 0.451306 -1.217150
v 0.943663 0.274430 -1.057360
v 0.944781 0.264972 -1.143300
v 0.945526 0.391509 -1.255050
v -0.746215 0.718517 2.247640
v -0.788248 0.696323 2.203730
v -0.801938 0.470645 2.210940
v -0.749495 0.451401 2.263910
v -0.644542 1.274790 0.924530
v -0.649931 1.267190 1.361610
v -0.619100 1.301510 1.365580
v -0.614222 1.310310 0.917221
v -0.953351 0.883140 -1.030530
v -1.125850 0.878764 -0.970596
v -1.119760 0.884928 -0.941368
v -0.937124 0.888151 -1.003160
v -0.906709 0.697991 1.019280
v -0.867030 0.780149 0.941403
v -0.910740 0.687491 0.936754
v -0.940203 0.341670 1.104740
v -0.935753 0.447739 1.123290
v -0.939225 0.339179 1.029180
v -0.943170 0.383729 1.160730
v 0.952591 0.456248 1.568390
v 0.924791 0.528514 1.579300
v 0.922064 0.436869 1.773300
v 0.944672 0.383097 1.715200
v -0.848267 0.824424 1.357060
v -0.867030 0.780149 0.941403
v -0.855246 0.808099 1.358700
v -0.855311 0.799625 0.994675
v 0.953558 0.470667 1.400750
v 0.928427 0.542406 1.394190
v 0.952006 0.428930 1.238740
v 0.936698 0.498954 1.207950
v -0.693202 1.137560 -0.577420
v -0.666666 1.202160 -0.301283
v -0.646349 1.224920 -0.298195
v -0.671093 1.161480 -0.567674
v -0.942291 0.344181 1.178660
v -0.943170 0.383729 1.160730
v -0.940203 0.341670 1.104740
v -0.566759 1.283720 -0.294873
v -0.582445 1.230710 -0.523102
v -0.614093 1.264570 -0.294157
v 0.952006 0.428930 1.238740
v 0.953558 0.470667 1.400750
v 0.952489 0.434595 1.403330
v 0.951009 0.394839 1.252490
v 0.952591 0.456248 1.568390
v 0.951566 0.420840 1.560670
v 0.947195 0.344181 1.178660
v 0.948073 0.383729 1.160730
v -0.829206 0.828431 1.675660
v -0.819655 0.769345 1.938050
v -0.775861 0.848087 1.997190
v -0.865344 0.752816 1.656800
v -0.910740 0.687491 0.936754
v -0.926626 0.627154 -0.043552
v -0.943360 0.491153 -0.044049
v -0.936511 0.559280 0.919387
v 0.924791 0.528514 1.579300
v -0.867560 0.783131 -1.026530
v -0.890811 0.785000 -1.022530
v -0.899079 0.752274 -1.013370
v -0.880563 0.744566 -1.017050
v -0.764008 0.825023 2.162730
v -0.793065 0.773444 2.088080
v -0.774680 0.776279 2.191820
v -0.935753 0.447739 1.123290
v -0.940843 0.337441 0.864286
v -0.939225 0.339179 1.029180
v 0.793152 0.696323 2.203720
v 0.834691 0.553550 2.074920
v 0.847219 0.659320 1.986200
v 0.821911 0.731156 2.016270
v 0.918707 0.623109 1.385690
v 0.928427 0.542406 1.394190
v 0.915881 0.354068 1.849730
v 0.932993 0.284205 1.824290
v 1.007940 0.711611 -1.080150
v 0.981181 0.750843 -1.096080
v -0.928089 0.284205 1.824290
v -0.939769 0.383097 1.715200
v -0.936443 0.259349 1.819340
v 0.941346 0.259349 1.819340
v 0.940697 0.246458 1.788290
v 0.941346 0.259349 1.819340
v -0.214662 1.300530 -0.329664
v -0.171023 1.383830 -0.299943
v 0.001718 1.395430 -0.307693
v 0.001894 1.301010 -0.339501
v 0.599884 1.287860 1.709390
v 0.624003 1.301510 1.365580
v 0.575428 1.334780 1.369760
v 0.619126 1.310310 0.917221
v 0.557730 1.343070 0.892799
v 0.649445 1.274790 0.924530
v 0.654834 1.267190 1.361610
v -0.594980 1.287860 1.709390
v -0.629728 1.256080 1.684020
v -0.598299 1.278910 1.767690
v 0.896978 0.061577 1.039940
v 0.894667 0.048036 1.040040
v 0.894635 0.044203 0.934507
v 0.888907 0.057365 0.934862
v -0.277894 1.302020 -0.302661
v -0.276781 1.316280 -0.044422
v 0.002452 1.331290 -0.046679
v 0.002452 1.313630 -0.315395
v 0.863708 0.714735 -0.617037
v 0.840908 0.736256 -0.618359
v 0.840344 0.756594 -0.130801
v 0.860896 0.736766 -0.105894
v 0.740357 0.825050 2.214360
v 0.748842 0.776192 2.237960
v 0.779583 0.776279 2.191820
v 0.768911 0.825023 2.162730
v -0.271270 1.271861 1.833900
v -0.598299 1.278910 1.767690
v -0.589694 1.265400 1.783300
v -0.256820 1.294169 1.828438
v -0.735453 0.825050 2.214360
v 0.643635 1.132860 1.941000
v 0.695168 0.977230 2.098360
v 0.706381 0.987160 2.101120
v 0.654468 1.143630 1.942240
v 0.860555 0.739437 -0.043922
v 0.300931 0.739464 -1.428210
v -0.296027 0.739464 -1.428210
v -0.855652 0.739437 -0.043922
v 0.881307 0.681660 -1.103910
v 0.874426 0.741731 -1.112470
v -0.741863 0.944842 1.973720
v -0.721378 0.979269 2.048950
v -0.929473 0.210114 1.080780
v -0.884003 0.057365 0.934862
v -0.892074 0.061577 1.039940
v -0.939225 0.339179 1.029180
v 0.915644 0.687491 0.936754
v 0.941415 0.559280 0.919387
v 0.002452 0.740336 -1.449870
v -0.856325 0.792810 0.886325
v -0.876063 0.731753 -0.044125
v -0.867030 0.780149 0.941403
v -0.855652 0.739437 -0.043922
v 0.981181 0.750843 -1.096080
v 0.947683 0.872443 -1.042810
v 1.133060 0.865950 -0.989544
v 1.147690 0.764847 -1.017320
v -0.913803 0.623109 1.385690
v -0.923524 0.542406 1.394190
v -0.919888 0.528514 1.579300
v -0.897517 0.640603 1.615510
v 0.868707 -0.044991 0.718475
v 0.897363 0.041631 0.765084
v 0.894635 0.044203 0.934507
v 0.869433 -0.043311 0.934031
v 0.144350 0.871093 -0.046807
v 0.101248 0.633290 -0.037768
v 0.620064 0.633285 -0.037766
v 0.576586 0.871007 -0.046779
v 0.560242 -0.084966 -1.510505
v 0.568208 0.327858 -1.500875
v 0.568208 0.328060 -1.249540
v 0.568207 -0.083426 -1.119280
v 0.930734 0.593723 1.118120
v 0.911613 0.697991 1.019280
v 0.892781 0.730759 1.370350
v 0.911613 0.697991 1.019280
v 0.871933 0.780149 0.941402
v 0.860150 0.808099 1.358700
v 0.892781 0.730759 1.370350
v -0.885288 0.053379 0.771062
v -0.892459 0.041631 0.765084
v -0.925830 0.593723 1.118120
v -0.931794 0.498954 1.207950
v -0.940203 0.341670 1.104740
v -0.942291 0.344181 1.178660
v -0.817008 0.731156 2.016270
v -0.793065 0.773444 2.088080
v -0.819655 0.769345 1.938050
v -0.943427 0.535216 -0.317383
v -0.948289 0.458499 -0.286381
v -0.947818 0.493927 -0.086068
v -0.942929 0.568633 -0.119009
v -0.842315 0.659320 1.986200
v -0.869028 0.652774 1.867680
v -0.829787 0.553550 2.074920
v 0.812875 0.342823 2.213180
v 0.806841 0.470645 2.210940
v 0.754398 0.451401 2.263910
v 0.755007 0.341117 2.267690
v -0.659313 1.219670 1.654640
v -0.698633 1.087460 1.835500
v -0.682425 1.121020 1.896980
v -0.807972 0.342823 2.213180
v -0.910978 0.354068 1.849730
v -0.801938 0.470645 2.210940
v 0.869277 -0.047459 -0.043939
v 0.900099 0.033976 -0.042579
v -0.910978 0.354068 1.849730
v -0.917160 0.436869 1.773300
v -0.939769 0.383097 1.715200
v -0.928089 0.284205 1.824290
v 0.002452 -0.083426 -1.119280
v 0.568207 -0.083426 -1.119280
v 0.790159 -0.079543 -0.044552
v 0.002452 -0.079543 -0.044553
v -0.946106 0.394839 1.252490
v -0.947103 0.428930 1.238740
v -0.607920 1.273750 -0.044113
v -0.558932 1.297400 -0.045058
v 0.901735 0.028153 -1.031470
v 0.943663 0.274430 -1.057360
v -0.659999 1.244710 1.361380
v -0.644542 1.274790 0.924530
v -0.654976 1.251480 0.965129
v -0.649931 1.267190 1.361610
v 0.746766 0.944842 1.973720
v 0.654468 1.143630 1.942240
v 0.726281 0.979269 2.048950
v -0.772446 0.863031 1.969860
v -0.741863 0.944842 1.973720
v -0.748919 0.934664 1.951650
v -0.775861 0.848087 1.997190
v -0.644542 1.274790 0.924530
v -0.645823 1.226200 -0.043270
v -0.654114 1.251100 0.885498
v -0.636594 1.248890 -0.043248
v 0.675393 1.193830 1.656350
v 0.664903 1.244710 1.361380
v 0.654834 1.267190 1.361610
v 0.664217 1.219670 1.654640
v -0.708478 1.067990 1.823030
v -0.659313 1.219670 1.654640
v -0.670489 1.193830 1.656350
v -0.698633 1.087460 1.835500
v -0.829206 0.828431 1.675660
v -0.821810 0.843906 1.679520
v -0.654545 1.251290 0.925314
v -0.855872 0.796188 0.940500
v -0.654545 1.251290 0.925314
v -0.855872 0.796188 0.940500
v 0.927819 0.144990 -1.129790
v 0.944781 0.264972 -1.143300
v 0.904928 0.026774 -1.119890
v -0.890224 0.037892 -0.525880
v -0.944551 0.294655 -0.558664
v 0.881307 0.681660 -1.103910
v 0.882848 0.688110 -0.916444
v 0.930018 0.551746 -1.090867
v 0.930018 0.551746 -1.090867
v 0.943663 0.274430 -1.057360
v -0.942780 0.872443 -1.042810
v -0.909136 0.867061 -1.012200
v -0.750103 0.341117 2.267700
v -0.749495 0.451401 2.263910
v 0.927819 0.144990 -1.129790
v 0.945513 0.260657 -1.172310
v 0.944781 0.264972 -1.143300
v -0.940623 0.391509 -1.255050
v -0.943199 0.368712 -1.272290
v -0.939878 0.264972 -1.143300
v -0.940609 0.260657 -1.172310
v 0.803254 0.752934 -1.266660
v 0.839079 0.739582 -1.179840
v 0.808223 0.749638 -1.322900
v 0.948073 0.383729 1.160730
v 0.940656 0.447739 1.123290
v -0.759893 0.936007 -0.895061
v -0.835687 0.723053 -0.907125
v -0.836004 0.736256 -0.618359
v -0.693202 1.137560 -0.577420
v 0.931214 0.400666 -1.664670
v 0.937835 0.426842 -1.551235
v 0.568209 0.327858 -1.501019
v 0.568209 0.327656 -1.752210
v -0.654114 1.251100 0.885498
v -0.856325 0.792810 0.886325
v -0.855872 0.796188 0.940500
v -0.654545 1.251290 0.925314
v 0.748842 0.776192 2.237960
v 0.751119 0.718517 2.247640
v 0.779583 0.776279 2.191820
v -0.651723 1.222000 -0.105019
v -0.835412 0.757637 -0.105797
v -0.835340 0.760227 -0.043718
v -0.645823 1.226200 -0.043270
v 0.002452 0.828919 2.297000
v 0.740357 0.825050 2.214360
v 0.853943 0.772733 0.790978
v 0.751438 1.004710 0.881565
v 0.751438 1.007620 0.993743
v 0.853943 0.769822 0.977725
v 0.659521 1.219220 -0.129697
v 0.656627 1.222000 -0.105019
v 0.840316 0.757637 -0.105797
v -0.272841 1.360930 1.369120
v -0.570525 1.334780 1.369760
v -0.594980 1.287860 1.709390
v -0.264886 1.318680 1.723780
v -0.646349 1.224920 -0.298195
v 0.002452 1.334870 1.730600
v 0.002452 1.374880 1.375170
v 0.724989 0.974327 -0.937980
v 0.675997 1.161480 -0.567674
v 0.760964 0.946494 -0.906807
v 0.872463 0.783131 -1.026530
v 0.895715 0.785000 -1.022530
v -0.890224 0.037892 -0.525880
v -0.894857 0.026119 -0.525003
v -0.864373 -0.047459 -0.043939
v -0.895196 0.033976 -0.042578
v 0.903945 0.018020 -1.028720
v 0.886071 -0.057288 -1.119320
v 0.906180 0.017200 -1.119810
v 0.899760 0.026119 -0.525003
v 0.873116 -0.050773 -0.521306
v -0.895196 0.033976 -0.042578
v -0.887949 0.045689 -0.043367
v 0.860150 0.808099 1.358700
v 0.853170 0.824424 1.357060
v 0.826714 0.843906 1.679520
v 0.834110 0.828430 1.675660
v -0.940623 0.391509 -1.255050
v -0.933292 0.451306 -1.217150
v 0.860896 0.736766 -0.105894
v 0.860555 0.739437 -0.043922
v 0.880966 0.731753 -0.044125
v -0.876063 0.731753 -0.044125
v -0.926626 0.627154 -0.043552
v 0.915644 0.687491 0.936754
v 0.706381 0.987160 2.101120
v -0.935794 0.246458 1.788290
v -0.563305 0.401890 1.642090
v -0.563305 -0.014156 1.805140
v -0.906092 0.115653 1.811400
v 0.002452 1.376980 0.858939
v 0.276655 1.362710 0.872929
v 0.281684 1.316280 -0.044422
v 0.002452 1.331290 -0.046679
v -0.701478 0.987160 2.101120
v -0.649564 1.143630 1.942240
v -0.939878 0.264972 -1.143300
v -0.938759 0.274430 -1.057360
v 0.174041 1.383830 -0.299943
v 0.218449 1.300530 -0.329664
v -0.865344 0.752816 1.656800
v 0.945106 0.341670 1.104740
v 0.944129 0.339179 1.029180
v -0.735453 0.825050 2.214360
v -0.743938 0.776192 2.237960
v -0.885288 0.053379 0.771062
v -0.940843 0.337441 0.864286
v 0.871933 0.780149 0.941402
v 0.860215 0.799625 0.994675
v -0.681081 0.975499 -0.960395
v -0.574992 1.210860 -0.578388
v -0.906709 0.697991 1.019280
v 0.945106 0.341670 1.104740
v -0.946663 0.420840 1.560670
v -0.939939 0.364730 1.686310
v -0.939769 0.383097 1.715200
v -0.947687 0.456248 1.568390
v -0.284155 1.228710 -0.593938
v -0.574992 1.210860 -0.578388
v -0.582445 1.230710 -0.523102
v -0.285637 1.243790 -0.527991
v 0.257086 1.067700 -0.109310
v 0.201455 0.792270 -0.172393
v 0.201455 0.788813 -0.042346
v 0.257086 1.071150 -0.031191
v -0.925020 0.551626 -1.091272
v -0.931794 0.498954 1.207950
v -0.947103 0.428930 1.238740
v 0.834110 0.828430 1.675660
v 0.824558 0.769345 1.938050
v 0.870247 0.752816 1.656800
v 0.780765 0.848087 1.997190
v -0.887877 0.730759 1.370350
v -0.887877 0.730759 1.370350
v -0.855246 0.808099 1.358700
v 0.797969 0.773444 2.088080
v 0.944129 0.339179 1.029180
v 0.945747 0.337441 0.864286
v 0.940656 0.447739 1.123290
v 0.944842 0.364730 1.686310
v 0.944672 0.383097 1.715200
v 0.954418 0.462417 -0.116080
v 0.951123 0.488604 -0.317299
v 0.946693 0.566436 -0.286572
v 0.949961 0.538239 -0.087291
v 0.277744 1.360930 1.369120
v 0.575428 1.334780 1.369760
v 0.557730 1.343070 0.892799
v 0.944672 0.383097 1.715200
v 0.932993 0.284205 1.824290
v -0.935794 0.246458 1.788290
v -0.936443 0.259349 1.819340
v 0.001894 1.317420 -0.163909
v 0.001718 1.400930 -0.187541
v -0.170338 1.385920 -0.186167
v -0.213802 1.313540 -0.162165
v -0.709621 0.730480 2.250090
v -0.707471 0.464311 2.267980
v -0.863804 -0.044991 0.718475
v -0.864530 -0.043311 0.934031
v -0.889732 0.044203 0.934508
v -0.892459 0.041631 0.765084
v -0.889764 0.048036 1.040040
v -0.864899 -0.042685 1.040680
v 0.276172 1.271861 1.833900
v 0.603202 1.278910 1.767690
v 0.261725 1.294169 1.828438
v 0.594597 1.265400 1.783300
v 0.002452 1.274495 1.853016
v 0.002452 1.295700 1.838930
v 0.740357 0.825050 2.214360
v 0.002452 0.020067 2.202650
v 0.002452 -0.009178 1.836560
v 0.828774 -0.009178 1.836560
v 0.669049 0.023421 2.190940
v 0.664217 1.219670 1.654640
v -0.917160 0.436869 1.773300
v 0.934376 0.210114 1.080780
v 0.888907 0.057365 0.934862
v 0.944129 0.339179 1.029180
v 0.896978 0.061577 1.039940
v 0.101248 0.636201 -0.241442
v 0.144350 0.868183 -0.158986
v 0.576586 0.868095 -0.158986
v 0.620064 0.636195 -0.241442
v 0.880966 0.731753 -0.044125
v 0.861229 0.792809 0.886325
v 0.871933 0.780149 0.941402
v 0.860555 0.739437 -0.043922
v -0.943209 0.310158 -0.043511
v -0.654618 1.219220 -0.129697
v -0.835441 0.756594 -0.130801
v -0.887949 0.045689 -0.043367
v -0.943209 0.310158 -0.043511
v 0.936698 0.498954 1.207950
v 0.947195 0.344181 1.178660
v 0.945106 0.341670 1.104740
v 0.797969 0.773444 2.088080
v 0.821911 0.731156 2.016270
v 0.834691 0.553550 2.074920
v -0.636594 1.248890 -0.043248
v -0.555339 -0.084966 -1.510505
v -0.547374 -0.086507 -1.901730
v 0.002452 -0.086507 -1.901730
v 0.002452 -0.084966 -1.510505
v 0.571663 1.283720 -0.294873
v 0.587349 1.230710 -0.523102
v 0.290540 1.243790 -0.527991
v 0.282797 1.302020 -0.302661
v 0.649445 1.274790 0.924530
v 0.659879 1.251480 0.965129
v 0.777349 0.863031 1.969860
v 0.746766 0.944842 1.973720
v 0.780765 0.848087 1.997190
v 0.753823 0.934664 1.951650
v 0.650727 1.226200 -0.043270
v 0.649445 1.274790 0.924530
v 0.659018 1.251100 0.885498
v 0.641498 1.248890 -0.043248
v 0.713381 1.067990 1.823030
v 0.703536 1.087460 1.835500
v 0.659449 1.251290 0.925313
v 0.860775 0.796188 0.940499
v 0.659449 1.251290 0.925313
v 0.860775 0.796188 0.940499
v -0.547374 -0.086507 -1.901730
v -0.894354 0.097452 -1.901830
v -0.852695 -0.086509 -1.910990
v -0.876403 0.681660 -1.103910
v -0.877945 0.688110 -0.916444
v -0.943199 0.368712 -1.272290
v -0.939553 0.422987 -1.437800
v -0.563304 0.328060 -1.249540
v -0.881168 -0.057288 -1.119320
v -0.563304 -0.083426 -1.119280
v -0.788526 -0.083426 -1.119280
v -0.901277 0.017200 -1.119810
v -0.900024 0.026774 -1.119890
v -0.922916 0.144990 -1.129790
v -0.940609 0.260657 -1.172310
v 0.927819 0.144990 -1.129790
v 0.568207 -0.083426 -1.119280
v 0.568208 0.328060 -1.249540
v 0.945513 0.260657 -1.172310
v -0.563306 0.327656 -1.752210
v -0.916208 0.337706 -1.768310
v -0.906104 0.236774 -1.861350
v 0.568208 0.368107 1.198180
v 0.568208 -0.072009 1.042850
v 0.896978 0.061577 1.039940
v 0.934376 0.210114 1.080780
v -0.942291 0.344181 1.178660
v -0.946106 0.394839 1.252490
v -0.565413 0.079122 2.229510
v -0.480152 -0.000251 2.229510
v -0.493722 0.062091 2.229510
v -0.947586 0.434595 1.403330
v -0.939939 0.364730 1.686310
v -0.946663 0.420840 1.560670
v -0.830444 -0.014156 1.805140
v 0.568208 -0.014156 1.805140
v 0.568208 0.401890 1.642090
v 0.940697 0.246458 1.788290
v 0.910995 0.115653 1.811400
v -0.889764 0.048036 1.040040
v -0.864899 -0.042685 1.040680
v -0.782070 -0.072009 1.042850
v 0.857599 -0.086509 -1.910990
v 0.899257 0.097452 -1.901830
v 0.552277 -0.086507 -1.901730
v -0.555339 -0.084966 -1.510505
v -0.563304 -0.083426 -1.119280
v -0.563304 0.328060 -1.249540
v -0.563305 0.327858 -1.500875
v 0.944457 0.422986 -1.437800
v 0.948103 0.368712 -1.272290
v -0.563305 0.327858 -1.500875
v -0.932932 0.426843 -1.551235
v -0.926311 0.400666 -1.664670
v 0.886071 -0.057288 -1.119320
v 0.793430 -0.083426 -1.119280
v 0.904928 0.026774 -1.119890
v 0.906180 0.017200 -1.119810
v 0.911008 0.236774 -1.861350
v 0.921111 0.337706 -1.768310
v 0.921111 0.337706 -1.768310
v 0.947195 0.344181 1.178660
v 0.951009 0.394839 1.252490
v -0.563305 -0.072009 1.042850
v -0.563305 -0.014156 1.805140
v -0.563305 0.401890 1.642090
v -0.563305 0.368107 1.198180
v 0.952489 0.434595 1.403330
v 0.944842 0.364730 1.686310
v 0.951566 0.420840 1.560670
v 0.835347 -0.014156 1.805140
v 0.869802 -0.042685 1.040680
v 0.786973 -0.072009 1.042850
v 0.894667 0.048036 1.040040
v -0.735453 0.825050 2.214360
v 0.002452 0.740336 -1.449870
v 0.766657 0.739231 -1.285650
v -0.761754 0.739231 -1.285650
v 0.201455 0.792270 -0.172393
v 0.257086 1.067700 -0.109310
v 0.462594 1.067590 -0.109310
v 0.518404 0.792263 -0.172393
v 0.786973 -0.072009 1.042850
v 0.002452 -0.072009 1.042850
v -0.424725 1.067590 -0.109310
v -0.480535 0.792263 -0.172393
v -0.480535 0.788807 -0.042344
v -0.424725 1.071050 -0.031171
v 0.751438 1.004710 0.881565
v -0.661511 1.004630 0.881565
v -0.661511 1.007540 0.993771
v 0.751438 1.007620 0.993743
v 0.518404 0.792263 -0.172393
v 0.462594 1.067590 -0.109310
v 0.462594 1.071050 -0.031171
v 0.518404 0.788807 -0.042344
v -0.480535 0.792263 -0.172393
v -0.163586 0.792270 -0.172393
v -0.163586 0.788813 -0.042346
v -0.480535 0.788807 -0.042344
v -0.163586 0.792270 -0.172393
v -0.219217 1.067700 -0.109310
v -0.219217 1.071150 -0.031191
v -0.163586 0.788813 -0.042346
v -0.219217 1.067700 -0.109310
v -0.424725 1.067590 -0.109310
v -0.424725 1.071050 -0.031171
v -0.219217 1.071150 -0.031191
v 0.257086 1.071150 -0.031191
v 0.201455 0.788813 -0.042346
v 0.518404 0.788807 -0.042344
v 0.462594 1.071050 -0.031171
v -0.163586 0.792270 -0.172393
v -0.480535 0.792263 -0.172393
v -0.424725 1.067590 -0.109310
v -0.219217 1.067700 -0.109310
v 0.840344 0.756594 -0.130801
v 0.840908 0.736256 -0.618359
v 0.671569 1.202160 -0.301283
v 0.659521 1.219220 -0.129697
v 0.576586 0.868095 -0.158986
v 0.144350 0.868183 -0.158986
v 0.144350 0.871093 -0.046807
v 0.576586 0.871007 -0.046779
v -0.586133 -0.012926 2.341070
v -0.567513 0.033160 2.341070
v -0.613599 0.051780 2.341070
v -0.632219 0.005694 2.341070
v 0.945747 0.337441 0.864286
v 0.890192 0.053379 0.771062
v 0.620064 0.636195 -0.241442
v 0.576586 0.868095 -0.158986
v 0.576586 0.871007 -0.046779
v 0.620064 0.633285 -0.037766
v 0.201455 0.792270 -0.172393
v 0.518404 0.792263 -0.172393
v 0.518404 0.788807 -0.042344
v 0.201455 0.788813 -0.042346
v 0.144350 0.868183 -0.158986
v 0.101248 0.636201 -0.241442
v 0.101248 0.633290 -0.037768
v 0.144350 0.871093 -0.046807
v 0.462594 1.067590 -0.109310
v 0.257086 1.067700 -0.109310
v 0.257086 1.071150 -0.031191
v 0.462594 1.071050 -0.031171
v -0.589040 0.636201 -0.241442
v -0.545937 0.868183 -0.158986
v -0.113702 0.868095 -0.158986
v -0.070223 0.636195 -0.241442
v -0.545937 0.868183 -0.158986
v -0.589040 0.636201 -0.241442
v -0.589040 0.633290 -0.037768
v -0.545937 0.871093 -0.046807
v -0.589040 0.636201 -0.241442
v -0.070223 0.636195 -0.241442
v -0.070223 0.633285 -0.037766
v -0.589040 0.633290 -0.037768
v -0.480535 0.788807 -0.042344
v -0.163586 0.788813 -0.042346
v -0.219217 1.071150 -0.031191
v -0.424725 1.071050 -0.031171
v -0.113702 0.868095 -0.158986
v -0.545937 0.868183 -0.158986
v -0.545937 0.871093 -0.046807
v -0.113702 0.871007 -0.046779
v -0.545937 0.871093 -0.046807
v -0.589040 0.633290 -0.037768
v -0.070223 0.633285 -0.037766
v -0.113702 0.871007 -0.046779
v 0.895127 0.037892 -0.525880
v 0.899760 0.026119 -0.525003
v -0.788526 -0.083426 -1.119280
v -0.563304 -0.083426 -1.119280
v -0.785256 -0.079543 -0.044552
v 0.552277 -0.086507 -1.901730
v 0.560242 -0.084966 -1.510505
v -0.664145 0.023421 2.190940
v 0.568208 -0.072009 1.042850
v 0.568208 -0.014156 1.805140
v 0.002452 -0.014156 1.805140
v -0.534119 0.025466 2.199390
v -0.823870 -0.009178 1.836560
v -0.563305 -0.072009 1.042850
v -0.782070 -0.072009 1.042850
v 0.793430 -0.083426 -1.119280
v -0.764928 0.772727 0.790978
v 0.853943 0.772733 0.790978
v 0.853943 0.769822 0.977725
v -0.764928 0.769816 0.977727
v -0.761754 0.739231 -1.285650
v -0.803320 0.749638 -1.322900
v -0.798351 0.752934 -1.266660
v -0.626676 0.702850 -1.460790
v -0.379904 0.704352 -1.520390
v -0.516199 0.703163 -1.501100
v -0.835412 0.757637 -0.105797
v -0.835441 0.756594 -0.130801
v -0.855993 0.736766 -0.105894
v 0.866237 0.699319 -0.913645
v 0.840590 0.723053 -0.907125
v -0.947687 0.456248 1.568390
v -0.919888 0.528514 1.579300
v -0.566759 1.283720 -0.294873
v -0.558932 1.297400 -0.045058
v 0.698105 1.137560 -0.577420
v 0.675997 1.161480 -0.567674
v 0.651253 1.224920 -0.298195
v 0.671569 1.202160 -0.301283
v -0.651723 1.222000 -0.105019
v -0.654618 1.219220 -0.129697
v -0.636594 1.248890 -0.043248
v -0.759893 0.936007 -0.895061
v -0.756061 0.946494 -0.906807
v -0.788526 -0.083426 -1.119280
v -0.868213 -0.050773 -0.521306
v -0.881168 -0.057288 -1.119320
v -0.785256 -0.079543 -0.044552
v -0.864373 -0.047459 -0.043939
v 0.296487 0.705123 -1.532900
v 0.300931 0.739464 -1.428210
v -0.645823 1.226200 -0.043270
v -0.949515 0.462417 -0.116080
v -0.945058 0.538239 -0.087291
v -0.949729 0.504428 0.242806
v -0.944804 0.578846 0.209225
v -0.945093 0.543711 0.011147
v -0.949988 0.467266 0.042807
v -0.941790 0.566436 -0.286572
v -0.946220 0.488604 -0.317299
v -0.830444 -0.014156 1.805140
v -0.563305 -0.014156 1.805140
v -0.823870 -0.009178 1.836560
v -0.864530 -0.043311 0.934031
v -0.863804 -0.044991 0.718475
v -0.782070 -0.072009 1.042850
v -0.864899 -0.042685 1.040680
v -0.943489 0.575197 0.041689
v -0.947887 0.497102 0.011632
v -0.948655 0.470667 1.400750
v -0.923524 0.542406 1.394190
v -0.951394 0.472660 0.213067
v -0.946967 0.548727 0.241202
v 0.002452 -0.014156 1.805140
v 0.002452 -0.009178 1.836560
v -0.834175 0.739582 -1.179840
v 1.003070 0.716666 -0.979243
v 1.111940 0.721578 -0.942578
v -0.890811 0.785000 -1.022530
v -0.976277 0.750843 -1.096080
v 0.947683 0.872443 -1.042810
v 0.914040 0.867061 -1.012200
v 0.942028 0.888151 -1.003160
v 0.958255 0.883140 -1.030530
v 1.124670 0.884928 -0.941368
v 1.130750 0.878764 -0.970596
v -0.947586 0.434595 1.403330
v -0.948655 0.470667 1.400750
v -1.171620 0.781779 -0.968726
v -1.158170 0.743067 -0.925728
v -1.167600 0.782544 -0.923306
v 0.895715 0.785000 -1.022530
v 0.872463 0.783131 -1.026530
v 0.885466 0.744566 -1.017050
v 0.903982 0.752274 -1.013370
v -1.128160 0.865950 -0.989543
v -1.171620 0.781779 -0.968726
v -1.125850 0.878764 -0.970596
v -0.953351 0.883140 -1.030530
v -0.942780 0.872443 -1.042810
v -1.142780 0.764847 -1.017320
v -0.759893 0.936007 -0.895061
v -0.874301 0.743625 -0.986049
v -0.835687 0.723053 -0.907125
v -0.975138 0.741869 -0.987481
v -0.877945 0.688110 -0.916444
v -0.998168 0.716666 -0.979243
v -0.876403 0.681660 -1.103910
v -0.869523 0.741731 -1.112470
v -0.834175 0.739582 -1.179840
v 0.882848 0.688110 -0.916444
v -0.759893 0.936007 -0.895061
v -0.867560 0.783131 -1.026530
v -0.874301 0.743625 -0.986049
v 0.217589 1.313540 -0.162165
v 0.173356 1.385920 -0.186167
v -0.975138 0.741869 -0.987481
v -0.874301 0.743625 -0.986049
v -0.880563 0.744566 -1.017050
v -0.861333 0.699319 -0.913645
v -0.880563 0.744566 -1.017050
v -0.875699 0.678714 -1.189510
v 0.942028 0.888151 -1.003160
v 0.980041 0.741869 -0.987481
v 1.111940 0.721578 -0.942578
v 1.172500 0.782544 -0.923306
v -0.880563 0.744566 -1.017050
v -0.899079 0.752274 -1.013370
v -0.975138 0.741869 -0.987481
v -1.167600 0.782544 -0.923306
v -0.937124 0.888151 -1.003160
v -1.119760 0.884928 -0.941368
v -1.107040 0.721579 -0.942578
v -1.158170 0.743067 -0.925728
v -0.975138 0.741869 -0.987481
v -0.998168 0.716666 -0.979243
v -0.899079 0.752274 -1.013370
v -0.909136 0.867061 -1.012200
v -0.890811 0.785000 -1.022530
v -0.722388 -0.000251 2.229510
v -0.697250 -0.006761 1.850760
v -0.667420 -0.045158 2.229510
v -0.535120 -0.045158 2.229510
v -0.505290 -0.006761 1.850760
v -0.480152 -0.000251 2.229510
v -0.493722 0.062091 2.229510
v -0.708817 0.062091 2.229510
v -0.798351 0.752934 -1.266660
v -0.720085 0.974327 -0.937980
v -0.681081 0.975499 -0.960395
v -0.761754 0.739231 -1.285650
v 0.945513 0.260657 -1.172310
v 0.948103 0.368712 -1.272290
v 0.945526 0.391509 -1.255050
v 0.944781 0.264972 -1.143300
v -0.722388 -0.000251 2.229510
v -0.632219 0.005694 2.341070
v -0.632454 0.032593 2.341070
v -0.628405 0.047471 2.164120
v -0.627911 -0.009112 2.164120
v -0.567513 0.033160 2.341070
v -0.571822 0.047965 2.164120
v -0.586700 0.052015 2.341070
v -0.613599 0.051780 2.341070
v -0.613033 -0.013161 2.341070
v -0.567278 0.006260 2.341070
v -0.571328 -0.008618 2.164120
v -0.586133 -0.012926 2.341070
v -0.586700 0.052015 2.341070
v -0.632454 0.032593 2.341070
v -0.613033 -0.013161 2.341070
v 0.101248 0.636201 -0.241442
v 0.620064 0.636195 -0.241442
v 0.620064 0.633285 -0.037766
v 0.101248 0.633290 -0.037768
v -0.567278 0.006260 2.341070
v -0.565413 0.079122 2.229510
v -0.637115 0.079122 2.229510
v 0.656627 1.222000 -0.105019
v 0.650727 1.226200 -0.043270
v 0.840244 0.760227 -0.043718
v 0.840316 0.757637 -0.105797
v 0.659449 1.251290 0.925313
v 0.659879 1.251480 0.965129
v 0.860215 0.799625 0.994675
v 0.860775 0.796188 0.940499
v 0.659018 1.251100 0.885498
v 0.659449 1.251290 0.925313
v 0.860775 0.796188 0.940499
v 0.861229 0.792809 0.886325
v 0.766657 0.739231 -1.285650
v 0.808223 0.749638 -1.322900
v 0.631579 0.702850 -1.460790
v 0.803254 0.752934 -1.266660
v 0.521102 0.703163 -1.501100
v 0.384807 0.704352 -1.520390
v 0.002452 1.159090 1.985576
v -0.935691 0.592725 -0.602929
v 0.641498 1.248890 -0.043248
v 0.764796 0.936007 -0.895061
v 0.760964 0.946494 -0.906807
v 0.790159 -0.079543 -0.044552
v 0.873116 -0.050773 -0.521306
v 0.869277 -0.047459 -0.043939
v 0.793430 -0.083426 -1.119280
v 0.886071 -0.057288 -1.119320
v 0.650727 1.226200 -0.043270
v 0.948330 0.535215 -0.317384
v 0.947832 0.568633 -0.119009
v 0.948392 0.575197 0.041688
v 0.951870 0.548727 0.241202
v 0.956297 0.472660 0.213067
v 0.952790 0.497102 0.011632
v 0.952722 0.493927 -0.086068
v 0.953192 0.458499 -0.286382
v 0.828774 -0.009178 1.836560
v 0.568208 -0.014156 1.805140
v 0.835347 -0.014156 1.805140
v 0.786973 -0.072009 1.042850
v 0.869433 -0.043311 0.934031
v 0.869802 -0.042685 1.040680
v 0.868707 -0.044991 0.718475
v 0.954632 0.504428 0.242806
v 0.954892 0.467266 0.042807
v 0.949997 0.543711 0.011147
v 0.949708 0.578846 0.209225
v 0.839079 0.739582 -1.179840
v -0.570525 1.334780 1.369760
v -0.552826 1.343070 0.892799
v 1.172500 0.782544 -0.923306
v -1.142780 0.764847 -1.017320
v 1.130750 0.878764 -0.970596
v 1.176530 0.781779 -0.968726
v 0.958255 0.883140 -1.030530
v -0.976277 0.750843 -1.096080
v 0.840590 0.723053 -0.907125
v 0.879204 0.743625 -0.986049
v 0.764796 0.936007 -0.895061
v 0.980041 0.741869 -0.987481
v 0.882848 0.688110 -0.916444
v 1.003070 0.716666 -0.979243
v 0.839079 0.739582 -1.179840
v 0.874426 0.741731 -1.112470
v 0.881307 0.681660 -1.103910
v 0.764796 0.936007 -0.895061
v 0.872463 0.783131 -1.026530
v 0.879204 0.743625 -0.986049
v -0.869523 0.741731 -1.112470
v 0.885466 0.744566 -1.017050
v 0.879204 0.743625 -0.986049
v 0.980041 0.741869 -0.987481
v 0.866237 0.699319 -0.913645
v 0.885466 0.744566 -1.017050
v -0.867560 0.783131 -1.026530
v 0.880603 0.678714 -1.189510
v 0.980041 0.741869 -0.987481
v 0.903982 0.752274 -1.013370
v 0.885466 0.744566 -1.017050
v 1.003070 0.716666 -0.979243
v 1.163070 0.743067 -0.925728
v 1.124670 0.884928 -0.941368
v 0.903982 0.752274 -1.013370
v 0.914040 0.867061 -1.012200
v 0.895715 0.785000 -1.022530
v 0.002452 1.374880 1.375170
v -0.654545 1.251290 0.925314
v -0.855872 0.796188 0.940500
v -0.855311 0.799625 0.994675
v -0.654976 1.251480 0.965129
v 0.860555 0.739437 -0.043922
v 0.840244 0.760227 -0.043718
v -0.829787 0.553550 2.074920
v -0.817008 0.731156 2.016270
v -0.842315 0.659320 1.986200
v 0.797969 0.773444 2.088080
v 0.806841 0.470645 2.210940
v -0.743938 0.776192 2.237960
v -0.774680 0.776279 2.191820
v 0.714525 0.730480 2.250090
v -0.793065 0.773444 2.088080
v 0.754398 0.451401 2.263910
v 0.712375 0.464311 2.267980
v -0.599473 1.194760 -0.600156
v -0.623694 1.212770 -0.546779
v 0.860215 0.799625 0.994675
v 0.659879 1.251480 0.965129
v 0.803254 0.752934 -1.266660
v 0.766657 0.739231 -1.285650
v 0.685985 0.975499 -0.960395
v 0.724989 0.974327 -0.937980
v 0.579895 1.210860 -0.578388
v 0.587349 1.230710 -0.523102
v 0.628597 1.212770 -0.546779
v 0.604377 1.194750 -0.600156
v 0.840244 0.760227 -0.043718
v 0.659018 1.251100 0.885498
v 0.861229 0.792809 0.886325
v 0.860555 0.739437 -0.043922
v -0.598299 1.278910 1.767690
v 0.002452 1.311520 1.831130
v 0.002452 1.295700 1.838930
v 0.261725 1.294169 1.828438
v 0.258697 1.306198 1.823669
v 0.002452 1.313630 -0.315395
v 0.002452 1.255120 -0.537619
v 0.894667 0.048036 1.040040
v 0.869802 -0.042685 1.040680
v 0.563835 1.297400 -0.045058
v 0.269789 1.318680 1.723780
v 0.002452 1.334870 1.730600
v 0.599884 1.287860 1.709390
v 0.603202 1.278910 1.767690
v -0.271751 1.362710 0.872929
v 0.002452 1.376980 0.858939
v -0.552826 1.343070 0.892799
v -0.855652 0.739437 -0.043922
v -0.835340 0.760227 -0.043718
v -0.582445 1.230710 -0.523102
v -0.285637 1.243790 -0.527991
v 0.002452 1.255120 -0.537619
v 0.001718 1.395430 -0.307693
v 0.001718 1.400930 -0.187541
v -0.645823 1.226200 -0.043270
v -0.835340 0.760227 -0.043718
v -0.856325 0.792810 0.886325
v -0.654114 1.251100 0.885498
v -0.599473 1.194760 -0.600156
v 0.289059 1.228710 -0.593938
v 0.579895 1.210860 -0.578388
v -0.070223 0.636195 -0.241442
v -0.113702 0.868095 -0.158986
v -0.113702 0.871007 -0.046779
v -0.070223 0.633285 -0.037766
v -0.666666 1.202160 -0.301283
v 0.698105 1.137560 -0.577420
v 0.840590 0.723053 -0.907125
v 0.764796 0.936007 -0.895061
v -0.877945 0.688110 -0.916444
v -0.861333 0.699319 -0.913645
v -0.821810 0.843906 1.679520
v -0.748919 0.934664 1.951650
v -0.708478 1.067990 1.823030
v -0.772446 0.863031 1.969860
v -0.855652 0.739437 -0.043922
v -0.670489 1.193830 1.656350
v -0.296027 0.739464 -1.428210
v -0.761754 0.739231 -1.285650
v 0.604377 1.194750 -0.600156
v 0.853943 0.772733 0.790978
v -0.764928 0.772727 0.790978
v -0.661511 1.004630 0.881565
v 0.751438 1.004710 0.881565
v -0.659999 1.244710 1.361380
v -0.654976 1.251480 0.965129
v -0.855311 0.799625 0.994675
v -0.848267 0.824424 1.357060
v 0.753823 0.934664 1.951650
v 0.777349 0.863031 1.969860
v 0.713381 1.067990 1.823030
v 0.650727 1.226200 -0.043270
v -0.563305 -0.014156 1.805140
v 0.552277 -0.086507 -1.901730
v 0.568209 0.327656 -1.752210
v -0.547374 -0.086507 -1.901730
v -0.563306 0.327656 -1.752210
v -0.318140 1.145975 1.968630
v -0.318140 1.145975 1.968630
vn -0.9829 -0.1821 0.0275
vn -0.9854 -0.1608 0.0563
vn -0.9816 -0.1869 0.0384
vn -0.9857 -0.1663 0.0259
vn -0.9902 -0.1368 0.0280
vn -0.9982 0.0556 -0.0223
vn -0.9998 0.0048 -0.0170
vn -1.0000 -0.0011 -0.0053
vn -0.9988 0.0487 -0.0081
vn -0.9224 0.3839 -0.0433
vn -0.9023 0.4304 -0.0250
vn -0.8992 0.4370 -0.0231
vn -0.8823 0.3390 0.3266
vn -0.6693 0.2798 0.6883
vn -0.9391 0.3426 -0.0282
vn 0.9968 0.0761 -0.0249
vn 0.9930 0.1153 -0.0274
vn 0.9942 0.1040 -0.0266
vn 0.9982 0.0553 -0.0225
vn -0.9968 0.0763 -0.0243
vn 0.0943 0.7842 0.6133
vn 0.0746 0.9876 0.1384
vn 0.0515 0.9878 0.1473
vn 0.0465 0.7865 0.6159
vn 0.4928 0.8689 -0.0458
vn 0.4678 0.8829 -0.0410
vn 0.4666 0.8835 -0.0411
vn -0.9898 -0.1349 0.0450
vn 0.9651 0.2102 0.1560
vn 0.9736 0.2143 0.0781
vn 0.9581 0.2704 0.0943
vn 0.9477 0.2758 0.1606
vn 0.1012 -0.8547 0.5091
vn 0.1887 -0.7072 0.6814
vn -0.5657 -0.7774 -0.2749
vn -0.3641 -0.7519 -0.5496
vn -0.6601 0.7458 -0.0899
vn -0.7634 0.6177 -0.1889
vn -0.4983 0.8633 -0.0801
vn -0.8086 0.5729 -0.1341
vn 0.9357 0.0603 -0.3475
vn 0.4353 -0.5218 0.7336
vn 0.5657 -0.7775 -0.2749
vn 0.6086 -0.0397 -0.7925
vn -0.0382 0.9495 -0.3116
vn -0.0457 0.9529 -0.2999
vn -0.0000 0.9507 -0.3102
vn 0.9023 0.4304 -0.0250
vn 0.8992 0.4370 -0.0231
vn 0.9007 0.4342 -0.0126
vn 0.9007 0.4343 -0.0126
vn 0.8735 0.4869 -0.0039
vn 0.8755 0.4833 0.0003
vn 0.8656 0.5008 -0.0007
vn 0.8723 0.4889 -0.0038
vn -0.1173 0.4078 0.9055
vn -0.0372 0.4144 0.9093
vn -0.0465 0.7865 0.6159
vn -0.0943 0.7842 0.6133
vn 0.9584 0.1914 0.2118
vn 0.9659 0.1052 0.2366
vn 0.9760 0.1448 0.1625
vn -0.9152 0.4031 -0.0000
vn -0.0000 -0.0673 0.9977
vn -0.9909 0.1273 -0.0430
vn -0.9557 0.2937 -0.0216
vn -0.9526 0.3036 -0.0202
vn -0.6803 0.7321 -0.0332
vn -0.6896 0.7235 -0.0306
vn -0.6895 0.7236 -0.0306
vn -0.9839 0.1768 0.0276
vn -0.9687 0.2478 0.0145
vn -0.9732 0.2291 0.0180
vn -0.0000 -0.0000 1.0000
vn -0.1043 -0.8010 0.5896
vn -0.0946 -0.4321 0.8969
vn -0.1062 -0.2201 0.9697
vn -0.1169 -0.2413 0.9634
vn 0.5592 0.8246 -0.0860
vn 0.3758 0.9210 -0.1030
vn 0.4346 0.9000 -0.0345
vn 0.5860 0.8097 -0.0302
vn 0.7317 0.6783 -0.0668
vn 0.7217 0.6918 -0.0250
vn 1.0000 -0.0000 -0.0000
vn -0.7315 0.6376 -0.2417
vn -0.6800 0.6994 -0.2201
vn -0.6284 0.7613 -0.1597
vn -0.7327 0.6368 -0.2401
vn 0.6284 0.7613 -0.1597
vn 0.3389 0.9228 -0.1833
vn 0.5795 0.4983 0.6450
vn 0.5733 0.5109 0.6405
vn 0.5595 0.4494 0.6964
vn 0.5549 0.4387 0.7069
vn 0.0536 0.9666 -0.2507
vn 0.0532 0.9671 -0.2488
vn -0.0000 0.9756 -0.2195
vn -0.9437 -0.3303 0.0154
vn -0.9653 -0.2604 0.0208
vn -0.9425 -0.3339 0.0155
vn -0.9686 -0.2481 0.0151
vn -0.9652 -0.2604 0.0260
vn 0.9839 0.1768 0.0276
vn 0.9732 0.2291 0.0180
vn 0.9687 0.2478 0.0145
vn 0.8974 0.4322 0.0883
vn 0.7623 0.6388 0.1038
vn 0.8264 0.5531 0.1057
vn 0.8677 0.4737 0.1509
vn -0.3543 0.9342 -0.0425
vn -0.4666 0.8835 -0.0411
vn -0.3516 0.9352 -0.0427
vn -0.4424 0.8961 -0.0362
vn -0.4678 0.8829 -0.0410
vn 0.9988 0.0486 -0.0080
vn 0.9952 0.0977 -0.0110
vn 0.9912 0.1323 0.0030
vn 0.9978 0.0662 0.0036
vn 1.0000 -0.0012 -0.0052
vn 1.0000 0.0029 0.0041
vn 0.9804 -0.1969 0.0074
vn 0.9806 -0.1957 0.0073
vn 0.9793 -0.2021 0.0076
vn 0.9793 -0.2022 0.0076
vn 0.9979 0.0510 0.0396
vn -0.4654 0.1279 0.8758
vn -0.8837 0.1307 0.4495
vn -0.8335 0.0629 0.5490
vn -0.4371 0.0647 0.8971
vn -0.7367 0.6762 -0.0106
vn -0.7640 0.6442 0.0368
vn -0.6717 0.7398 0.0384
vn -0.6193 0.7850 -0.0136
vn -0.0329 0.8247 -0.5647
vn -0.5603 0.7306 -0.3902
vn -0.1597 0.8004 0.5778
vn 0.4849 0.7991 0.3553
vn -0.9082 0.4185 -0.0008
vn -0.9050 0.4254 -0.0072
vn -0.9030 0.4294 -0.0114
vn -0.9981 0.0487 -0.0390
vn -0.9930 0.0954 -0.0696
vn -0.9989 0.0444 -0.0144
vn -0.9919 0.0927 -0.0868
vn 0.9434 0.3136 0.1079
vn 0.9430 0.3174 0.0996
vn 0.9558 0.2079 0.2079
vn 0.9535 0.2269 0.1983
vn -0.9147 0.4034 0.0240
vn -0.8259 0.5633 -0.0259
vn -0.9157 0.4010 0.0247
vn -0.8279 0.5604 -0.0228
vn 0.9527 0.3040 -0.0027
vn 0.9528 0.3037 -0.0030
vn 0.9784 0.1975 -0.0608
vn 0.9788 0.1954 -0.0613
vn -0.6616 0.7066 -0.2511
vn -0.7365 0.6731 -0.0669
vn -0.7357 0.6748 -0.0583
vn -0.7080 0.6904 -0.1483
vn -0.9990 -0.0360 -0.0273
vn -0.9990 -0.0345 -0.0270
vn -0.3758 0.9210 -0.1030
vn -0.3389 0.9228 -0.1833
vn -0.5592 0.8246 -0.0860
vn 0.9993 -0.0336 -0.0146
vn 0.9996 -0.0297 0.0007
vn 0.9993 -0.0337 -0.0150
vn 0.9992 -0.0344 0.0184
vn 0.9992 -0.0347 0.0194
vn 0.9990 -0.0360 -0.0273
vn -0.9093 0.4056 0.0926
vn -0.9071 0.4014 0.1266
vn -0.9136 0.3884 0.1201
vn -0.9107 0.4061 0.0759
vn -0.9835 0.1803 0.0118
vn -0.9912 0.1323 0.0030
vn -0.9978 0.0662 0.0036
vn -0.9951 0.0978 0.0126
vn 0.9838 0.1643 0.0717
vn 0.2186 0.1853 0.9581
vn -0.8801 0.3872 0.2747
vn -0.9405 0.3005 0.1585
vn -0.8533 0.3747 0.3626
vn -0.9989 0.0440 0.0160
vn -0.9998 0.0191 0.0105
vn -0.9997 0.0237 0.0096
vn 0.8837 0.1307 0.4495
vn 0.9681 0.1051 0.2273
vn 0.9661 0.1409 0.2162
vn 0.9642 0.1639 0.2084
vn 0.9822 0.1840 0.0386
vn 0.9906 0.1314 0.0370
vn 0.9601 0.1480 0.2374
vn 0.3641 -0.7519 -0.5496
vn 0.1880 0.1720 -0.9670
vn -0.9156 0.2441 0.3194
vn -0.6938 -0.4037 -0.5963
vn -0.4429 0.7578 -0.4791
vn -0.0386 0.3320 -0.9425
vn 0.0001 -0.5969 -0.8023
vn 0.6737 0.7356 0.0715
vn 0.6717 0.7398 0.0384
vn 0.5733 0.8184 0.0388
vn 0.6193 0.7850 -0.0136
vn 0.4824 0.8756 -0.0222
vn 0.7367 0.6762 -0.0106
vn 0.7640 0.6442 0.0368
vn -0.6737 0.7356 0.0715
vn -0.7631 0.6386 0.0991
vn -0.7752 0.6098 0.1652
vn 0.9909 0.1272 -0.0430
vn 0.9526 0.3035 -0.0202
vn 0.9557 0.2936 -0.0216
vn -0.0553 0.9871 -0.1502
vn -0.0597 0.9968 -0.0533
vn -0.0516 0.9971 -0.0553
vn -0.0492 0.9861 -0.1589
vn 0.6896 0.7235 -0.0306
vn 0.6895 0.7236 -0.0306
vn 0.7924 0.6099 -0.0104
vn 0.7088 0.7048 -0.0278
vn 0.7978 0.4252 0.4273
vn 0.7802 0.4087 0.4734
vn 0.8533 0.3747 0.3626
vn 0.8801 0.3872 0.2747
vn -0.1380 0.3772 0.9158
vn -0.0509 0.7301 0.6815
vn -0.0022 0.7517 0.6595
vn -0.0945 0.3984 0.9123
vn 0.5392 0.4034 0.7393
vn -0.5794 0.4983 0.6450
vn -0.5549 0.4387 0.7069
vn -0.5595 0.4494 0.6964
vn -0.5733 0.5109 0.6405
vn 0.0002 0.9998 -0.0192
vn 0.0002 1.0000 0.0009
vn -0.0002 1.0000 0.0009
vn -0.0000 0.9998 -0.0192
vn -0.1235 -0.9900 0.0680
vn -0.4084 0.8617 -0.3011
vn -0.9337 0.3459 0.0926
vn -0.8799 0.4291 0.2038
vn -0.9854 -0.1333 -0.1062
vn -0.9801 -0.1959 -0.0311
vn -0.9718 -0.2266 -0.0656
vn -0.9897 -0.1386 -0.0350
vn 0.9835 0.1803 0.0118
vn 0.9951 0.0978 0.0126
vn -0.8068 0.5904 -0.0226
vn -0.3582 0.9321 -0.0536
vn -0.8184 0.5740 -0.0271
vn -0.3513 0.9347 -0.0539
vn -0.6932 -0.4915 -0.5271
vn -0.8964 0.4234 -0.1310
vn 0.5852 0.5691 -0.5776
vn 0.9399 -0.3410 0.0203
vn -0.9822 0.1840 0.0386
vn -0.9906 0.1314 0.0370
vn -0.9838 0.1643 0.0717
vn -0.9736 0.2143 0.0781
vn 0.9468 -0.3218 0.0056
vn 0.9506 -0.3105 0.0068
vn 0.9589 -0.2838 0.0060
vn 0.9588 -0.2841 0.0061
vn -0.0000 0.0379 0.9993
vn 0.9997 -0.0191 -0.0123
vn 0.9997 -0.0189 -0.0123
vn 0.9999 -0.0115 -0.0124
vn 0.9898 0.1407 0.0225
vn 0.9788 0.2038 0.0218
vn 0.9712 0.2350 0.0397
vn 0.9082 0.4185 -0.0008
vn 0.9050 0.4254 -0.0072
vn 0.9111 0.4114 0.0234
vn 0.9112 0.4112 0.0246
vn -0.8754 0.4833 0.0003
vn -0.8656 0.5008 -0.0007
vn -0.9898 0.1407 0.0225
vn -0.9958 0.0901 0.0190
vn -0.9968 -0.0778 -0.0190
vn -0.9967 -0.0766 -0.0256
vn -0.9477 0.2691 0.1715
vn -0.9508 0.2645 0.1613
vn -0.9477 0.2758 0.1606
vn -0.9981 0.0604 -0.0080
vn -0.9981 0.0607 -0.0082
vn -0.9981 0.0613 -0.0081
vn -0.9981 0.0610 -0.0080
vn -0.9649 0.1677 0.2022
vn -0.9653 0.2053 0.1617
vn -0.9648 0.0884 0.2476
vn 0.8550 0.0453 0.5166
vn 0.8870 0.0594 0.4579
vn 0.6937 0.0375 0.7193
vn -0.8297 0.5519 0.0837
vn -0.9077 0.4099 0.0903
vn -0.8620 0.4811 0.1600
vn -0.8588 0.0552 0.5094
vn -0.9633 0.1088 0.2456
vn -0.8987 0.0469 0.4360
vn 0.9412 -0.3379 0.0058
vn 0.9412 -0.3378 0.0057
vn -0.9601 0.1480 0.2374
vn -0.9558 0.2079 0.2079
vn -0.9535 0.2269 0.1983
vn -0.0000 -1.0000 0.0038
vn -0.0000 -1.0000 0.0037
vn -0.0000 -1.0000 0.0053
vn -0.9993 -0.0337 -0.0150
vn -0.9993 -0.0336 -0.0146
vn -0.5860 0.8097 -0.0302
vn -0.4346 0.9000 -0.0345
vn 0.9829 -0.1821 0.0275
vn 0.9857 -0.1663 0.0259
vn -0.9138 0.4058 0.0173
vn -0.9185 0.3953 -0.0093
vn -0.9166 0.3998 -0.0060
vn -0.9137 0.4062 0.0151
vn 0.9144 0.3821 0.1338
vn 0.8263 0.5201 0.2163
vn 0.8746 0.4370 0.2101
vn -0.9156 0.3889 0.1026
vn -0.9231 0.3653 0.1203
vn -0.9224 0.3646 0.1273
vn -0.9195 0.3817 0.0938
vn -0.9188 0.3944 -0.0143
vn -0.9260 0.3771 -0.0177
vn -0.9166 0.3994 -0.0176
vn -0.9262 0.3767 -0.0177
vn 0.9129 0.4016 0.0732
vn 0.9138 0.4058 0.0173
vn 0.9136 0.4062 0.0151
vn 0.9138 0.4024 0.0555
vn -0.9133 0.3934 0.1058
vn -0.9138 0.4024 0.0555
vn -0.9129 0.4016 0.0732
vn -0.9129 0.3951 0.1031
vn -0.9101 0.4066 0.0802
vn -0.9093 0.4046 0.0968
vn -0.9202 0.3913 -0.0118
vn -0.8213 0.5698 -0.0287
vn -0.8213 0.5698 -0.0276
vn 0.9854 -0.1608 0.0563
vn 0.9902 -0.1368 0.0279
vn 0.9816 -0.1869 0.0384
vn -0.9804 -0.1969 0.0074
vn -0.9806 -0.1957 0.0073
vn 0.1020 0.9824 0.1566
vn 0.0959 0.9866 0.1317
vn 0.9222 0.3844 -0.0432
vn 0.8821 0.3395 0.3265
vn 0.9388 0.3432 -0.0286
vn 0.6691 0.2801 0.6883
vn -0.9408 0.3372 -0.0361
vn 0.2286 0.5524 -0.8016
vn 0.8600 0.4885 0.1477
vn -0.6937 0.0376 0.7193
vn 0.9898 -0.1349 0.0450
vn -0.9981 0.0328 0.0521
vn 0.4983 0.8633 -0.0801
vn 0.7634 0.6177 -0.1889
vn 0.6601 0.7458 -0.0899
vn 0.9919 0.0927 -0.0868
vn 0.9930 0.0954 -0.0696
vn 0.8086 0.5729 -0.1341
vn 0.1615 -0.9556 0.2463
vn 0.2359 -0.9714 0.0273
vn 0.2372 -0.9712 0.0227
vn 0.2005 -0.7805 0.5921
vn -0.9147 0.4039 -0.0151
vn 0.6364 0.1910 0.7474
vn 0.4654 0.1279 0.8758
vn 0.9047 0.1913 0.3807
vn -0.9278 0.3722 0.0243
vn -0.0002 0.9993 -0.0380
vn 0.0003 0.9993 -0.0381
vn 0.9165 0.4000 -0.0000
vn 0.5598 0.8275 -0.0439
vn 0.9047 0.4252 0.0260
vn 0.8011 0.5984 -0.0096
vn -0.0702 0.9956 0.0629
vn -0.0859 0.9939 0.0691
vn -0.0959 0.9866 0.1317
vn -0.0746 0.9876 0.1384
vn -0.7317 0.6783 -0.0668
vn -0.0515 0.9878 0.1473
vn -0.0547 0.9967 0.0604
vn 0.7315 0.6376 -0.2417
vn 0.6800 0.6994 -0.2201
vn 0.7327 0.6368 -0.2401
vn -0.3916 0.8452 0.3637
vn -0.6040 0.7726 -0.1954
vn -0.9275 0.3738 -0.0001
vn -0.9255 0.3788 -0.0005
vn -0.9412 -0.3379 0.0058
vn -0.9412 -0.3378 0.0057
vn 0.9686 -0.2481 0.0151
vn 0.9653 -0.2605 0.0208
vn 0.9652 -0.2604 0.0260
vn 0.9437 -0.3303 0.0154
vn 0.9425 -0.3339 0.0155
vn -0.8723 0.4890 -0.0038
vn -0.8735 0.4869 -0.0039
vn 0.9157 0.4010 0.0247
vn 0.9147 0.4034 0.0240
vn 0.9093 0.4046 0.0968
vn 0.9101 0.4066 0.0802
vn 0.4425 0.8961 -0.0362
vn 0.3543 0.9342 -0.0425
vn 0.3516 0.9352 -0.0427
vn -0.9008 0.4342 -0.0126
vn -0.9007 0.4343 -0.0126
vn 0.9030 0.4294 -0.0114
vn 0.8245 0.4738 0.3094
vn -0.1277 -0.4577 -0.8799
vn -0.1265 -0.8467 -0.5169
vn -0.1462 -0.2451 -0.9584
vn -0.1435 -0.2395 -0.9602
vn 0.0528 0.9983 -0.0241
vn 0.0633 0.9978 -0.0219
vn 0.0597 0.9968 -0.0533
vn 0.0516 0.9971 -0.0553
vn -0.8171 0.4785 0.3216
vn -0.8006 0.5507 0.2362
vn -0.9979 0.0510 0.0396
vn 0.4401 0.7592 -0.4795
vn 0.6954 -0.4019 -0.5957
vn -0.9581 0.2704 0.0943
vn 0.9981 0.0487 -0.0390
vn 0.9989 0.0444 -0.0144
vn -0.7978 0.4252 0.4273
vn -0.7802 0.4087 0.4735
vn -0.9802 -0.1979 0.0089
vn -0.9803 -0.1972 0.0100
vn 0.8259 0.5633 -0.0259
vn 0.8279 0.5604 -0.0228
vn -0.9788 0.2038 0.0218
vn 0.9990 -0.0344 -0.0271
vn -0.9992 -0.0347 0.0194
vn -0.9991 -0.0342 0.0232
vn -0.9994 -0.0312 0.0166
vn -0.9992 -0.0343 0.0184
vn -0.0532 0.9671 -0.2488
vn -0.1444 0.9309 -0.3355
vn -0.1248 0.9382 -0.3229
vn -0.0536 0.9666 -0.2507
vn -0.9807 0.1956 -0.0000
vn -0.9942 0.1043 -0.0264
vn -0.9929 0.1155 -0.0268
vn -0.9788 0.1955 -0.0613
vn -0.9784 0.1975 -0.0608
vn 0.9093 0.4056 0.0926
vn 0.9071 0.4014 0.1266
vn 0.9107 0.4061 0.0759
vn 0.9136 0.3884 0.1201
vn -0.9712 0.2350 0.0397
vn -0.9112 0.4112 0.0246
vn -0.9111 0.4114 0.0234
vn 0.9405 0.3005 0.1585
vn 0.9997 0.0237 0.0096
vn 0.9998 0.0191 0.0105
vn 0.9989 0.0440 0.0160
vn 0.9996 -0.0261 0.0056
vn 0.9991 -0.0342 0.0232
vn 0.9994 -0.0312 0.0166
vn 0.9981 0.0610 -0.0082
vn 0.9981 0.0604 -0.0081
vn 0.9981 0.0608 -0.0080
vn 0.9981 0.0613 -0.0081
vn 0.0702 0.9956 0.0629
vn 0.0859 0.9939 0.0691
vn 0.0745 0.9971 -0.0186
vn 0.9157 0.2441 0.3193
vn -0.9996 -0.0261 0.0056
vn -0.0000 -0.5464 0.8375
vn -0.0419 0.2968 0.9540
vn -0.4257 0.7615 0.4888
vn -0.6932 -0.3442 0.6333
vn -0.1117 0.1159 0.9870
vn -0.1025 0.0638 0.9927
vn -0.9468 -0.3218 0.0056
vn -0.9588 -0.2841 0.0061
vn -0.9589 -0.2838 0.0060
vn -0.9506 -0.3105 0.0068
vn -0.9627 -0.2704 0.0039
vn 0.1380 0.3772 0.9158
vn 0.0509 0.7301 0.6815
vn 0.0945 0.3984 0.9123
vn 0.0022 0.7517 0.6595
vn -0.0000 0.4245 0.9054
vn -0.5392 0.4034 0.7393
vn -0.0038 -0.9966 0.0829
vn -0.0015 -0.9963 0.0857
vn 0.0029 -0.9963 0.0862
vn 0.8039 0.5808 0.1279
vn -0.9742 0.1438 0.1742
vn 0.9854 -0.1333 -0.1062
vn 0.9801 -0.1959 -0.0311
vn 0.9897 -0.1386 -0.0350
vn 0.9718 -0.2266 -0.0656
vn -0.0000 0.3350 -0.9422
vn 0.3582 0.9321 -0.0536
vn 0.8068 0.5904 -0.0226
vn 0.8184 0.5740 -0.0271
vn 0.3513 0.9347 -0.0539
vn -1.0000 0.0029 0.0041
vn -0.9793 -0.2022 0.0076
vn -0.9793 -0.2021 0.0076
vn 0.9958 0.0901 0.0190
vn 0.9967 -0.0766 -0.0256
vn 0.9968 -0.0778 -0.0190
vn 0.9508 0.2644 0.1613
vn 0.9477 0.2691 0.1715
vn 0.9611 0.1007 0.2573
vn -0.7217 0.6918 -0.0250
vn -0.0000 -1.0000 0.0039
vn 0.0615 0.9873 -0.1467
vn 0.0571 0.9703 -0.2350
vn 0.0530 0.9686 -0.2431
vn 0.0553 0.9871 -0.1502
vn 0.9185 0.3953 -0.0093
vn 0.9166 0.3998 -0.0060
vn 0.9155 0.3889 0.1026
vn 0.9231 0.3653 0.1203
vn 0.9195 0.3818 0.0938
vn 0.9224 0.3646 0.1273
vn 0.9260 0.3771 -0.0177
vn 0.9188 0.3944 -0.0143
vn 0.9166 0.3994 -0.0176
vn 0.9262 0.3767 -0.0177
vn 0.9133 0.3934 0.1058
vn 0.9128 0.3951 0.1031
vn 0.9202 0.3913 -0.0118
vn 0.8213 0.5698 -0.0287
vn 0.8213 0.5698 -0.0277
vn -0.1423 -0.2457 0.9588
vn -0.1459 -0.2517 0.9568
vn -0.0303 -0.0565 0.9979
vn 0.1235 -0.9900 0.0680
vn 0.1827 -0.6662 0.7231
vn -0.0594 -0.8488 -0.5254
vn -0.1914 -0.9739 -0.1217
vn -0.1894 -0.7735 -0.6049
vn -0.0004 -0.0062 -1.0000
vn -0.1042 -0.2188 -0.9702
vn -0.0000 -0.0015 -1.0000
vn -0.0007 -0.0077 -1.0000
vn -0.0167 -0.0565 -0.9983
vn -0.1205 -0.2546 -0.9595
vn -0.1004 -0.4868 -0.8677
vn 0.1205 -0.2546 -0.9595
vn 0.1042 -0.2188 -0.9702
vn 0.1894 -0.7735 -0.6049
vn 0.1004 -0.4868 -0.8677
vn -0.2005 -0.7806 0.5921
vn -0.0507 -0.7787 0.6253
vn -0.1373 -0.4820 0.8654
vn 0.1043 -0.8010 0.5896
vn 0.1169 -0.2413 0.9634
vn 0.1062 -0.2201 0.9697
vn 0.0946 -0.4321 0.8969
vn 0.0092 -0.7156 0.6985
vn -0.0075 -0.9172 0.3983
vn -0.0806 -0.9907 0.1093
vn 0.0066 -0.7925 -0.6098
vn -0.0443 -0.9864 -0.1583
vn -0.0000 0.0482 -0.9988
vn 0.1462 -0.2451 -0.9584
vn 0.1265 -0.8467 -0.5169
vn 0.1277 -0.4577 -0.8799
vn 0.1435 -0.2395 -0.9602
vn -0.0064 0.0060 1.0000
vn -0.0059 0.0129 0.9999
vn -0.0000 0.0738 0.9973
vn 0.0303 -0.0565 0.9979
vn 0.1459 -0.2517 0.9568
vn 0.1423 -0.2457 0.9588
vn -0.9997 -0.0191 -0.0123
vn -0.9999 -0.0115 -0.0124
vn -0.9997 -0.0189 -0.0123
vn 0.1914 -0.9739 -0.1217
vn 0.0594 -0.8488 -0.5254
vn -0.2372 -0.9712 0.0227
vn -0.2359 -0.9714 0.0273
vn -0.1615 -0.9556 0.2463
vn 0.0004 -0.0062 -1.0000
vn 0.0167 -0.0565 -0.9983
vn 0.0007 -0.0077 -1.0000
vn 0.1297 -0.5022 0.8550
vn 0.0527 -0.6797 0.7316
vn 0.0508 -0.7769 0.6275
vn -0.0092 -0.7156 0.6985
vn 0.0075 -0.9172 0.3983
vn -1.0000 -0.0000 -0.0000
vn 0.0806 -0.9907 0.1093
vn -0.0066 -0.7925 -0.6098
vn 0.0443 -0.9864 -0.1583
vn 0.0059 0.0129 0.9999
vn 0.0064 0.0060 1.0000
vn -0.0010 0.9993 -0.0378
vn -0.0000 0.9992 0.0402
vn 0.0006 1.0000 -0.0002
vn -0.0006 1.0000 -0.0002
vn -0.0000 0.2233 -0.9748
vn -0.0000 -1.0000 0.0071
vn -0.0000 -0.9991 0.0413
vn -0.9805 0.1963 -0.0000
vn -0.0001 0.9997 -0.0259
vn 0.9805 0.1963 -0.0000
vn -0.0000 -0.9996 -0.0266
vn 0.9807 0.1956 -0.0000
vn -0.0005 0.9990 -0.0442
vn -0.0001 -0.0395 0.9992
vn 0.0002 0.9997 -0.0259
vn 0.9803 -0.1972 0.0100
vn 0.9802 -0.1979 0.0089
vn 0.9833 0.1821 -0.0000
vn -0.9836 0.1805 -0.0000
vn 0.0005 0.9990 -0.0442
vn -0.0000 -0.9999 -0.0143
vn 0.0001 -0.0395 0.9992
vn 0.9275 0.3738 -0.0001
vn 0.9255 0.3788 -0.0005
vn -0.0000 -1.0000 0.0036
vn -0.0000 -0.4331 0.9014
vn -0.0000 -0.9971 0.0757
vn 0.0049 -0.9947 0.1022
vn 0.0023 -0.9954 0.0960
vn -0.0000 -0.9958 0.0916
vn -0.0000 -0.4330 0.9014
vn -0.0000 -1.0000 0.0069
vn -0.0000 -0.9999 -0.0156
vn 0.2108 0.9740 -0.0834
vn 0.2727 0.9614 -0.0357
vn 0.3114 0.9467 -0.0830
vn -0.0734 0.9637 -0.2568
vn -0.0526 0.9482 -0.3133
vn -0.0765 0.9616 -0.2636
vn -0.8011 0.5984 -0.0096
vn -0.7924 0.6099 -0.0104
vn -0.7088 0.7048 -0.0278
vn 0.6803 0.7321 -0.0332
vn -0.9434 0.3136 0.1079
vn -0.9430 0.3174 0.0996
vn -0.0615 0.9873 -0.1467
vn -0.0677 0.9964 -0.0514
vn 0.6616 0.7066 -0.2511
vn 0.7080 0.6904 -0.1483
vn 0.7357 0.6748 -0.0583
vn 0.7365 0.6731 -0.0669
vn -0.9047 0.4252 0.0260
vn -0.5596 0.8276 -0.0439
vn -0.9093 0.4133 0.0486
vn -0.9336 0.3584 0.0019
vn -0.9366 0.3503 0.0072
vn -0.2788 -0.9602 0.0153
vn -0.3479 -0.9375 0.0053
vn -0.2715 -0.9623 0.0164
vn -0.3731 -0.9278 0.0062
vn -0.3758 -0.9267 0.0064
vn 0.0382 0.9495 -0.3116
vn 0.0457 0.9529 -0.2999
vn -0.9245 0.3760 0.0628
vn -0.9980 0.0620 -0.0086
vn -0.9980 0.0620 -0.0076
vn -0.9981 0.0613 -0.0097
vn -0.9981 0.0609 -0.0096
vn -0.9981 0.0603 -0.0096
vn -0.9981 0.0607 -0.0098
vn -0.9982 0.0598 -0.0076
vn -0.9982 0.0598 -0.0086
vn -0.0000 -0.9877 0.1565
vn -0.3371 -0.9414 0.0068
vn -0.3532 -0.9355 0.0060
vn -0.3354 -0.9420 0.0057
vn -0.3338 -0.9426 0.0044
vn -0.9982 0.0597 -0.0091
vn -0.9982 0.0597 -0.0101
vn -0.9527 0.3040 -0.0027
vn -0.9528 0.3037 -0.0030
vn -0.9980 0.0619 -0.0102
vn -0.9980 0.0619 -0.0092
vn -0.9376 0.3478 0.0047
vn -0.1012 -0.8547 0.5091
vn -0.1887 -0.7072 0.6814
vn 0.6040 0.7726 -0.1954
vn -0.1880 0.1720 -0.9670
vn -0.2286 0.5524 -0.8016
vn -0.8600 0.4885 0.1477
vn -0.4849 0.7991 0.3553
vn 0.0329 0.8247 -0.5647
vn 0.1598 0.8004 0.5778
vn 0.5603 0.7307 -0.3902
vn -0.9996 -0.0297 0.0007
vn -0.9357 0.0603 -0.3476
vn -0.4354 -0.5218 0.7336
vn -0.5557 0.1965 0.8078
vn -0.2186 0.1853 0.9581
vn -0.5852 0.5691 -0.5776
vn -0.7871 -0.2655 0.5568
vn -0.3792 0.6482 0.6604
vn 0.5640 0.7688 0.3014
vn 0.8964 0.4235 -0.1309
vn -0.9398 -0.3411 0.0202
vn -0.8352 0.2701 0.4790
vn -0.4759 0.6337 0.6099
vn -0.7691 0.4163 0.4848
vn -0.2115 0.6181 0.7571
vn -0.3398 0.7228 0.6017
vn -0.2916 0.5273 0.7981
vn -0.9109 0.3159 -0.2656
vn -0.7739 0.4743 -0.4197
vn -0.8103 0.5215 -0.2673
vn -0.1827 -0.6662 0.7231
vn -0.7628 0.6365 -0.1141
vn -0.7947 0.6031 -0.0684
vn -0.8939 0.3861 0.2279
vn 0.6949 -0.3421 0.6325
vn 0.4228 0.7629 0.4891
vn -0.0179 0.9993 0.0339
vn -0.5987 0.6310 0.4933
vn -0.9138 0.3561 0.1954
vn -0.8239 0.5662 -0.0263
vn -0.3199 0.0182 0.9473
vn -0.3198 0.0182 0.9473
vn -0.3198 0.0183 0.9473
vn -0.3199 0.0181 0.9473
vn 0.2836 0.2379 0.9290
vn 0.3199 0.0181 0.9473
vn 0.3199 0.0182 0.9473
vn 0.3202 0.0175 0.9472
vn 0.3198 0.0183 0.9473
vn 0.3199 0.0183 0.9473
vn 0.3198 0.0182 0.9473
vn 0.3198 0.0174 0.9473
vn 0.3937 0.0251 0.9189
vn 0.3446 0.0206 0.9385
vn 0.6480 0.0490 0.7601
vn -0.7693 -0.2578 0.5846
vn -0.6013 -0.0515 -0.7973
vn -0.2488 -0.7509 0.6118
vn 0.2488 -0.7509 0.6118
vn 0.4373 -0.0560 -0.8976
vn 0.7693 -0.2579 0.5846
vn 0.5773 0.6060 0.5472
vn -0.5163 0.6485 0.5593
vn -0.1587 0.8266 -0.5399
vn -0.2325 0.8402 -0.4898
vn -0.2130 0.8375 -0.5033
vn 0.9981 0.0329 0.0521
vn -0.7185 -0.2873 0.6334
vn -0.7234 0.2747 0.6334
vn -0.5774 0.5674 -0.5871
vn -0.5674 -0.5774 -0.5871
vn 0.7185 0.2873 0.6334
vn 0.5674 0.5774 -0.5871
vn 0.2747 0.7234 0.6334
vn -0.2873 0.7185 0.6334
vn -0.2747 -0.7234 0.6334
vn 0.7234 -0.2747 0.6334
vn 0.5774 -0.5674 -0.5871
vn 0.2873 -0.7185 0.6334
vn 0.0825 0.7928 0.6038
vn -0.0309 0.8008 0.5981
vn 0.9278 0.3722 0.0243
vn 0.9145 0.4043 -0.0143
vn 0.9147 0.4038 -0.0151
vn -0.2108 0.9740 -0.0834
vn -0.2727 0.9614 -0.0357
vn 0.0734 0.9637 -0.2568
vn -0.3114 0.9467 -0.0830
vn 0.0765 0.9616 -0.2636
vn 0.0526 0.9482 -0.3133
vn -0.9951 0.0978 -0.0110
vn 0.9093 0.4133 0.0486
vn 0.9335 0.3584 0.0019
vn 0.9366 0.3503 0.0072
vn 0.3731 -0.9278 0.0062
vn 0.3479 -0.9375 0.0053
vn 0.3757 -0.9267 0.0064
vn 0.2788 -0.9602 0.0153
vn 0.2715 -0.9623 0.0164
vn 0.9245 0.3760 0.0628
vn 0.9982 0.0598 -0.0076
vn 0.9980 0.0620 -0.0076
vn 0.9981 0.0607 -0.0095
vn 0.9981 0.0613 -0.0096
vn 0.9981 0.0609 -0.0098
vn 0.9981 0.0603 -0.0097
vn 0.9980 0.0619 -0.0086
vn 0.9982 0.0598 -0.0086
vn 0.3354 -0.9420 0.0057
vn 0.3371 -0.9414 0.0068
vn 0.3338 -0.9426 0.0044
vn 0.3532 -0.9355 0.0060
vn 0.9980 0.0619 -0.0102
vn 0.9982 0.0597 -0.0101
vn 0.9982 0.0597 -0.0091
vn 0.9980 0.0619 -0.0092
vn 0.9376 0.3478 0.0047
vn -0.5733 0.8184 0.0388
vn -0.4824 0.8756 -0.0222
vn 0.5557 0.1965 0.8078
vn -0.6085 -0.0396 -0.7925
vn 0.3791 0.6482 0.6604
vn 0.7871 -0.2655 0.5568
vn -0.5640 0.7688 0.3014
vn 0.6933 -0.4915 -0.5271
vn 0.7691 0.4164 0.4848
vn 0.4759 0.6337 0.6099
vn 0.8352 0.2701 0.4790
vn 0.2115 0.6181 0.7571
vn 0.3398 0.7228 0.6017
vn 0.2916 0.5273 0.7981
vn 0.8103 0.5215 -0.2672
vn 0.7739 0.4743 -0.4197
vn 0.9109 0.3159 -0.2656
vn 0.7628 0.6365 -0.1141
vn 0.7947 0.6031 -0.0684
vn 0.8939 0.3861 0.2279
vn 0.4084 0.8617 -0.3011
vn 0.0179 0.9993 0.0339
vn 0.5987 0.6310 0.4933
vn 0.9138 0.3561 0.1954
vn 0.3916 0.8452 0.3637
vn 0.8238 0.5662 -0.0263
vn -0.2837 0.2379 0.9290
vn -0.3198 0.0174 0.9473
vn -0.3199 0.0183 0.9473
vn -0.3202 0.0175 0.9472
vn -0.3937 0.0251 0.9189
vn -0.3446 0.0206 0.9385
vn -0.6480 0.0490 0.7600
vn 0.0547 0.9967 0.0604
vn -0.9145 0.4043 -0.0143
vn 0.7133 0.7003 -0.0273
vn -0.9682 0.1051 0.2273
vn -0.9642 0.1639 0.2084
vn -0.9661 0.1409 0.2162
vn 0.9595 0.2144 0.1829
vn 0.8335 0.0629 0.5490
vn -0.6363 0.1910 0.7474
vn -0.9047 0.1913 0.3807
vn 0.1117 0.1159 0.9870
vn -0.9595 0.2144 0.1829
vn 0.4371 0.0647 0.8971
vn 0.1025 0.0638 0.9927
vn -0.2883 0.8628 -0.4153
vn -0.2407 0.8882 -0.3914
vn 0.1587 0.8266 -0.5399
vn 0.2136 0.8383 -0.5017
vn 0.2303 0.8416 -0.4885
vn 0.1444 0.9309 -0.3355
vn 0.1248 0.9382 -0.3229
vn 0.2407 0.8877 -0.3926
vn 0.2942 0.8603 -0.4163
vn -0.1020 0.9824 0.1566
vn 0.0372 0.4144 0.9093
vn 0.1173 0.4078 0.9055
vn 0.9406 0.3375 -0.0365
vn 0.9406 0.3375 -0.0367
vn 0.0492 0.9861 -0.1589
vn 0.0489 0.9667 -0.2513
vn 0.9627 -0.2704 0.0039
vn 0.0677 0.9964 -0.0514
vn -0.0633 0.9978 -0.0219
vn -0.0528 0.9983 -0.0241
vn -0.0745 0.9971 -0.0186
vn -0.7133 0.7003 -0.0273
vn -0.0571 0.9703 -0.2350
vn -0.0530 0.9686 -0.2431
vn -0.0489 0.9667 -0.2513
vn 0.9238 -0.0422 -0.3805
vn -0.4928 0.8690 -0.0458
vn -0.9176 0.3965 -0.0269
vn -0.8305 0.5559 -0.0343
vn -0.7145 0.6985 -0.0406
vn -0.0000 0.3638 -0.9315
vn 0.9996 -0.0265 -0.0123
vn -0.9996 -0.0265 -0.0123
vn 0.9998 0.0045 -0.0171
vn 0.1176 0.8484 -0.5162
vn 0.1408 0.8325 -0.5359
vn 0.0911 0.8425 -0.5310
vn 0.0866 0.8538 -0.5133
vn 0.9139 0.4056 0.0170
vn 0.9132 0.4029 0.0603
vn 0.9155 0.3949 0.0766
vn -0.0866 0.8538 -0.5133
vn -0.0748 0.8666 -0.4934
vn -0.0000 0.8707 -0.4917
vn -0.0000 0.8600 -0.5103
vn -0.0000 0.8501 -0.5265
vn -0.9416 0.3365 -0.0161
vn -0.9393 0.3430 -0.0083
vn -0.9392 0.3434 -0.0036
vn -0.1176 0.8484 -0.5162
vn -0.1003 0.8628 -0.4956
vn -0.9398 0.3418 0.0037
vn -0.9365 0.3508 0.0009
vn 0.9354 0.3535 -0.0022
vn 0.9399 0.3414 -0.0075
vn 0.9372 0.3487 0.0015
vn 0.9135 0.4068 -0.0072
vn 0.9134 0.4060 -0.0295
vn 0.9129 0.4071 -0.0299
vn 0.9064 0.4210 -0.0352
vn -0.9204 0.3901 -0.0266
vn -0.1254 0.8598 -0.4949
vn 0.0748 0.8666 -0.4934
vn 0.1004 0.8628 -0.4955
vn -0.9808 0.1887 0.0501
vn 0.9423 0.3349 0.0034
vn 0.9416 0.3365 -0.0161
vn -0.9155 0.3949 0.0766
vn -0.9234 0.3624 0.1265
vn -0.9127 0.3954 0.1034
vn -0.9305 0.3401 0.1358
vn -0.9132 0.4029 0.0603
vn -0.0911 0.8425 -0.5310
vn -0.1408 0.8325 -0.5359
vn 0.1258 0.8598 -0.4948
vn -0.9139 0.4056 0.0170
vn -0.9135 0.4068 -0.0072
vn 0.9234 0.3624 0.1265
vn 0.9305 0.3401 0.1358
vn 0.9127 0.3954 0.1034
vn 0.9262 0.3767 -0.0184
vt 0.671875 0.521484
vt 0.689453 0.541016
vt 0.687500 0.521484
vt 0.675781 0.562500
vt 0.691406 0.560547
vt 0.701172 0.606445
vt 0.683594 0.629883
vt 0.699219 0.629883
vt 0.652344 0.630859
vt 0.601563 0.615234
vt 0.603516 0.633789
vt 0.682793 0.615635
vt 0.682543 0.608089
vt 0.703125 0.591797
vt 0.701172 0.606445
vt 0.681822 0.608152
vt 0.679565 0.592452
vt 0.675781 0.562500
vt 0.680200 0.592434
vt 0.703125 0.591797
vt 0.597656 0.594727
vt 0.593750 0.565430
vt 0.003906 0.510742
vt 0.003906 0.510742
vt 0.003906 0.510742
vt 0.003906 0.510742
vt 0.701172 0.606445
vt 0.691406 0.560547
vt 0.695313 0.559570
vt 0.689453 0.541016
vt 0.189453 0.625000
vt 0.230469 0.623047
vt 0.224609 0.641602
vt 0.177734 0.644531
vt 0.964888 0.969974
vt 0.963520 0.963723
vt 0.971595 0.961313
vt 0.971660 0.968606
vt 0.992188 0.456531
vt 0.992188 0.456531
vt 0.992188 0.456531
vt 0.992188 0.456531
vt 0.720703 0.641602
vt 0.697266 0.639648
vt 0.710938 0.641602
vt 0.699219 0.629883
vt 0.701172 0.606445
vt 0.992188 0.456531
vt 0.992188 0.456531
vt 0.992188 0.456531
vt 0.992188 0.456531
vt 0.992188 0.471180
vt 0.992188 0.471180
vt 0.990234 0.471180
vt 0.990234 0.471180
vt 0.601563 0.615234
vt 0.603516 0.633789
vt 0.507813 0.638672
vt 0.507813 0.621094
vt 0.768692 0.538224
vt 0.507813 0.524414
vt 0.371094 0.525391
vt 0.373047 0.523438
vt 0.507813 0.522461
vt 0.191406 0.748047
vt 0.191406 0.748047
vt 0.193359 0.748047
vt 0.193359 0.748047
vt 0.169922 0.625977
vt 0.191406 0.575195
vt 0.205078 0.588867
vt 1.171980 0.898290
vt 1.171980 0.898290
vt 1.171980 0.898290
vt 1.171980 0.898290
vt 1.171980 0.898290
vt 1.171980 0.898290
vt 1.171980 0.898290
vt 1.171980 0.898290
vt 0.328125 0.527344
vt 0.343750 0.526367
vt 0.345703 0.524414
vt 0.328125 0.524414
vt 0.992188 0.456531
vt 0.992188 0.456531
vt 0.992188 0.456531
vt 0.992188 0.456531
vt 0.687500 0.519531
vt 0.671875 0.519531
vt 0.671875 0.521484
vt 0.687500 0.521484
vt 0.990234 0.488758
vt 0.990234 0.487781
vt 0.992188 0.487781
vt 0.992188 0.488758
vt 1.174290 0.879797
vt 1.174290 0.879797
vt 1.174290 0.879797
vt 1.174290 0.879797
vt 0.548828 0.726563
vt 0.548828 0.730469
vt 0.507813 0.732422
vt 0.507813 0.728516
vt 0.550781 0.720703
vt 0.507813 0.724609
vt 1.174290 0.879797
vt 1.174290 0.879797
vt 1.174290 0.879797
vt 1.174290 0.879797
vt 0.656250 0.678711
vt 0.595703 0.709961
vt 0.591797 0.717773
vt 0.652344 0.673828
vt 0.591797 0.717773
vt 0.587891 0.721680
vt 0.003906 0.511719
vt 0.003906 0.511719
vt 0.003906 0.511719
vt 0.003906 0.511719
vt 0.992185 0.456531
vt 0.992188 0.456531
vt 0.992188 0.456531
vt 0.992188 0.456531
vt 0.587891 0.521484
vt 0.687500 0.506836
vt 0.587891 0.507813
vt 0.671875 0.519531
vt 0.687500 0.519531
vt 0.978302 0.966523
vt 0.978237 0.973490
vt 0.973353 0.972644
vt 0.972962 0.966783
vt 0.687500 0.519531
vt 0.687500 0.521484
vt 0.671875 0.521484
vt 0.671875 0.519531
vt 0.195313 0.697266
vt 0.220703 0.725586
vt 0.205078 0.729492
vt 0.183594 0.703125
vt 0.003906 0.510742
vt 0.003906 0.510742
vt 0.003906 0.510742
vt 0.003906 0.510742
vt 0.003906 0.510742
vt 0.981818 0.968606
vt 0.981688 0.977267
vt 0.976739 0.977137
vt 0.976739 0.968086
vt 0.597656 0.594727
vt 0.601563 0.615234
vt 0.507813 0.621094
vt 0.507813 0.598633
vt 0.593750 0.565430
vt 0.507813 0.568359
vt 0.587891 0.523438
vt 0.593750 0.565430
vt 0.507813 0.568359
vt 0.507813 0.524414
vt 0.703125 0.591797
vt 0.675781 0.562500
vt 0.691406 0.560547
vt 0.708984 0.582031
vt 0.080078 0.281727
vt 0.138672 0.269031
vt 0.128906 0.140125
vt 0.058594 0.129383
vt 0.345703 0.728516
vt 0.273438 0.727539
vt 0.273438 0.733398
vt 0.347656 0.734375
vt 0.992188 0.456531
vt 0.992188 0.456531
vt 0.992188 0.456531
vt 0.992188 0.456531
vt 0.330078 0.632813
vt 0.343750 0.646484
vt 0.343750 0.630859
vt 0.316406 0.573242
vt 0.312500 0.590820
vt 0.328125 0.573242
vt 0.306641 0.580078
vt 0.238281 0.592773
vt 0.238281 0.604492
vt 0.205078 0.588867
vt 0.214844 0.580078
vt 0.003906 0.511719
vt 0.003906 0.511719
vt 0.003906 0.511719
vt 0.003906 0.511719
vt 0.267578 0.594727
vt 0.267578 0.606445
vt 0.294922 0.587891
vt 0.298828 0.599609
vt 0.992188 0.456531
vt 0.992188 0.456531
vt 0.992188 0.456531
vt 0.992188 0.456531
vt 0.304688 0.574219
vt 0.306641 0.580078
vt 0.316406 0.573242
vt 0.548828 0.730469
vt 0.587891 0.721680
vt 0.548828 0.726563
vt 0.294922 0.587891
vt 0.267578 0.594727
vt 0.267578 0.588867
vt 0.291016 0.582031
vt 0.238281 0.592773
vt 0.240234 0.586914
vt 0.304688 0.574219
vt 0.306641 0.580078
vt 0.220703 0.654297
vt 0.177734 0.644531
vt 0.167969 0.657227
vt 0.224609 0.641602
vt 0.343750 0.630859
vt 0.507813 0.621094
vt 0.507813 0.598633
vt 0.347656 0.609375
vt 0.238281 0.604492
vt 0.992188 0.456531
vt 0.992188 0.456531
vt 0.992188 0.456531
vt 0.992188 0.456531
vt 0.140625 0.654297
vt 0.152344 0.645508
vt 0.134766 0.645508
vt 0.312500 0.590820
vt 0.357422 0.573242
vt 0.328125 0.573242
vt 0.138672 0.269031
vt 0.306641 0.187977
vt 0.421875 0.247547
vt 0.382813 0.288563
vt 0.269531 0.620117
vt 0.267578 0.606445
vt 0.191406 0.575195
vt 0.197266 0.563477
vt 0.992188 0.456531
vt 0.992188 0.456531
vt 0.197266 0.563477
vt 0.214844 0.580078
vt 0.197266 0.559570
vt 0.197266 0.559570
vt 0.203125 0.557617
vt 0.197266 0.559570
vt 0.044786 0.987614
vt 0.126887 0.963435
vt 0.129333 0.853820
vt 0.045256 0.853708
vt 0.214844 0.730469
vt 0.273438 0.733398
vt 0.271484 0.738281
vt 0.347656 0.734375
vt 0.351563 0.740234
vt 0.345703 0.728516
vt 0.273438 0.727539
vt 0.214844 0.730469
vt 0.220703 0.725586
vt 0.205078 0.729492
vt 0.328125 0.527344
vt 0.328125 0.524414
vt 0.345703 0.524414
vt 0.343750 0.526367
vt 0.550367 0.749031
vt 0.507570 0.749018
vt 0.507813 0.748047
vt 0.552734 0.748047
vt 0.992188 0.456531
vt 0.992188 0.456531
vt 0.992188 0.456531
vt 0.992188 0.456531
vt 0.130859 0.654297
vt 0.126953 0.645508
vt 0.134766 0.645508
vt 0.140625 0.654297
vt 0.003906 0.511719
vt 0.003906 0.511719
vt 0.003906 0.511719
vt 0.003906 0.511719
vt 0.003906 0.511719
vt 0.003906 0.511719
vt 0.003906 0.511719
vt 0.003906 0.511719
vt 0.003906 0.511719
vt 0.004623 -0.174288
vt 0.004623 -0.174288
vt 0.004623 -0.171976
vt 0.004623 -0.171976
vt 0.992188 0.456531
vt 0.992188 0.456531
vt 0.171875 0.673828
vt 0.158203 0.679688
vt 0.320313 0.551758
vt 0.343750 0.526367
vt 0.328125 0.527344
vt 0.328125 0.573242
vt 0.343750 0.630859
vt 0.347656 0.609375
vt 0.976739 0.960988
vt 0.003906 0.511719
vt 0.003906 0.510742
vt 0.003906 0.511719
vt 0.003906 0.510742
vt 0.992188 0.456531
vt 0.992188 0.456531
vt 0.992188 0.456531
vt 0.992188 0.456531
vt 0.269531 0.620117
vt 0.267578 0.606445
vt 0.238281 0.604492
vt 0.230469 0.623047
vt 0.380859 0.508789
vt 0.373047 0.523438
vt 0.345703 0.524414
vt 0.345703 0.509766
vt 1.171980 0.898290
vt 1.171980 0.898290
vt 1.171980 0.898290
vt 1.171980 0.898290
vt 1.174290 0.879797
vt 1.174290 0.879797
vt 1.174290 0.879797
vt 1.174290 0.879797
vt 0.314453 0.615234
vt 0.330078 0.632813
vt 0.271484 0.637695
vt 0.330078 0.632813
vt 0.343750 0.646484
vt 0.273438 0.651367
vt 0.271484 0.637695
vt 0.371094 0.525391
vt 0.373047 0.523438
vt 0.314453 0.615234
vt 0.298828 0.599609
vt 0.316406 0.573242
vt 0.304688 0.574219
vt 0.164063 0.638672
vt 0.152344 0.645508
vt 0.177734 0.644531
vt 0.970703 0.288563
vt 0.906250 0.212391
vt 0.498047 0.243641
vt 0.560547 0.318836
vt 0.169922 0.625977
vt 0.189453 0.625000
vt 0.154297 0.608398
vt 0.130859 0.573242
vt 0.132813 0.594727
vt 0.123047 0.591797
vt 0.123047 0.573242
vt 0.224609 0.719727
vt 0.195313 0.697266
vt 0.183594 0.703125
vt 0.130859 0.573242
vt 0.191406 0.575195
vt 0.132813 0.594727
vt 0.507813 0.508789
vt 0.507813 0.522461
vt 0.191406 0.575195
vt 0.205078 0.588867
vt 0.214844 0.580078
vt 0.197266 0.563477
vt 0.730363 0.516856
vt 0.730363 0.525006
vt 0.735909 0.528237
vt 0.735909 0.516856
vt 0.291016 0.582031
vt 0.294922 0.587891
vt 0.507813 0.728516
vt 0.507813 0.732422
vt 0.671875 0.521484
vt 0.675781 0.562500
vt 0.003906 0.511719
vt 0.003906 0.511719
vt 0.003906 0.511719
vt 0.003906 0.511719
vt 0.171875 0.673828
vt 0.177734 0.707031
vt 0.158203 0.679688
vt 0.003906 0.511719
vt 0.003906 0.511719
vt 0.003906 0.511719
vt 0.003906 0.511719
vt 0.003906 0.511719
vt 0.003906 0.511719
vt 0.003906 0.511719
vt 0.003906 0.511719
vt 0.003906 0.511719
vt 0.003906 0.511719
vt 0.003906 0.511719
vt 0.003906 0.511719
vt 0.003906 0.511719
vt 0.003906 0.511719
vt 0.003906 0.511719
vt 0.003906 0.511719
vt 0.003906 0.511719
vt 0.003906 0.511719
vt 0.003906 0.511719
vt 0.003906 0.511719
vt 0.003906 0.511719
vt 0.003906 0.511719
vt 0.689453 0.541016
vt 0.691406 0.560547
vt 0.687500 0.521484
vt 0.587891 0.523438
vt 0.593750 0.565430
vt 0.683594 0.629883
vt 0.652344 0.630859
vt 0.682392 0.615835
vt 0.681822 0.608152
vt 0.675781 0.562500
vt 0.992188 0.456531
vt 0.992188 0.456531
vt 0.123047 0.573242
vt 0.123047 0.591797
vt 0.689453 0.541016
vt 0.695313 0.559570
vt 0.691406 0.560547
vt 0.708984 0.582031
vt 0.712891 0.578125
vt 0.691406 0.560547
vt 0.695313 0.559570
vt 0.710938 0.641602
vt 0.697266 0.639648
vt 0.720703 0.641602
vt 0.306641 0.580078
vt 0.312500 0.590820
vt 0.987223 0.968867
vt 0.987549 0.962811
vt 0.979344 0.963137
vt 0.978172 0.974597
vt 1.174290 0.879797
vt 1.174290 0.879797
vt 1.174290 0.879797
vt 0.763664 0.541917
vt 1.174290 0.879797
vt 0.992188 0.456531
vt 0.992188 0.456531
vt 0.992188 0.456531
vt 0.992188 0.456531
vt 0.093750 0.313953
vt 0.080078 0.281727
vt 0.154297 0.313953
vt 0.992188 0.456531
vt 0.992188 0.456531
vt 0.992188 0.456531
vt 0.992188 0.456531
vt 0.004623 -0.171976
vt 0.004623 -0.174288
vt 1.171980 0.898290
vt 1.171980 0.898290
vt 1.171980 0.898290
vt 1.171980 0.898290
vt 0.992188 0.456531
vt 0.992188 0.456531
vt 0.992188 0.456531
vt 0.271049 0.748986
vt 0.271484 0.750000
vt 0.212891 0.750000
vt 0.211393 0.748855
vt 0.550781 0.720703
vt 0.210938 0.748047
vt 0.269531 0.748047
vt 0.656250 0.678711
vt 0.595703 0.709961
vt 0.652344 0.673828
vt 0.992188 0.456531
vt 0.992188 0.456531
vt 0.587891 0.523438
vt 0.587891 0.521484
vt 0.507813 0.508789
vt 0.507813 0.522461
vt 0.671875 0.519531
vt 0.687500 0.506836
vt 0.687500 0.519531
vt 0.587891 0.521484
vt 0.587891 0.507813
vt 0.507813 0.522461
vt 0.507813 0.524414
vt 0.003906 0.511719
vt 0.003906 0.511719
vt 0.003906 0.511719
vt 0.003906 0.511719
vt 0.708984 0.582031
vt 0.703125 0.591797
vt 0.003906 0.510742
vt 0.003906 0.510742
vt 0.003906 0.510742
vt 0.507813 0.638672
vt 0.507813 0.621094
vt 0.343750 0.630859
vt 0.150391 0.680664
vt 1.174290 0.879797
vt 1.174290 0.879797
vt 1.174290 0.879797
vt 1.174290 0.879797
vt 0.355469 0.748047
vt 0.353952 0.748966
vt 0.507570 0.749018
vt 0.507813 0.748047
vt 0.150391 0.680664
vt 0.177734 0.707031
vt 0.691406 0.560547
vt 0.675781 0.562500
vt 0.126887 0.744470
vt 0.044786 0.719457
vt 0.224609 0.641602
vt 0.316406 0.573242
vt 0.328125 0.573242
vt 0.130859 0.654297
vt 0.126953 0.645508
vt 0.371094 0.525391
vt 0.357422 0.573242
vt 0.003906 0.511719
vt 0.003906 0.511719
vt 0.988590 0.969974
vt 0.986702 0.977267
vt 0.330078 0.632813
vt 0.316406 0.573242
vt 0.240234 0.586914
vt 0.218750 0.577148
vt 0.214844 0.580078
vt 0.238281 0.592773
vt 0.992188 0.456531
vt 0.992188 0.456531
vt 0.992188 0.456531
vt 0.992189 0.456531
vt 1.171980 0.898290
vt 1.171980 0.898290
vt 1.171980 0.898290
vt 1.171980 0.898290
vt 0.682543 0.608089
vt 0.298828 0.599609
vt 0.294922 0.587891
vt 0.220703 0.654297
vt 0.177734 0.644531
vt 0.224609 0.641602
vt 0.167969 0.657227
vt 0.271484 0.637695
vt 0.271484 0.637695
vt 0.273438 0.651367
vt 0.152344 0.645508
vt 0.328125 0.573242
vt 0.357422 0.573242
vt 0.312500 0.590820
vt 0.218750 0.577148
vt 0.214844 0.580078
vt 0.560547 0.212391
vt 0.970703 0.243641
vt 0.906250 0.318836
vt 0.498047 0.288563
vt 0.271049 0.748986
vt 0.271484 0.750000
vt 0.351563 0.750000
vt 0.214844 0.580078
vt 0.197266 0.563477
vt 0.203125 0.557617
vt 0.197266 0.559570
vt 0.057964 0.853708
vt 0.134748 0.853820
vt 0.128951 0.963001
vt 0.054144 0.987069
vt 0.035156 0.288563
vt 0.031250 0.137195
vt 0.380859 0.508789
vt 0.345703 0.509766
vt 0.345703 0.524414
vt 0.373047 0.523438
vt 0.328125 0.524414
vt 0.326172 0.509766
vt 0.003906 0.511719
vt 0.003906 0.511719
vt 0.003906 0.511719
vt 0.003906 0.511719
vt 0.003906 0.511719
vt 0.003906 0.511719
vt 0.003906 0.511719
vt 0.747435 0.516856
vt 0.745555 0.516856
vt 0.745555 0.528768
vt 0.747339 0.526453
vt 0.224609 0.719727
vt 0.205078 0.588867
vt 0.320313 0.551758
vt 0.343750 0.526367
vt 0.328125 0.573242
vt 0.328125 0.527344
vt 1.171980 0.898290
vt 1.171980 0.898290
vt 1.171980 0.898290
vt 1.171980 0.898290
vt 0.003906 0.510742
vt 0.003906 0.511719
vt 0.003906 0.511719
vt 0.003906 0.510742
vt 0.507813 0.568359
vt 0.965409 0.976876
vt 0.965474 0.963723
vt 0.507813 0.524414
vt 0.507813 0.568359
vt 0.298828 0.599609
vt 0.304688 0.574219
vt 0.316406 0.573242
vt 0.152344 0.645508
vt 0.164063 0.638672
vt 0.154297 0.608398
vt 0.507813 0.724609
vt 0.728361 0.508826
vt 0.726360 0.508946
vt 0.726360 0.516856
vt 0.728361 0.516856
vt 0.548828 0.750000
vt 0.587891 0.750000
vt 0.591376 0.749009
vt 0.550367 0.749031
vt 0.003906 0.511719
vt 0.003906 0.511719
vt 0.003906 0.511719
vt 0.003906 0.511719
vt 0.003906 0.511719
vt 0.003906 0.511719
vt 0.003906 0.511719
vt 0.003906 0.511719
vt 0.003906 0.511719
vt 0.003906 0.511719
vt 0.003906 0.511719
vt 0.003906 0.511719
vt 0.003906 0.511719
vt 0.003906 0.511719
vt 0.003906 0.511719
vt 0.003906 0.511719
vt 1.174290 0.879797
vt 1.174290 0.879797
vt 1.174290 0.879797
vt 0.992188 0.456531
vt 0.992188 0.456531
vt 1.174290 0.879797
vt 1.174290 0.879797
vt 1.174290 0.879797
vt 1.174290 0.879797
vt 1.174290 0.879797
vt 1.174290 0.879797
vt 1.174290 0.879797
vt 1.174290 0.879797
vt 1.174290 0.879797
vt 1.174290 0.879797
vt 1.174290 0.879797
vt 1.174290 0.879797
vt 1.174290 0.879797
vt 1.174290 0.879797
vt 1.174290 0.879797
vt 1.174290 0.879797
vt 1.174290 0.879797
vt 1.174290 0.879797
vt 1.174290 0.879797
vt 1.174290 0.879797
vt 1.174290 0.879797
vt 1.174290 0.879797
vt 1.174290 0.879797
vt 0.992188 0.487781
vt 0.992188 0.487781
vt 0.992188 0.487781
vt 1.174290 0.879797
vt 1.174290 0.879797
vt 1.174290 0.879797
vt 1.174290 0.879797
vt 1.174290 0.879797
vt 1.174290 0.879797
vt 1.174290 0.879797
vt 1.174290 0.879797
vt 1.174290 0.879797
vt 1.174290 0.879797
vt 1.174290 0.879797
vt 1.174290 0.879797
vt 1.174290 0.879797
vt 1.174290 0.879797
vt 1.174290 0.879797
vt 1.174290 0.879797
vt 1.174290 0.879797
vt 1.174290 0.879797
vt 1.174290 0.879797
vt 1.174290 0.879797
vt 1.174290 0.879797
vt 1.174290 0.879797
vt 1.174290 0.879797
vt 1.174290 0.879797
vt 1.174290 0.879797
vt 1.174290 0.879797
vt 1.174290 0.879797
vt 0.763664 0.541917
vt 1.174290 0.879797
vt 0.752091 0.551896
vt 0.763664 0.541917
vt 1.174290 0.879797
vt 1.174290 0.879797
vt 1.174290 0.879797
vt 1.174290 0.879797
vt 1.174290 0.879797
vt 1.174290 0.879797
vt 1.174290 0.879797
vt 1.174290 0.879797
vt 1.174290 0.879797
vt 1.174290 0.879797
vt 1.174290 0.879797
vt 1.174290 0.879797
vt 1.174290 0.879797
vt 1.174290 0.879797
vt 0.004623 -0.171976
vt 0.004623 -0.171976
vt 0.004623 -0.174288
vt 0.004623 -0.171976
vt 1.171980 0.898290
vt 1.171980 0.898290
vt 1.171980 0.898290
vt 1.171980 0.898290
vt 0.741455 0.528189
vt 0.741455 0.516856
vt 1.171980 0.898290
vt 1.171980 0.898290
vt 1.171980 0.898290
vt 1.171980 0.898290
vt 1.171980 0.898290
vt 1.171980 0.898290
vt 1.171980 0.898290
vt 1.171980 0.898290
vt 1.171980 0.898290
vt 1.171980 0.898290
vt 1.171980 0.898290
vt 1.171980 0.898290
vt 1.171980 0.898290
vt 1.171980 0.898290
vt 1.171980 0.898290
vt 1.171980 0.898290
vt 1.171980 0.898290
vt 1.171980 0.898290
vt 1.171980 0.898290
vt 1.171980 0.898290
vt 1.171980 0.898290
vt 1.171980 0.898290
vt 1.171980 0.898290
vt 1.171980 0.898290
vt 1.171980 0.898290
vt 1.171980 0.898290
vt 1.171980 0.898290
vt 1.171980 0.898290
vt 1.171980 0.898290
vt 1.171980 0.898290
vt 1.171980 0.898290
vt 1.171980 0.898290
vt 0.965474 0.963723
vt 0.979344 0.963137
vt 0.970292 0.976421
vt 0.965409 0.976876
vt 1.171980 0.898290
vt 1.171980 0.898290
vt 1.171980 0.898290
vt 1.171980 0.898290
vt 0.464844 0.016102
vt 0.494141 0.053211
vt 0.419922 0.067859
vt 0.390625 0.030750
vt 0.357422 0.573242
vt 0.371094 0.525391
vt 1.171980 0.898290
vt 1.171980 0.898290
vt 1.171980 0.898290
vt 1.171980 0.898290
vt 1.171980 0.898290
vt 1.171980 0.898290
vt 1.171980 0.898290
vt 1.171980 0.898290
vt 1.171980 0.898290
vt 1.171980 0.898290
vt 1.171980 0.898290
vt 1.171980 0.898290
vt 1.171980 0.898290
vt 1.171980 0.898290
vt 1.171980 0.898290
vt 1.171980 0.898290
vt 1.171980 0.898290
vt 1.171980 0.898290
vt 1.171980 0.898290
vt 1.171980 0.898290
vt 1.171980 0.898290
vt 1.171980 0.898290
vt 1.171980 0.898290
vt 1.171980 0.898290
vt 1.171980 0.898290
vt 1.171980 0.898290
vt 1.171980 0.898290
vt 1.171980 0.898290
vt 1.171980 0.898290
vt 1.171980 0.898290
vt 1.171980 0.898290
vt 1.171980 0.898290
vt 1.171980 0.898290
vt 1.171980 0.898290
vt 1.171980 0.898290
vt 1.171980 0.898290
vt 1.171980 0.898290
vt 1.171980 0.898290
vt 1.171980 0.898290
vt 1.171980 0.898290
vt 0.587891 0.523438
vt 0.587891 0.521484
vt 0.730363 0.505425
vt 0.730363 0.508705
vt 0.735909 0.505474
vt 0.726360 0.524765
vt 0.728361 0.524886
vt 0.747339 0.507258
vt 0.741455 0.525006
vt 0.745362 0.525006
vt 0.745362 0.516856
vt 0.747387 0.509139
vt 0.745555 0.504943
vt 0.741455 0.508705
vt 0.741455 0.505522
vt 0.730363 0.528286
vt 1.171980 0.898290
vt 1.171980 0.898290
vt 1.171980 0.898290
vt 1.171980 0.898290
vt 0.992188 0.471180
vt 0.992188 0.471180
vt 0.992188 0.471180
vt 0.992188 0.471180
vt 0.992188 0.471180
vt 0.992188 0.471180
vt 0.992188 0.456531
vt 0.992188 0.456531
vt 0.992188 0.456531
vt 0.992188 0.456531
vt 0.992188 0.456531
vt 0.238281 0.592773
vt 0.238281 0.604492
vt 0.548828 0.750000
vt 0.507813 0.750000
vt 0.992188 0.456531
vt 0.992188 0.456531
vt 0.992188 0.456531
vt 0.992188 0.456531
vt 0.992188 0.456531
vt 0.992188 0.456531
vt 0.992188 0.456531
vt 0.992188 0.456531
vt 0.992188 0.456531
vt 0.992188 0.448719
vt 0.992188 0.448719
vt 0.992188 0.448719
vt 0.992188 0.448719
vt 0.992188 0.448719
vt 0.990234 0.471180
vt 0.990234 0.471180
vt 0.992188 0.456531
vt 0.560547 0.212391
vt 0.498047 0.288563
vt 0.970703 0.243641
vt 0.906250 0.318836
vt 0.498047 0.288563
vt 0.560547 0.212391
vt 0.906250 0.318836
vt 0.970703 0.243641
vt 0.992188 0.448719
vt 0.992188 0.448719
vt 0.992188 0.448719
vt 0.992188 0.448719
vt 0.992188 0.448719
vt 0.992188 0.448719
vt 0.992188 0.448719
vt 0.560547 0.318836
vt 0.498047 0.243641
vt 0.267578 0.594727
vt 0.267578 0.606445
vt 0.906250 0.212391
vt 0.970703 0.288563
vt 0.992188 0.448719
vt 0.992188 0.448719
vt 0.992188 0.456531
vt 0.992188 0.456531
vt 0.992188 0.456531
vt 0.992188 0.456531
vt 0.992188 0.456531
vt 0.992188 0.456531
vt 0.992188 0.456531
vt 0.992188 0.456531
vt 0.992188 0.456531
vt 0.992188 0.456531
vt 0.992188 0.456531
vt 0.267578 0.588867
vt 0.267578 0.594727
vt 0.992188 0.456531
vt 0.992188 0.456531
vt 0.992188 0.456531
vt 0.992188 0.456531
vt 0.992188 0.456531
vt 0.992188 0.456531
vt 0.992188 0.456531
vt 0.992188 0.456531
vt 0.992188 0.456531
vt 0.992188 0.456531
vt 0.992188 0.456531
vt 0.992188 0.456531
vt 0.992188 0.456531
vt 0.992188 0.456531
vt 0.992188 0.456531
vt 0.992188 0.456531
vt 0.992188 0.456531
vt 0.992188 0.456531
vt 0.992188 0.456531
vt 0.992188 0.456531
vt 0.992188 0.456531
vt 0.992188 0.456531
vt 0.992188 0.456531
vt 0.992188 0.456531
vt 0.992188 0.456531
vt 0.992188 0.456531
vt 0.054144 0.720003
vt 0.128951 0.744904
vt 0.992188 0.456531
vt 0.992188 0.456531
vt 0.992188 0.456531
vt 0.992188 0.456531
vt 0.992188 0.456531
vt 0.992188 0.456531
vt 0.208984 0.075672
vt 0.175781 0.011219
vt 0.060547 0.002430
vt 0.007812 0.028797
vt 0.992188 0.456531
vt 0.992188 0.456531
vt 0.992188 0.456531
vt 0.007812 0.028797
vt 0.208984 0.075672
vt 0.050781 0.073719
vt 0.060547 0.002430
vt 0.015625 0.012195
vt 0.175781 0.011219
vt 0.156250 0.000477
vt 0.242188 0.016102
vt 0.234375 0.065906
vt 0.250000 0.029773
vt 0.992188 0.488758
vt 0.990234 0.488758
vt 0.990234 0.488758
vt 0.990234 0.487781
vt 0.990234 0.487781
vt 0.992188 0.487781
vt 0.992188 0.487781
vt 0.992188 0.488758
vt 0.992188 0.456531
vt 0.992188 0.456531
vt 0.992188 0.456531
vt 0.992188 0.456531
vt 0.695313 0.559570
vt 0.712891 0.578125
vt 0.708984 0.582031
vt 0.691406 0.560547
vt 0.992188 0.488758
vt 0.990234 0.487781
vt 0.990234 0.488758
vt 0.990234 0.488758
vt 0.990234 0.486805
vt 0.994141 0.488758
vt 0.994141 0.488758
vt 0.994141 0.489734
vt 0.990234 0.489734
vt 0.992188 0.486805
vt 0.994141 0.487781
vt 0.994141 0.486805
vt 0.994141 0.486805
vt 0.464844 0.067859
vt 0.390625 0.052234
vt 0.421875 0.016102
vt 1.171980 0.898290
vt 1.171980 0.898290
vt 1.171980 0.898290
vt 1.171980 0.898290
vt 0.496094 0.031727
vt 0.992188 0.487781
vt 0.992188 0.487781
vt 0.992188 0.456531
vt 0.992188 0.456531
vt 0.992188 0.456531
vt 0.992188 0.456531
vt 0.992188 0.456531
vt 0.992188 0.456531
vt 0.992188 0.456531
vt 0.992188 0.456531
vt 0.992188 0.456531
vt 0.992188 0.456531
vt 0.992188 0.456531
vt 0.992188 0.456531
vt 0.990234 0.471180
vt 0.990234 0.471180
vt 0.990234 0.471180
vt 0.990234 0.471180
vt 0.990234 0.471180
vt 0.990234 0.471180
vt 0.974851 0.962746
vt 0.601563 0.615234
vt 0.992188 0.456531
vt 0.992188 0.456531
vt 0.992188 0.456531
vt 0.992188 0.448719
vt 0.992188 0.448719
vt 0.992188 0.448719
vt 0.992188 0.448719
vt 0.992188 0.448719
vt 0.992188 0.456531
vt 0.970703 0.288563
vt 0.560547 0.318836
vt 0.560547 0.318836
vt 0.970703 0.288563
vt 0.906250 0.212391
vt 0.498047 0.243641
vt 0.498047 0.243641
vt 0.906250 0.212391
vt 0.992188 0.448719
vt 0.992188 0.448719
vt 0.992188 0.448719
vt 0.992188 0.448719
vt 0.992188 0.448719
vt 0.992188 0.448719
vt 0.992188 0.448719
vt 0.970703 0.243641
vt 0.560547 0.212391
vt 0.498047 0.288563
vt 0.906250 0.318836
vt 0.992188 0.456531
vt 0.271484 0.738281
vt 0.351563 0.740234
vt 0.992188 0.456531
vt 0.992188 0.456531
vt 0.992188 0.456531
vt 0.992188 0.456531
vt 0.992188 0.456531
vt 0.992188 0.456531
vt 0.992188 0.456531
vt 0.992188 0.456531
vt 0.992188 0.456531
vt 0.992188 0.456531
vt 0.992188 0.456531
vt 0.992188 0.456531
vt 0.992188 0.456531
vt 0.992188 0.456531
vt 0.992188 0.456531
vt 0.992188 0.456531
vt 0.992188 0.456531
vt 0.992188 0.456531
vt 0.992188 0.456531
vt 0.992188 0.456531
vt 0.992188 0.456531
vt 0.992188 0.456531
vt 0.992188 0.456531
vt 0.992188 0.456531
vt 0.992188 0.456531
vt 0.992188 0.456531
vt 0.992188 0.456531
vt 0.992188 0.456531
vt 0.992188 0.456531
vt 0.156250 0.000477
vt 0.015625 0.012195
vt 0.050781 0.073719
vt 0.242188 0.016102
vt 0.234375 0.065906
vt 0.250000 0.029773
vt 0.269531 0.748047
vt 0.992188 0.456531
vt 0.992188 0.456531
vt 0.992188 0.456531
vt 0.992188 0.456531
vt 0.992188 0.456531
vt 0.992188 0.456531
vt 0.306641 0.187977
vt 0.382813 0.288563
vt 0.421875 0.247547
vt 0.289063 0.312000
vt 0.128906 0.140125
vt 0.093750 0.313953
vt 0.154297 0.313953
vt 0.035156 0.288563
vt 0.289063 0.312000
vt 0.058594 0.129383
vt 0.031250 0.137195
vt 0.992188 0.456531
vt 0.992188 0.456531
vt 0.984358 0.966067
vt 0.984879 0.973621
vt 0.992188 0.456531
vt 0.992188 0.456531
vt 0.992188 0.456531
vt 0.992188 0.456531
vt 0.992188 0.456531
vt 0.992188 0.456531
vt 0.992188 0.456531
vt 0.992188 0.456531
vt 0.991976 0.962030
vt 0.960980 0.978374
vt 0.960980 0.963071
vt 0.991976 0.961313
vt 0.203125 0.750000
vt 0.193359 0.748047
vt 0.191406 0.748047
vt 0.191406 0.748047
vt 0.193359 0.748047
vt 0.552734 0.748047
vt 0.595703 0.748047
vt 0.328125 0.524414
vt 0.326172 0.509766
vt 0.507813 0.750000
vt 0.211393 0.748855
vt 0.210938 0.748047
vt 0.212891 0.750000
vt 0.203125 0.750000
vt 0.353952 0.748966
vt 0.355469 0.748047
vt 0.351563 0.750000
vt 0.992188 0.456531
vt 0.992188 0.456531
vt 0.587891 0.750000
vt 0.591376 0.749009
vt 0.595703 0.748047
vt 0.129333 0.853820
vt 0.134748 0.853820
vt 0.991976 0.977528
vt 0.991976 0.962030
vt 0.960980 0.963071
vt 0.960980 0.978374
vt 0.987158 0.976876
vt 0.971790 0.977267
vt 0.966711 0.977267
vt 1.171980 0.898290
vt 1.171980 0.898290
vt 1.171980 0.898290
vt 1.171980 0.898290
vt 0.970292 0.976421
vt 0.978172 0.974597
vt 0.987549 0.962811
vt 0.987223 0.968867
vt 0.003906 0.510742
vt 0.003906 0.510742
vt 0.972962 0.966783
vt 0.968404 0.968346
vt 0.970553 0.970560
vt 0.968078 0.967109
vt 0.991976 0.961313
vt 0.973353 0.972644
vt 0.981883 0.961313
vt 0.989958 0.963723
vt 0.966320 0.976876
vt 1.171980 0.898290
vt 1.171980 0.898290
vt 1.171980 0.898290
vt 1.171980 0.898290
vt 0.978237 0.973490
vt 0.984879 0.973621
vt 0.984358 0.966067
vt 0.978302 0.966523
vt 0.968404 0.968346
vt 0.968078 0.967109
vt 0.970553 0.970560
vt 0.991976 0.977528
vt 0.745362 0.508705
vt 1.174290 0.879797
vt 1.174290 0.879797
vt 1.174290 0.879797
vt 1.174290 0.879797
vt 0.968567 0.963136
vt 0.969073 0.965505
s 1
usemtl carskin1
f 1/1/1 2/2/2 3/3/3
f 4/4/4 2/2/2 1/1/1
f 5/5/5 2/2/2 4/4/4
f 19/19/6 18/18/7 22/22/8 21/21/9
f 9/9/10 10/10/11 11/11/12
f 9/9/10 12/12/13 13/13/14 10/10/11
f 9/9/10 7/7/15 12/12/13
f 14/14/16 15/15/17 16/16/18 17/17/19
f 18/18/7 19/19/6 20/20/20
f 1105/1108/21 1111/1114/22 1112/1115/23 1102/1105/24
f 23/23/25 24/24/25 25/25/26 26/26/27
f 28/28/28 29/29/28 30/30/28
f 31/31/29 32/32/30 33/33/31 34/34/32
f 39/39/33 40/40/34 41/41/35 42/42/36
f 43/43/37 44/44/38 45/45/39
f 44/44/38 43/43/37 8/8/40
f 48/48/41 49/49/42 50/50/43 51/51/44
f 52/52/45 53/53/46 54/54/47 55/55/47
f 56/56/48 57/57/49 58/58/50 59/59/51
f 61/61/52 62/62/53 63/63/54 64/64/55
f 65/65/56 66/66/57 67/67/58 68/68/59
f 69/69/60 70/70/61 71/71/62 31/31/29
f 72/72/63 73/73/63 74/74/63 75/75/63
f 76/76/64 77/77/64 78/78/64 79/79/64
f 80/80/65 81/81/66 82/82/67 83/83/65
f 84/84/68 85/85/69 86/86/70 87/87/68
f 88/88/71 89/89/72 90/90/73 91/91/71
f 92/92/74 93/93/74 94/94/74 95/95/74
f 96/96/75 97/97/76 98/98/77 99/99/78
f 100/100/79 101/101/80 102/102/81 103/103/82
f 104/104/83 100/100/79 103/103/82 105/105/84
f 106/106/85 107/107/85 108/108/85 109/109/85
f 110/110/86 111/111/87 112/112/88
f 111/111/87 110/110/86 113/113/89
f 101/101/80 100/100/79 114/114/90 115/115/91
f 116/116/92 117/117/93 118/118/94 119/119/95
f 120/120/96 121/121/97 122/122/98 123/123/98
f 124/124/99 125/125/100 126/126/101
f 127/127/102 125/125/100 124/124/99
f 128/128/103 125/125/100 127/127/102
f 133/133/104 134/134/104 135/135/105 136/136/106
f 137/137/107 138/138/108 139/139/109 140/140/110
f 141/141/111 142/142/112 143/143/113
f 144/144/114 142/142/112 141/141/111
f 145/145/115 142/142/112 144/144/114
f 150/150/116 151/151/117 152/152/118 153/153/119
f 154/154/120 150/150/116 153/153/119 155/155/121
f 156/156/122 157/157/123 158/158/124 159/159/125
f 160/160/126 161/161/126 162/162/126 163/163/126
f 164/164/127 165/165/128 166/166/129 167/167/130
f 168/168/131 169/169/132 170/170/133 171/171/134
f 172/172/135 173/173/136 174/174/137 175/175/138
f 176/176/139 177/177/140 178/178/141
f 179/179/142 180/180/143 181/181/144
f 180/180/143 179/179/142 182/182/145
f 183/183/146 184/184/147 185/185/148 186/186/149
f 187/187/150 188/188/151 189/189/152
f 188/188/151 187/187/150 190/190/153
f 184/184/147 183/183/146 191/191/154 192/192/155
f 193/193/156 194/194/157 192/192/155 191/191/154
f 195/195/158 196/196/159 197/197/160 198/198/161
f 199/199/162 200/200/162 201/201/163
f 202/202/164 203/203/165 112/112/88 204/204/166
f 205/205/167 206/206/168 207/207/168 208/208/169
f 207/207/168 206/206/168 209/209/170 210/210/171
f 211/211/172 212/212/172 205/205/167 208/208/169
f 213/213/173 214/214/174 215/215/175
f 214/214/174 213/213/173 216/216/176
f 217/217/177 218/218/178 219/219/179 220/220/180
f 71/71/62 221/221/181 32/32/30 31/31/29
f 222/222/182 223/223/182 224/224/182 225/225/182
f 214/214/174 226/226/183 215/215/175
f 227/227/184 226/226/183 214/214/174
f 228/228/185 226/226/183 227/227/184
f 229/229/186 230/230/187 231/231/188
f 232/232/189 233/233/190 234/234/191 235/235/192
f 236/236/193 32/32/30 221/221/181 237/237/194
f 238/238/195 239/239/195 186/186/149 185/185/148
f 51/51/44 50/50/43 240/240/196 241/241/197
f 242/242/198 243/243/198 244/244/198
f 248/248/199 249/249/200 250/250/201 251/251/202
f 252/252/203 138/138/108 253/253/204 254/254/205
f 255/255/206 256/256/207 254/254/205 253/253/204
f 257/257/208 255/255/206 253/253/204 258/258/209
f 259/259/210 260/260/211 261/261/212
f 262/262/213 263/263/213 264/264/214 265/265/215
f 264/264/214 63/63/54 62/62/53 265/265/215
f 266/266/216 267/267/217 268/268/218 269/269/219
f 270/270/220 271/271/221 272/272/222 273/273/223
f 274/274/224 275/275/225 276/276/226 277/277/227
f 278/278/228 279/279/229 280/280/230
f 279/279/229 278/278/228 281/281/231
f 280/280/230 117/117/93 116/116/92
f 117/117/93 280/280/230 279/279/229
f 119/119/95 118/118/94 282/282/232
f 283/283/233 284/284/234 285/285/235 286/286/236
f 287/287/237 288/288/238 289/289/239 290/290/240
f 291/291/241 292/292/242 241/241/197 240/240/196
f 226/226/183 293/293/243 215/215/175
f 293/293/243 226/226/183 294/294/244
f 295/295/245 296/296/246 297/297/247
f 296/296/246 295/295/245 298/298/248
f 153/153/119 152/152/118 299/299/249 300/300/250
f 302/302/251 303/303/252 304/304/253
f 303/303/252 302/302/251 305/305/254
f 306/306/255 307/307/256 308/308/257 309/309/258
f 103/103/82 102/102/81 256/256/207 255/255/206
f 105/105/84 103/103/82 255/255/206 257/257/208
f 310/310/259 311/311/260 312/312/261 313/313/262
f 314/314/263 315/315/264 316/316/265 317/317/266
f 318/318/267 319/319/267 320/320/267 321/321/267
f 322/322/268 323/323/269 324/324/270 325/325/270
f 326/326/271 327/327/272 328/328/273 236/236/193
f 329/329/274 330/330/275 331/331/276 332/332/277
f 82/82/67 81/81/66 333/333/278 334/334/279
f 335/335/280 229/229/186 336/336/281
f 337/337/282 295/295/245 338/338/283
f 295/295/245 337/337/282 298/298/248
f 339/339/284 340/340/285 341/341/286
f 342/342/287 343/343/288 344/344/289 345/345/290
f 346/346/291 347/347/292 348/348/293
f 349/349/294 350/350/295 351/351/296 352/352/296
f 353/353/297 354/354/298 355/355/299 260/260/211
f 356/356/300 348/348/293 357/357/301
f 348/348/293 356/356/300 358/358/302
f 359/359/303 360/360/304 315/315/264 314/314/263
f 361/361/305 362/362/306 363/363/307 364/364/305
f 365/365/308 366/366/309 367/367/310 368/368/310
f 199/199/162 369/369/311 370/370/312 200/200/162
f 204/204/166 371/371/313 372/372/314 202/202/164
f 373/373/315 374/374/316 157/157/123 156/156/122
f 375/375/317 376/376/318 377/377/319
f 376/376/318 375/375/317 378/378/320
f 379/379/321 140/140/110 380/380/322 381/381/323
f 382/382/324 383/383/325 384/384/326
f 383/383/325 382/382/324 385/385/327
f 386/386/328 387/387/329 388/388/330
f 387/387/329 386/386/328 389/389/331
f 390/390/332 391/391/333 392/392/334 393/393/335
f 394/394/336 395/395/337 396/396/338
f 395/395/337 394/394/336 397/397/339
f 382/382/324 398/398/340 385/385/327
f 398/398/340 382/382/324 399/399/341
f 400/400/342 377/377/319 376/376/318
f 302/302/251 304/304/253 401/401/343
f 402/402/342 386/386/328 388/388/330
f 403/403/344 188/188/151 190/190/153
f 374/374/316 404/404/345 405/405/346
f 373/373/315 404/404/345 374/374/316
f 406/406/347 404/404/345 373/373/315
f 1/1/1 407/407/348 408/408/349 4/4/4
f 1105/1108/21 1114/1117/350 1113/1116/351 1111/1114/22
f 410/410/352 411/411/353 409/409/354
f 56/56/48 410/410/352 57/57/49
f 56/56/48 412/412/355 411/411/353 410/410/352
f 12/12/13 7/7/15 8/8/356 6/6/356
f 414/414/357 172/172/135 175/175/138 415/415/358
f 356/356/300 416/416/359 417/417/359 358/358/302
f 418/418/360 419/419/360 420/420/360
f 423/423/361 421/421/361 422/422/361 424/424/361
f 425/425/362 426/426/363 427/427/364
f 194/194/157 193/193/156 428/428/365 429/429/366
f 46/46/367 427/427/364 426/426/363
f 434/434/368 435/435/369 436/436/370 437/438/371
f 438/439/372 439/440/372 440/441/372 441/442/372
f 442/443/373 443/444/374 232/232/189 444/445/375
f 445/446/376 446/447/376 447/448/376 448/449/376
f 290/290/240 449/450/377 450/451/378 287/287/237
f 451/452/379 452/453/379 453/454/379 454/455/379
f 272/272/222 455/456/380 456/457/381 457/458/382
f 458/459/383 459/460/384 460/461/385 461/462/386
f 111/111/87 462/463/387 204/204/166 112/112/88
f 458/459/383 461/462/386 463/464/388 464/465/389
f 44/44/38 113/113/89 110/110/86 45/45/39
f 465/466/390 466/467/391 467/468/392
f 466/467/391 465/466/390 114/114/90
f 292/292/242 468/469/393 469/470/394 241/241/197
f 470/471/395 90/90/73 89/89/72 471/472/396
f 126/126/101 472/473/397 473/474/398 124/124/99
f 474/475/399 475/476/400 476/477/401
f 477/478/402 475/476/400 474/475/399
f 478/479/403 475/476/400 477/478/402
f 479/480/404 480/481/405 470/471/395 471/472/396
f 481/482/406 482/483/407 483/484/408 484/485/409
f 487/488/410 26/26/27 25/25/26
f 488/489/411 26/26/27 487/488/410
f 489/490/412 26/26/27 488/489/411
f 490/491/413 11/11/12 10/10/11 491/492/414
f 59/59/51 58/58/50 330/330/275 492/493/415
f 277/277/227 381/381/323 493/494/416 274/274/224
f 494/495/417 495/496/418 496/497/419 497/498/420
f 498/499/421 499/500/422 500/501/423 501/502/424
f 502/503/425 503/504/426 355/355/299 294/294/244
f 486/487/427 485/486/427 504/505/427 505/506/427
f 506/507/428 507/508/429 251/251/202 250/250/201
f 492/493/415 330/330/275 329/329/274
f 341/341/286 508/509/430 313/313/262 347/347/292
f 509/510/431 429/429/366 428/428/365
f 429/429/366 509/510/431 510/511/432
f 511/512/433 226/226/183 228/228/185 512/513/434
f 513/514/435 296/296/246 298/298/248 514/515/436
f 482/483/407 515/516/437 516/517/438
f 515/516/437 482/483/407 481/482/406
f 519/520/439 217/217/177 220/220/180 335/335/280
f 520/521/440 212/212/172 211/211/172
f 521/522/441 522/523/442 523/524/443 524/525/444
f 525/526/445 526/527/446 527/528/447 528/529/448
f 529/530/449 530/531/449 531/532/449 532/533/449
f 20/20/20 19/19/6 533/534/450 27/27/451
f 534/535/452 180/180/143 182/182/145 535/536/453
f 536/537/454 537/538/455 538/539/456
f 537/538/455 536/537/454 539/540/457
f 189/189/152 398/398/340 399/399/341 187/187/150
f 508/509/430 540/541/458 310/310/259 313/313/262
f 541/542/459 216/216/176 213/213/173 542/543/460
f 543/544/461 277/277/227 276/276/226
f 537/538/455 277/277/227 543/544/461
f 539/540/457 277/277/227 537/538/455
f 220/220/180 230/230/187 229/229/186 335/335/280
f 544/545/462 545/546/463 546/547/464
f 246/246/465 547/548/466 548/549/467 247/247/465
f 549/550/468 550/551/469 551/552/470 552/553/471
f 499/500/422 553/554/472 554/555/473 555/556/474
f 245/245/475 556/557/475 557/558/475
f 558/559/476 559/560/476 523/524/443 522/523/442
f 396/396/338 395/395/337 378/378/320 375/375/317
f 260/260/211 170/170/133 169/169/132 353/353/297
f 139/139/109 138/138/108 252/252/203
f 560/561/477 561/562/478 562/563/479 563/564/480
f 564/565/481 164/164/127 167/167/130 565/566/482
f 566/567/483 567/568/484 568/569/485 569/570/486
f 570/571/487 568/569/485 567/568/484 571/572/487
f 572/573/488 573/574/489 574/575/490
f 573/574/489 572/573/488 575/576/491
f 281/281/231 278/278/228 576/577/492 577/578/492
f 575/576/491 286/286/236 573/574/489
f 286/286/236 575/576/491 283/283/233
f 578/579/493 285/285/235 284/284/234
f 579/580/494 580/581/495 581/582/496 582/583/496
f 381/381/323 380/380/322 493/494/416
f 138/138/108 583/584/497 258/258/209 253/253/204
f 140/140/110 139/139/109 380/380/322
f 140/140/110 379/379/321 137/137/107
f 138/138/108 137/137/107 583/584/497
f 584/585/498 347/347/292 313/313/262 312/312/261
f 277/277/227 379/379/321 381/381/323
f 379/379/321 277/277/227 539/540/457
f 511/512/433 502/503/425 294/294/244 226/226/183
f 585/586/499 586/587/500 587/588/501
f 586/587/500 585/586/499 588/589/502
f 589/590/503 590/591/503 591/592/503 592/593/503
f 177/177/140 490/491/413 491/492/414 178/178/141
f 593/594/504 594/595/505 595/596/506
f 594/595/505 593/594/504 596/597/507
f 597/598/508 230/230/187 220/220/180 219/219/179
f 480/481/405 479/480/404 334/334/279 333/333/278
f 472/473/397 566/567/483 569/570/486 473/474/398
f 600/601/509 513/514/435 514/515/436 601/602/510
f 311/311/260 310/310/259 335/335/280 336/336/281
f 426/426/363 425/425/362 465/466/390 467/468/392
f 602/603/511 546/547/464 326/326/271
f 603/604/512 585/586/499 604/605/513
f 587/588/501 604/605/513 585/586/499
f 34/34/32 605/606/514 606/607/515
f 327/327/272 326/326/271 300/300/250 299/299/249
f 607/608/516 70/70/61 69/69/60
f 341/341/286 347/347/292 346/346/291 339/339/284
f 70/70/61 350/350/295 349/349/294
f 350/350/295 70/70/61 607/608/516
f 608/609/517 168/168/131 171/171/134 371/371/313
f 609/610/518 610/611/518 611/612/518 612/613/518
f 613/614/519 614/615/520 615/616/521 616/617/522
f 33/33/31 32/32/30 236/236/193 328/328/273
f 391/391/333 617/618/523 392/392/334
f 617/618/523 391/391/333 618/619/524
f 384/384/326 383/383/325 397/397/339 394/394/336
f 619/620/525 620/621/526 621/622/527
f 620/621/526 619/620/525 622/623/528
f 623/624/529 624/625/530 625/626/531
f 624/625/530 623/624/529 626/627/532
f 332/332/277 331/331/276 536/537/454 538/539/456
f 627/628/533 393/393/335 628/629/534
f 393/393/335 627/628/533 390/390/332
f 619/620/525 484/485/409 483/484/408
f 484/485/409 619/620/525 621/622/527
f 617/618/523 618/619/524 629/630/535
f 630/631/536 595/596/506 594/595/505
f 625/626/531 624/625/530 631/632/535
f 516/517/438 515/516/437 632/633/537
f 633/634/538 634/635/539 635/636/540
f 466/467/391 114/114/90 100/100/79 104/104/83
f 42/42/36 636/637/541 637/638/542 39/39/33
f 210/210/171 209/209/170 548/549/467 547/548/466
f 638/639/543 639/640/544 640/641/545
f 641/642/546 642/643/547 643/644/548
f 644/645/549 642/643/547 641/642/546
f 645/646/550 642/643/547 644/645/549
f 646/647/551 642/643/547 645/646/550
f 640/641/545 647/648/552 638/639/543
f 648/649/553 649/650/554 650/651/555 651/652/556
f 652/653/557 653/654/558 654/655/559
f 655/656/560 656/657/561 657/658/562 658/659/563
f 659/660/564 96/96/75 660/661/565
f 659/660/564 97/97/76 96/96/75
f 176/176/139 541/542/459 542/543/460 177/177/140
f 661/662/74 93/93/74 662/663/74 663/664/74
f 660/661/565 96/96/75 664/665/566
f 495/496/418 665/666/567 666/667/568
f 497/498/420 496/497/419 667/668/569
f 668/669/570 669/670/571 670/671/572 671/672/573
f 494/495/417 665/666/567 495/496/418
f 672/673/574 99/99/78 98/98/77
f 673/674/575 99/99/78 672/673/574
f 674/675/576 99/99/78 673/674/575
f 654/655/559 634/635/539 633/634/538 652/653/557
f 675/676/577 676/677/578 677/678/579
f 678/679/580 679/680/581 680/681/581 681/682/582
f 650/651/555 682/683/583 683/684/584
f 684/685/585 685/686/586 686/687/587 652/653/557
f 649/650/554 687/688/588 688/689/548
f 651/652/556 650/651/555 683/684/584
f 546/547/464 545/546/463 300/300/250 326/326/271
f 689/690/589 649/650/554 648/649/553
f 690/691/590 649/650/554 689/690/589
f 690/691/590 687/688/588 649/650/554
f 691/692/591 60/60/592 692/694/592 693/695/593 437/437/371
f 655/656/560 694/697/594 695/698/595
f 655/656/560 658/659/563 694/697/594
f 696/699/596 697/700/596 698/701/596 699/702/596
f 700/703/597 655/656/560 695/698/595
f 664/665/566 96/96/75 495/496/418 666/667/568
f 701/704/598 669/670/571 702/705/599
f 670/671/572 669/670/571 701/704/598
f 668/669/570 671/672/573 703/706/569
f 704/707/600 656/657/561 705/708/576
f 706/709/601 656/657/561 704/707/600
f 657/658/562 656/657/561 706/709/601
f 707/710/602 449/450/377 290/290/240
f 289/289/239 288/288/238 708/711/603
f 288/288/238 287/287/237 709/712/604
f 290/290/240 289/289/239 710/713/605
f 711/714/606 712/715/606 713/716/606 714/717/606
f 715/718/607 716/719/608 368/368/310 367/367/310
f 717/720/609 718/721/609 719/722/609 720/723/609
f 721/724/610 722/725/610 723/726/610 724/727/610
f 725/728/611 726/729/611 727/730/611 728/731/611
f 729/732/612 730/733/612 731/734/612 732/735/612
f 733/736/613 734/737/613 735/738/613 736/739/613
f 737/740/614 738/741/614 739/742/614 740/743/614
f 741/744/615 742/745/615 743/746/615 744/747/615
f 745/748/606 746/749/606 747/750/606 748/751/606
f 753/756/616 754/757/616 755/758/616 756/759/616
f 757/760/74 758/761/74 759/762/74 760/763/74
f 761/764/617 762/765/618 159/159/125 158/158/124
f 763/766/619 764/767/619 765/768/619 766/769/619
f 767/770/612 768/771/612 769/772/612 770/773/612
f 771/774/620 772/775/620 773/776/620 774/777/620
f 775/778/621 776/779/621 777/780/621 778/781/621
f 300/300/250 545/546/463 155/155/121 153/153/119
f 779/782/503 780/783/503 781/784/503 782/785/503
f 783/786/620 784/787/620 785/788/620 786/789/620
f 787/790/622 788/791/622 789/792/622 790/793/622
f 791/794/623 792/795/623 793/796/623 794/797/623
f 795/798/616 796/799/616 797/800/616 798/801/616
f 799/802/267 800/803/267 801/804/267 802/805/267
f 803/806/624 804/807/625 136/136/106 135/135/105
f 805/808/626 806/809/309 807/810/310
f 612/613/518 611/612/518 808/811/518 809/812/518
f 811/814/627 812/815/628 813/816/628 716/719/608
f 814/817/629 580/581/495 579/580/494
f 810/813/630 580/581/495 814/817/629
f 815/818/631 580/581/495 810/813/630
f 816/819/632 817/820/633 716/719/608
f 367/367/310 366/366/309 818/821/626
f 807/810/310 806/809/309 365/365/308 368/368/310
f 819/822/634 820/823/634 821/824/634 822/825/634
f 348/348/293 347/347/292 584/585/498 357/357/301
f 716/719/608 817/820/633 807/810/310 368/368/310
f 811/814/627 716/719/608 715/718/607
f 823/826/635 824/827/636 825/828/637
f 824/827/636 823/826/635 826/829/638
f 827/830/639 53/53/46 52/52/45
f 828/831/640 53/53/46 827/830/639
f 823/826/635 53/53/46 828/831/640
f 823/826/635 828/831/640 826/829/638
f 829/832/641 830/833/642 831/834/643
f 832/835/644 833/836/644 271/271/221 270/270/220
f 834/837/645 363/363/307 362/362/306 835/838/646
f 836/839/647 837/840/648 267/267/217 266/266/216
f 838/841/649 839/842/650 840/843/651 841/844/652
f 842/845/653 196/196/159 843/846/654
f 844/847/655 196/196/159 842/845/653
f 197/197/160 196/196/159 844/847/655
f 64/64/55 804/807/625 803/806/624 61/61/52
f 198/198/161 845/848/656 195/195/158
f 845/848/656 198/198/161 846/849/657
f 847/850/658 848/851/659 849/852/660
f 850/853/661 848/851/659 847/850/658
f 851/854/662 848/851/659 850/853/661
f 852/855/663 55/55/47 54/54/47 853/856/664
f 844/847/655 842/845/653 854/857/665
f 344/344/289 343/343/288 855/858/666
f 345/345/290 344/344/289 856/859/667
f 857/860/668 858/861/669 859/862/670 860/863/671
f 342/342/287 345/345/290 861/864/672
f 862/865/673 343/343/288 342/342/287
f 863/866/674 864/867/674 865/868/674
f 850/853/661 866/869/675 867/870/676
f 868/871/677 866/869/675 850/853/661
f 869/872/678 866/869/675 868/871/677
f 859/862/670 858/861/669 870/873/679
f 860/863/671 859/862/670 871/874/680
f 535/536/453 872/875/681 873/876/682 534/535/452
f 857/860/668 860/863/671 874/877/683
f 875/878/684 858/861/669 857/860/668
f 876/879/674 865/868/674 864/867/674
f 865/868/674 876/879/674 877/880/674
f 850/853/661 867/870/676 851/854/662
f 878/881/685 845/848/656 846/849/657
f 879/882/686 240/240/196 50/50/43 880/883/687
f 881/884/688 414/414/357 415/415/358
f 414/414/357 881/884/688 882/885/689
f 883/886/690 884/887/691 885/888/692 886/889/693
f 886/889/693 885/888/692 887/890/694 888/891/695
f 889/892/696 521/522/441 524/525/444 890/893/696
f 891/894/697 892/895/698 893/896/699
f 894/897/700 895/898/700 896/899/700 897/900/700
f 41/41/35 40/40/34 892/895/698
f 898/901/701 899/902/702 900/903/703
f 901/904/704 898/901/701 900/903/703
f 898/901/701 901/904/704 902/905/705
f 462/463/387 608/609/517 371/371/313 204/204/166
f 899/902/702 898/901/701 903/906/706
f 904/907/707 905/908/708 906/909/709
f 907/910/710 908/911/711 905/908/708
f 908/911/711 907/910/710 909/912/712
f 910/913/713 911/914/714 912/915/715
f 240/240/196 879/882/686 913/916/716 291/291/241
f 912/915/715 911/914/714 914/917/717
f 915/918/718 914/917/717 911/914/714
f 914/917/717 915/918/718 916/919/719
f 917/920/720 918/921/721 561/562/478 560/561/477
f 919/922/722 920/923/722 921/924/722
f 922/925/723 905/908/708 908/911/711
f 905/908/708 922/925/723 906/909/709
f 923/926/724 916/919/719 915/918/718
f 924/927/725 910/913/713 912/915/715
f 925/928/726 926/929/727 927/930/728 928/931/729
f 929/932/730 930/933/730 931/934/730
f 932/935/731 933/936/732 934/937/733
f 935/938/734 932/935/731 936/939/735
f 937/940/736 935/938/734 938/941/737
f 939/942/738 933/936/732 937/940/736
f 940/943/739 939/942/738 941/944/740
f 940/943/739 933/936/732 939/942/738
f 942/945/741 943/946/742 944/947/743
f 219/219/179 21/21/9 22/22/8 597/598/508
f 945/948/744 946/949/745 947/950/746
f 947/950/746 946/949/745 948/951/747
f 949/952/748 943/946/742 942/945/741
f 950/953/749 951/954/750 952/955/751 953/956/749
f 94/94/74 93/93/74 661/662/74
f 954/957/752 955/958/752 956/959/752 957/960/752
f 95/95/74 958/961/74 92/92/74
f 959/962/753 960/963/754 961/964/755 962/965/756
f 963/966/757 964/967/758 965/968/759
f 966/969/760 961/964/755 960/963/754
f 966/969/760 965/968/759 964/967/758 961/964/755
f 959/962/753 962/965/756 967/970/761
f 968/971/762 969/972/763 964/967/758 963/966/757
f 970/973/764 969/972/763 968/971/762
f 759/762/74 758/761/74 971/974/74
f 760/763/74 759/762/74 972/975/74
f 757/760/74 760/763/74 973/976/74
f 974/977/622 975/978/622 976/979/622 977/980/622
f 978/981/74 758/761/74 757/760/74
f 294/294/244 355/355/299 354/354/298 293/293/243
f 979/982/765 946/949/745 980/983/766
f 948/951/747 946/949/745 979/982/765
f 981/984/767 982/985/767 983/986/767 984/987/767
f 985/988/768 986/989/768 987/990/768 988/991/768
f 989/992/769 990/993/769 991/994/769 992/995/769
f 993/996/770 994/997/771 995/998/772
f 994/997/771 993/996/770 996/999/773
f 997/1000/774 853/856/664 993/996/770
f 998/1001/775 853/856/664 997/1000/774
f 852/855/663 853/856/664 998/1001/775
f 995/998/772 997/1000/774 993/996/770
f 85/85/69 831/834/643 830/833/642 86/86/70
f 218/218/178 1000/1003/776 21/21/9 219/219/179
f 1001/1004/777 841/844/652 840/843/651
f 456/457/381 841/844/652 1001/1004/777
f 455/456/380 841/844/652 456/457/381
f 829/832/641 842/845/653 843/846/654 830/833/642
f 839/842/650 1002/1005/778 1003/1006/779
f 1002/1005/778 839/842/650 838/841/649
f 1004/1007/780 1005/1008/781 1006/1009/782
f 1007/1010/783 1005/1008/781 1004/1007/780
f 1008/1011/784 1005/1008/781 1007/1010/783
f 1009/1012/785 456/457/381 1001/1004/777
f 551/552/470 550/551/469 1010/1013/786
f 552/553/471 551/552/470 1011/1014/787
f 1012/1015/788 1013/1016/789 1014/1017/790 1015/1018/791
f 549/550/468 552/553/471 1016/1019/792
f 1017/1020/793 550/551/469 549/550/468
f 1018/1021/674 1019/1022/674 1020/1023/674
f 1021/1024/794 1022/1025/795 1023/1026/796
f 1004/1007/780 1022/1025/795 1021/1024/794
f 1024/1027/797 1022/1025/795 1004/1007/780
f 1014/1017/790 1013/1016/789 1025/1028/798
f 1015/1018/791 1014/1017/790 1026/1029/799
f 1012/1015/788 1015/1018/791 1027/1030/800
f 1028/1031/801 1013/1016/789 1012/1015/788
f 1019/1022/674 877/880/674 876/879/674
f 877/880/674 1019/1022/674 1018/1021/674
f 1006/1009/782 1024/1027/797 1004/1007/780
f 1003/1006/779 1002/1005/778 1029/1032/802
f 640/641/545 642/643/547 646/647/551 647/648/552
f 469/470/394 883/886/690 241/241/197
f 883/886/690 469/470/394 884/887/691
f 259/259/210 1030/1033/803 170/170/133 260/260/211
f 371/371/313 171/171/134 1031/1034/804 372/372/314
f 173/173/136 891/894/697 893/896/699 174/174/137
f 1032/1035/805 49/49/42 48/48/41
f 49/49/42 880/883/687 50/50/43
f 1033/1036/806 882/885/689 42/42/36 41/41/35
f 1034/1037/807 1035/1038/808 308/308/257
f 1036/1039/809 308/308/257 307/307/256
f 308/308/257 1036/1039/809 1034/1037/807
f 1037/1040/810 903/906/706 898/901/701 902/905/705
f 309/309/258 308/308/257 1035/1038/808
f 1038/1041/811 1039/1042/812 1040/1043/813
f 1041/1044/814 1042/1045/815 1043/1046/816
f 1042/1045/815 1041/1044/814 1039/1042/812
f 1044/1047/817 1045/1048/818 1046/1049/819
f 335/335/280 310/310/259 540/541/458 519/520/439
f 1047/1050/820 1045/1048/818 1044/1047/817
f 1045/1048/818 1047/1050/820 1048/1051/821
f 1049/1052/822 1048/1051/821 1047/1050/820
f 636/637/541 42/42/36 882/885/689 1050/1053/823
f 1051/1054/824 1052/1055/824 1053/1056/824
f 1054/1057/825 1039/1042/812 1038/1041/811
f 1039/1042/812 1054/1057/825 1042/1045/815
f 1048/1051/821 1049/1052/822 1055/1058/826
f 1050/1053/823 882/885/689 881/884/688 1056/1059/827
f 1044/1047/817 1046/1049/819 1057/1060/828
f 892/895/698 891/894/697 1033/1036/806 41/41/35
f 1058/1061/829 1059/1062/829 1060/1063/829
f 927/930/728 926/929/727 1061/1064/830
f 928/931/729 927/930/728 1062/1065/831
f 925/928/726 928/931/729 1063/1066/832
f 937/940/736 933/936/732 932/935/731 935/938/734
f 1064/1067/833 1065/1068/834 1066/1069/835
f 1064/1067/833 925/928/726 1065/1068/834
f 1064/1067/833 926/929/727 925/928/726
f 499/500/422 498/499/421 1067/1070/836 553/554/472
f 1068/1071/837 1069/1072/837 1070/1073/837 1071/1074/837
f 1072/1075/838 273/273/223 457/458/382 1073/1076/838
f 478/479/403 477/478/402 360/360/304 359/359/303
f 273/273/223 272/272/222 457/458/382
f 1074/1077/839 165/165/128 1075/1078/840 1076/1079/841
f 1077/1080/842 232/232/189 235/235/192
f 444/445/375 232/232/189 1077/1080/842
f 233/233/190 232/232/189 1078/1081/843
f 762/765/618 761/764/617 587/588/501 586/587/500
f 1079/1082/844 1080/1083/845 165/165/128 164/164/127
f 443/444/374 442/443/373 1081/1084/846
f 918/921/721 917/920/720 507/508/429 506/507/428
f 1082/1085/847 165/165/128 1080/1083/845
f 1075/1078/840 165/165/128 1082/1085/847
f 677/678/579 676/677/578 691/693/591 437/438/371
f 165/165/128 1074/1077/839 166/166/129
f 443/444/374 1083/1086/848 1078/1081/843 232/232/189
f 171/171/134 170/170/133 1030/1033/803 1031/1034/804
f 564/565/481 1079/1082/844 164/164/127
f 1081/1084/846 1084/1087/849 1083/1086/848 443/444/374
f 669/670/571 655/656/560 700/703/597 702/705/599
f 1085/1088/850 951/954/750 1086/1089/851
f 951/954/750 1085/1088/850 952/955/751
f 1089/1092/852 1090/1093/852 1091/1094/853 1092/1095/854
f 1093/1096/855 1094/1097/856 1095/1098/857 1096/1099/858
f 1095/1098/857 1091/1094/853 1096/1099/858
f 1091/1094/853 1095/1098/857 1092/1095/854
f 528/529/448 123/123/98 122/122/98 525/526/445
f 260/260/211 355/355/299 503/504/426 261/261/212
f 1093/1096/855 121/121/97 120/120/96 1094/1097/856
f 1101/1104/859 65/65/56 68/68/59
f 1102/1105/24 1103/1106/860 1104/1107/861 1105/1108/21
f 409/409/354 411/411/353 47/47/862 46/46/863
f 1106/1109/864 616/617/522 615/616/521 1107/1110/865
f 500/501/423 616/617/522 1106/1109/864 501/502/424
f 1108/1111/866 1109/1112/866 317/317/266 316/316/265
f 1110/1113/867 500/501/423 499/500/422 555/556/474
f 1110/1113/867 613/614/519 616/617/522 500/501/423
f 249/249/200 562/563/479 561/562/478 250/250/201
f 1111/1114/22 553/554/472 1067/1070/836 1112/1115/23
f 554/555/473 553/554/472 1111/1114/22 1113/1116/351
f 1104/1107/861 1114/1117/350 1105/1108/21
f 622/623/528 627/628/533 628/629/534 620/621/526
f 463/464/388 461/462/386 68/68/59 67/67/58
f 1101/1104/859 68/68/59 461/462/386 460/461/385
f 1115/1118/868 1116/1119/869 268/268/218 267/267/217
f 458/459/383 1115/1118/868 1117/1120/870 459/460/384
f 829/832/641 831/834/643 1118/1121/871 1119/1122/871
f 1120/1123/872 836/839/647 266/266/216 1121/1124/873
f 1121/1124/873 266/266/216 269/269/219 1122/1125/874
f 1116/1119/869 1115/1118/868 458/459/383 464/465/389
f 407/407/348 600/601/509 601/602/510 408/408/349
f 943/946/742 946/949/745 945/948/744 944/947/743
f 918/921/721 506/507/428 1123/1126/875 1124/1127/875
f 980/983/766 946/949/745 943/946/742 949/952/748
f 248/248/199 563/564/480 562/563/479 249/249/200
f 574/575/490 577/578/492 576/577/492 572/573/488
f 606/607/515 69/69/60 31/31/29 34/34/32
f 237/237/194 602/603/511 326/326/271 236/236/193
f 970/973/764 967/970/761 962/965/756 969/972/763
f 370/370/312 369/369/311 889/892/696 890/893/696
f 1132/1135/619 1133/1136/619 1134/1137/619 1135/1138/619
f 1140/1143/876 142/142/112 145/145/115 1141/1144/876
f 999/1002/74 1169/1172/74 1168/1171/74
f 1127/1130/877 1126/1129/878 1146/1149/879
f 267/267/217 837/840/648 1117/1120/870 1115/1118/868
f 888/891/695 887/890/694 1032/1035/805 48/48/41
f 1151/1154/880 1152/1155/880 1153/1156/880 1154/1157/880
f 835/838/646 873/876/682 872/875/681 834/837/645
f 526/527/446 1085/1088/850 1086/1089/851 527/528/447
f 716/719/608 813/816/628 1163/1166/628 816/819/632
f 1124/1127/875 1123/1126/875 506/507/428 250/250/201 561/562/478 918/921/721
f 967/970/761 970/973/764 968/971/762 963/966/757 965/968/759 966/969/760 960/963/754 959/962/753
f 40/40/34 39/39/33 637/638/542 636/637/541 1050/1053/823 1056/1059/827 881/884/688 415/415/358 175/175/138 174/174/137 893/896/699 892/895/698
f 1037/1040/810 902/905/705 901/904/704 900/903/703 899/902/702 903/906/706
f 884/887/691 469/470/394 468/469/393 292/292/242 291/291/241 913/916/716 879/882/686 880/883/687 49/49/42 1032/1035/805 887/890/694 885/888/692
f 306/306/255 309/309/258 1035/1038/808 1034/1037/807 1036/1039/809 307/307/256
f 945/948/744 947/950/746 948/951/747 979/982/765 980/983/766 949/952/748 942/945/741 944/947/743
f 962/965/756 961/964/755 964/967/758 969/972/763
f 640/641/545 639/640/544 685/686/586 684/685/585
f 173/173/136 172/172/135 414/414/357 882/885/689 1033/1036/806 891/894/697
f 888/891/695 48/48/41 51/51/44 241/241/197 883/886/690 886/889/693
f 507/508/429 917/920/720 560/561/477 563/564/480 248/248/199 251/251/202
f 1164/1167/881 1165/1168/881 323/323/269 322/322/268
f 1166/1169/882 678/679/580 681/682/582 1167/1170/882
f 365/365/308 612/613/518 809/812/518 366/366/309
f 806/809/309 609/610/518 612/613/518 365/365/308
f 436/436/370 435/435/369 682/683/583 650/651/555
f 437/438/371 693/696/593 434/434/368
f 653/654/558 652/653/557 686/687/587
f 17/17/19 16/16/18 151/151/117 150/150/116
f 17/17/19 413/413/883 14/14/16
f 411/411/353 412/412/355 47/47/862
f 13/13/14 12/12/13 6/6/356
f 533/534/450 19/19/6 21/21/9 1000/1003/776
f 150/150/116 154/154/120 413/413/883 17/17/19
usemtl window
f 35/35/884 36/36/885 37/37/886 38/38/887
f 129/129/888 130/130/888 131/131/889 132/132/890
f 146/146/891 147/147/892 148/148/893 149/149/894
f 301/301/895 149/149/894 38/38/887 37/37/886
f 430/430/896 431/431/896 432/432/897 433/433/898
f 146/146/891 517/518/899 518/519/900 147/147/892
f 598/599/901 433/433/898 432/432/897 599/600/902
f 749/752/903 750/753/904 751/754/905 752/755/903
f 130/130/888 129/129/888 1087/1090/906 1088/1091/906
f 1097/1100/907 1098/1101/908 1099/1102/909 1100/1103/909
f 1125/1128/910 1126/1129/878 1127/1130/877 1128/1131/910
f 518/519/900 517/518/899 1129/1132/911
f 1130/1133/912 1131/1134/913 35/35/884 38/38/887
f 149/149/894 148/148/893 1130/1133/912 38/38/887
f 1136/1139/914 433/433/898 598/599/901
f 1137/1140/915 750/753/904 1138/1141/916 1139/1142/916
f 1142/1145/917 1143/1146/918 1144/1147/919
f 1143/1146/918 1142/1145/917 1145/1148/920
f 1147/1150/921 1142/1145/917 1144/1147/919
f 1148/1151/922 146/146/891 149/149/894 301/301/895
f 146/146/891 1148/1151/922 1149/1152/923 517/518/899
f 35/35/884 1131/1134/913 1150/1153/924
f 751/754/905 750/753/904 1137/1140/915
f 1155/1158/925 1156/1159/926 1157/1160/926 1158/1161/925
f 132/132/890 1159/1162/927 1160/1163/928
f 1159/1162/927 132/132/890 1161/1164/929
f 1162/1165/930 1098/1101/908 1097/1100/907
f 1158/1161/925 1142/1145/917 1147/1150/921 1155/1158/925
f 1161/1164/929 132/132/890 131/131/889
g frontIntact_car03.002
v -0.842535 0.411708 -1.925490
v -0.860385 0.453513 -1.826586
v -0.848277 0.475199 -1.838616
v -0.822905 0.449167 -1.942180
v -0.873524 0.005472 -1.906410
v -0.894354 0.097452 -1.901830
v -0.888710 0.099497 -1.931320
v -0.866050 0.007007 -1.935715
v -0.922565 0.542171 -1.203610
v -0.875699 0.678714 -1.189510
v 0.931099 0.456195 -1.550450
v 0.905476 0.510804 -1.554765
v 0.920032 0.519779 -1.424960
v 0.938767 0.450559 -1.432700
v 0.938195 0.451306 -1.217150
v 0.927468 0.542171 -1.203610
v -0.933292 0.451306 -1.217150
v 0.791445 0.684738 -1.566925
v 0.855842 0.629915 -1.567925
v 0.839055 0.588653 -1.713360
v 0.777127 0.632419 -1.728190
v -0.842308 0.317595 -2.009300
v -0.763024 0.312400 -2.187620
v -0.765113 0.293073 -2.205180
v -0.839572 0.337951 -2.001050
v -0.922565 0.542171 -1.203610
v -0.915128 0.519779 -1.424960
v -0.371716 0.345504 -2.310730
v -0.310737 0.308926 -2.346510
v -0.314467 0.302353 -2.372490
v -0.382526 0.343178 -2.332550
v -0.803320 0.749638 -1.322900
v 0.754965 0.579300 -1.884135
v 0.817748 0.532374 -1.866120
v 0.796442 0.461442 -2.018880
v 0.732803 0.511528 -2.040080
v 0.880603 0.678714 -1.189510
v 0.927468 0.542171 -1.203610
v 0.920032 0.519779 -1.424960
v 0.872628 0.651547 -1.422490
v -0.867725 0.651547 -1.422490
v -0.800860 0.730924 -1.405660
v 0.870952 0.007007 -1.935715
v 0.893613 0.099497 -1.931320
v 0.899257 0.097452 -1.901830
v 0.878428 0.005472 -1.906410
v 0.905394 0.250973 -1.890080
v 0.911008 0.236774 -1.861350
v 0.002452 0.283101 -2.420000
v -0.252393 0.272454 -2.401970
v -0.253076 0.289647 -2.387850
v 0.625174 0.613676 -1.894805
v 0.601369 0.549237 -2.046050
v 0.560658 0.558216 -2.046180
v 0.593992 0.622307 -1.895330
v -0.534254 0.447942 -2.215280
v -0.464308 0.439357 -2.245380
v -0.520047 0.431907 -2.241440
v -0.662005 0.738443 -1.438020
v -0.673809 0.701439 -1.588931
v -0.713500 0.696888 -1.582122
v -0.748944 0.739171 -1.380850
v -0.685648 0.658185 -1.740280
v -0.652947 0.703630 -1.592376
v -0.644076 0.663461 -1.743560
v -0.543872 0.429535 -2.240780
v -0.534254 0.447942 -2.215280
v -0.520047 0.431907 -2.241440
v -0.560372 0.452287 -2.204990
v 0.257980 0.289647 -2.387850
v 0.319370 0.302353 -2.372490
v 0.318948 0.272784 -2.397620
v 0.257296 0.272454 -2.401970
v 0.777127 0.632419 -1.728190
v 0.754965 0.579300 -1.884135
v 0.660047 0.609098 -1.893055
v 0.690552 0.658185 -1.740280
v 0.731863 -0.076884 -2.217160
v 0.813212 -0.081691 -2.046200
v 0.813212 -0.089623 -2.090495
v 0.731863 -0.084816 -2.261455
v -0.382526 0.343178 -2.332550
v -0.419828 0.273349 -2.390150
v -0.461060 0.336457 -2.333020
v -0.314467 0.302353 -2.372490
v -0.314044 0.272784 -2.397620
v 0.291492 0.720851 -1.638760
v 0.286533 0.688566 -1.748900
v 0.002452 0.688566 -1.748900
v 0.002452 0.721531 -1.649120
v -0.748944 0.739171 -1.380850
v -0.800860 0.730924 -1.405660
v -0.803320 0.749638 -1.322900
v -0.281630 0.688566 -1.748900
v -0.333524 0.719991 -1.633712
v -0.286589 0.720851 -1.638760
v -0.513593 0.744989 -1.497050
v -0.562644 0.715044 -1.608570
v -0.637364 0.710275 -1.598275
v -0.653304 0.745042 -1.442300
v -0.647838 0.281621 -2.317830
v -0.496848 0.293834 -2.346440
v -0.467821 0.273704 -2.386750
v -0.650824 0.298340 -2.305250
v 0.652741 0.281621 -2.317830
v 0.655727 0.298340 -2.305250
v 0.767927 0.312400 -2.187620
v 0.770016 0.293073 -2.205180
v 0.938195 0.451306 -1.217150
v 0.945526 0.391509 -1.255050
v 0.424731 0.273349 -2.390150
v 0.465963 0.336457 -2.333020
v 0.503626 0.329876 -2.328890
v 0.472724 0.273704 -2.386750
v -0.651388 -0.072620 -2.306120
v -0.490131 -0.071505 -2.369200
v -0.490131 -0.079438 -2.413495
v -0.651388 -0.080552 -2.350415
v -0.791538 0.461442 -2.018880
v -0.840979 0.486693 -1.843935
v -0.812845 0.532374 -1.866120
v -0.698208 0.462335 -2.135310
v -0.727900 0.511528 -2.040080
v -0.698208 0.462335 -2.135310
v -0.624639 0.545359 -2.045830
v -0.560372 0.452287 -2.204990
v -0.727900 0.511528 -2.040080
v -0.596465 0.549237 -2.046050
v -0.624639 0.545359 -2.045830
v -0.555755 0.558216 -2.046180
v -0.596465 0.549237 -2.046050
v -0.873200 0.327408 -1.930910
v -0.851423 0.364917 -1.954370
v -0.868891 0.438280 -1.818135
v -0.879608 0.418878 -1.807740
v -0.886016 0.495695 -1.684570
v -0.879608 0.418878 -1.807740
v -0.886016 0.495695 -1.684570
v 0.524950 0.431907 -2.241440
v 0.548775 0.429535 -2.240780
v 0.387429 0.343178 -2.332550
v 0.469212 0.439357 -2.245380
v 0.524950 0.431907 -2.241440
v 0.465963 0.336457 -2.333020
v 0.315640 0.308926 -2.346510
v 0.319370 0.302353 -2.372490
v 0.257980 0.289647 -2.387850
v 0.260636 0.297541 -2.360280
v -0.464308 0.439357 -2.245380
v 0.376620 0.345504 -2.310730
v 0.387429 0.343178 -2.332550
v -0.467821 0.273704 -2.386750
v -0.496848 0.293834 -2.346440
v -0.498723 0.329876 -2.328890
v -0.765113 0.293073 -2.205180
v -0.854578 0.242608 -2.039690
v -0.842308 0.317595 -2.009300
v -0.765644 0.236785 -2.247280
v -0.840979 0.486693 -1.843935
v -0.791538 0.461442 -2.018880
v -0.419828 0.273349 -2.390150
v -0.466800 0.235835 -2.410030
v -0.467821 0.273704 -2.386750
v -0.314044 0.272784 -2.397620
v -0.250547 0.235804 -2.430300
v -0.252393 0.272454 -2.401970
v -0.647838 0.281621 -2.317830
v -0.650824 0.298340 -2.305250
v 0.627325 0.671744 -1.744480
v 0.642290 0.710331 -1.598044
v 0.657862 0.703676 -1.592191
v 0.648979 0.663461 -1.743560
v 0.255450 0.235804 -2.430300
v 0.002452 0.235780 -2.444110
v 0.002452 0.283101 -2.420000
v 0.257296 0.272454 -2.401970
v 0.652741 0.281621 -2.317830
v 0.674731 0.236042 -2.351360
v 0.471704 0.235835 -2.410030
v 0.472724 0.273704 -2.386750
v -0.850938 0.629915 -1.567925
v -0.786542 0.684739 -1.566925
v -0.467821 0.273704 -2.386750
v -0.498723 0.329876 -2.328890
v -0.461060 0.336457 -2.333020
v -0.419828 0.273349 -2.390150
v 0.264603 0.445582 -2.256180
v 0.273064 0.578052 -2.047260
v 0.560658 0.558216 -2.046180
v 0.469212 0.439357 -2.245380
v 0.827808 0.449167 -1.942180
v 0.853269 0.475264 -1.838255
v 0.865304 0.453543 -1.826500
v 0.847438 0.411708 -1.925490
v -0.589088 0.622307 -1.895330
v -0.620270 0.613676 -1.894805
v 0.847211 0.317595 -2.009300
v 0.844476 0.337951 -2.001050
v 0.920032 0.519779 -1.424960
v -0.916208 0.337706 -1.768310
v -0.926311 0.400666 -1.664670
v -0.918526 0.431799 -1.668200
v -0.909508 0.360372 -1.784440
v -0.932932 0.426843 -1.551235
v -0.939553 0.422987 -1.437800
v -0.933864 0.450559 -1.432700
v -0.926195 0.456195 -1.550450
v -0.940623 0.391509 -1.255050
v -0.943199 0.368712 -1.272290
v 0.808223 0.749638 -1.322900
v -0.900572 0.510804 -1.554765
v -0.915128 0.519779 -1.424960
v 0.805763 0.730923 -1.405660
v -0.386982 0.746137 -1.515050
v -0.513593 0.744989 -1.497050
v -0.516199 0.703163 -1.501100
v -0.379904 0.704352 -1.520390
v -0.873200 0.327408 -1.930910
v -0.900491 0.250973 -1.890080
v 0.002452 0.748361 -1.549340
v 0.002452 0.706360 -1.554940
v 0.296487 0.705123 -1.532900
v 0.296451 0.747002 -1.528620
v 0.264603 0.445582 -2.256180
v 0.260636 0.297541 -2.360280
v 0.002452 0.293464 -2.389090
v 0.002452 0.449030 -2.267950
v -0.669828 0.236043 -2.351360
v -0.647838 0.281621 -2.317830
v -0.669828 0.236043 -2.351360
v -0.647838 0.281621 -2.317830
v 0.625174 0.613676 -1.894805
v 0.648979 0.663461 -1.743560
v 0.690552 0.658185 -1.740280
v 0.660047 0.609098 -1.893055
v 0.539157 0.447942 -2.215280
v 0.753847 0.739171 -1.380850
v 0.694567 0.699441 -1.585882
v 0.657862 0.703676 -1.592191
v 0.666909 0.738443 -1.438020
v 0.718436 0.696930 -1.581937
v 0.565275 0.452287 -2.204990
v 0.539157 0.447942 -2.215280
v -0.772224 0.632419 -1.728190
v -0.786530 0.684698 -1.567060
v -0.713500 0.696888 -1.582122
v -0.685648 0.658185 -1.740280
v 0.905476 0.510804 -1.554765
v 0.890920 0.495695 -1.684570
v -0.644076 0.663461 -1.743560
v -0.652947 0.703630 -1.592376
v -0.637364 0.710275 -1.598275
v -0.622422 0.671744 -1.744480
v -0.589088 0.622307 -1.895330
v -0.622422 0.671744 -1.744480
v -0.274895 0.640636 -1.898080
v -0.655144 0.609099 -1.893055
v -0.620271 0.613676 -1.894804
v 0.002452 0.640636 -1.898080
v 0.424731 0.273349 -2.390150
v 0.808223 0.749638 -1.322900
v 0.805763 0.730923 -1.405660
v 0.753847 0.739171 -1.380850
v 0.391885 0.746137 -1.515050
v 0.338443 0.720000 -1.633675
v 0.296451 0.747002 -1.528620
v -0.386982 0.746137 -1.515050
v 0.627325 0.671744 -1.744480
v 0.567465 0.715099 -1.608378
v 0.642290 0.710331 -1.598044
v 0.002452 0.283101 -2.420000
v 0.002452 0.293464 -2.389090
v 0.652741 0.281621 -2.317830
v 0.501752 0.293834 -2.346440
v 0.655727 0.298340 -2.305250
v 0.472724 0.273704 -2.386750
v -0.933864 0.450559 -1.432700
v -0.940623 0.391509 -1.255050
v -0.933292 0.451306 -1.217150
v -0.915128 0.519779 -1.424960
v -0.909508 0.360372 -1.784440
v 0.845951 0.486718 -1.843692
v 0.703111 0.462335 -2.135310
v 0.565275 0.452287 -2.204990
v 0.732803 0.511528 -2.040080
v 0.703111 0.462335 -2.135310
v 0.629542 0.545358 -2.045830
v 0.629542 0.545358 -2.045830
v 0.601369 0.549237 -2.046050
v -0.464308 0.439357 -2.245380
v -0.555755 0.558216 -2.046180
v -0.268161 0.578052 -2.047260
v -0.259699 0.445582 -2.256180
v 0.002452 0.578052 -2.047260
v 0.002452 0.449030 -2.267950
v 0.878103 0.327408 -1.930910
v 0.856327 0.364917 -1.954370
v 0.873784 0.438239 -1.818218
v 0.884512 0.418878 -1.807740
v 0.890920 0.495695 -1.684570
v -0.255732 0.297541 -2.360280
v -0.253076 0.289647 -2.387850
v -0.926195 0.456195 -1.550450
v -0.900572 0.510804 -1.554765
v 0.469212 0.439357 -2.245380
v 0.503626 0.329876 -2.328890
v 0.501752 0.293834 -2.346440
v 0.472724 0.273704 -2.386750
v 0.847211 0.317595 -2.009300
v 0.770548 0.236785 -2.247280
v 0.770016 0.293073 -2.205180
v 0.859481 0.242607 -2.039690
v 0.796442 0.461442 -2.018880
v 0.845951 0.486718 -1.843692
v 0.424731 0.273349 -2.390150
v 0.318948 0.272784 -2.397620
v 0.884511 0.418878 -1.807740
v 0.914412 0.360372 -1.784440
v 0.905394 0.250973 -1.890080
v 0.878103 0.327408 -1.930910
v 0.931099 0.456195 -1.550450
v 0.938767 0.450559 -1.432700
v 0.944457 0.422986 -1.437800
v 0.937835 0.426842 -1.551235
v -0.466800 0.235835 -2.410030
v -0.466800 0.221156 -2.454325
v -0.669828 0.221364 -2.395655
v -0.669828 0.236043 -2.351360
v -0.655143 0.609099 -1.893055
v -0.750062 0.579300 -1.884135
v -0.547374 -0.086507 -1.901730
v 0.002452 -0.086507 -1.901730
v 0.921111 0.337706 -1.768310
v 0.674731 0.236042 -2.351360
v 0.652741 0.281621 -2.317830
v 0.731863 -0.076884 -2.217160
v 0.813212 -0.081691 -2.046200
v 0.002452 -0.081691 -2.046200
v 0.002452 -0.076884 -2.217160
v -0.243840 -0.070593 -2.403245
v 0.002452 -0.069681 -2.417290
v -0.726960 -0.076884 -2.217160
v -0.808309 -0.081691 -2.046200
v -0.852695 -0.086509 -1.910990
v -0.843389 -0.085483 -1.940110
v 0.552277 -0.086507 -1.901730
v 0.495035 -0.071505 -2.369200
v 0.656292 -0.072620 -2.306120
v 0.248743 -0.070593 -2.403245
v 0.857599 -0.086509 -1.910990
v 0.848292 -0.085483 -1.940110
v 0.384807 0.704352 -1.520390
v 0.391885 0.746137 -1.515050
v -0.626676 0.702850 -1.460790
v -0.653304 0.745042 -1.442300
v -0.662005 0.738443 -1.438020
v -0.748944 0.739171 -1.380850
v -0.803320 0.749638 -1.322900
v 0.521102 0.703163 -1.501100
v 0.518497 0.744989 -1.497040
v 0.718436 0.696930 -1.581937
v 0.791445 0.684738 -1.566925
v 0.914412 0.360372 -1.784440
v 0.923430 0.431799 -1.668200
v 0.931214 0.400666 -1.664670
v 0.948103 0.368712 -1.272290
v 0.945526 0.391509 -1.255050
v 0.666909 0.738443 -1.438020
v 0.658207 0.745042 -1.442300
v 0.631579 0.702850 -1.460790
v 0.753847 0.739171 -1.380850
v 0.808223 0.749638 -1.322900
v -0.291548 0.747002 -1.528620
v -0.291584 0.705123 -1.532900
v -0.698208 0.462335 -2.135310
v -0.560372 0.452287 -2.204990
v -0.510752 0.329913 -2.304600
v -0.682839 0.320252 -2.232630
v 0.279799 0.640636 -1.898080
v 0.593992 0.622307 -1.895330
v -0.906104 0.236774 -1.861350
v -0.900491 0.250973 -1.890080
v 0.796442 0.461442 -2.018880
v 0.687742 0.320252 -2.232630
v 0.703111 0.462335 -2.135310
v 0.827808 0.449167 -1.942180
v 0.847438 0.411708 -1.925490
v 0.856327 0.364917 -1.954370
v 0.844476 0.337951 -2.001050
v 0.687742 0.320252 -2.232630
v 0.767927 0.312400 -2.187620
v 0.655727 0.298340 -2.305250
v 0.515655 0.329913 -2.304600
v 0.501752 0.293834 -2.346440
v 0.503626 0.329876 -2.328890
v 0.844476 0.337951 -2.001050
v 0.548775 0.429535 -2.240780
v 0.565275 0.452287 -2.204990
v 0.515655 0.329913 -2.304600
v 0.565275 0.452287 -2.204990
v -0.851423 0.364917 -1.954370
v -0.839572 0.337951 -2.001050
v -0.842535 0.411708 -1.925490
v -0.822905 0.449167 -1.942180
v -0.791538 0.461442 -2.018880
v -0.650824 0.298340 -2.305250
v -0.763024 0.312400 -2.187620
v -0.682839 0.320252 -2.232630
v -0.496848 0.293834 -2.346440
v -0.510752 0.329913 -2.304600
v -0.498723 0.329876 -2.328890
v -0.839572 0.337951 -2.001050
v -0.543872 0.429535 -2.240780
v -0.560372 0.452287 -2.204990
v -0.310737 0.308926 -2.346510
v -0.259699 0.445582 -2.256180
v -0.255732 0.297541 -2.360280
v -0.371716 0.345504 -2.310730
v -0.464308 0.439357 -2.245380
v 0.376620 0.345504 -2.310730
v 0.469212 0.439357 -2.245380
v 0.315640 0.308926 -2.346510
v 0.859481 0.242607 -2.039690
v 0.859481 0.227928 -2.083985
v 0.770548 0.222106 -2.291575
v 0.770548 0.236785 -2.247280
v 0.656292 -0.080552 -2.350415
v 0.495035 -0.079438 -2.413495
v -0.834151 0.588653 -1.713360
v -0.772224 0.632419 -1.728190
v -0.750062 0.579300 -1.884135
v 0.255450 0.235804 -2.430300
v 0.255450 0.221125 -2.474595
v 0.002452 0.221101 -2.488405
v 0.002452 0.235780 -2.444110
v -0.765644 0.222106 -2.291575
v -0.765644 0.236785 -2.247280
v 0.674731 0.221363 -2.395655
v 0.674731 0.236042 -2.351360
v 0.002452 -0.077614 -2.461585
v -0.243840 -0.078526 -2.447540
v -0.726960 -0.076884 -2.217160
v -0.651388 -0.072620 -2.306120
v -0.651388 -0.080552 -2.350415
v -0.726960 -0.084816 -2.261455
v -0.854578 0.227929 -2.083985
v -0.854578 0.242608 -2.039690
v -0.843389 -0.085483 -1.940110
v -0.808309 -0.089623 -2.090495
v -0.826208 0.003041 -2.098215
v 0.248743 -0.078526 -2.447540
v -0.250547 0.235804 -2.430300
v -0.250547 0.221125 -2.474595
v -0.844108 0.095704 -2.105935
v -0.852695 -0.086509 -1.910990
v 0.848292 -0.085483 -1.940110
v 0.857599 -0.086509 -1.910990
v -0.918526 0.431799 -1.668200
v 0.890920 0.495695 -1.684570
v 0.923430 0.431799 -1.668200
v -0.886016 0.495695 -1.684570
v 0.767796 0.095342 -2.286845
v 0.849011 0.095703 -2.105935
v 0.674246 0.097456 -2.389185
v 0.255293 0.105928 -2.477135
v 0.471704 0.221156 -2.454325
v 0.471655 0.103426 -2.454415
v 0.749830 0.005263 -2.274150
v 0.656292 -0.080552 -2.350415
v 0.665269 0.008452 -2.369800
v 0.002452 0.106836 -2.495495
v -0.250390 0.105928 -2.477135
v -0.744927 0.005263 -2.274150
v -0.762893 0.095342 -2.286845
v -0.466752 0.103426 -2.454415
v -0.660365 0.008452 -2.369800
v -0.669342 0.097456 -2.389185
v 0.831111 0.003040 -2.098215
v 0.483345 0.011994 -2.433955
v 0.665269 0.008452 -2.369800
v 0.252018 0.013701 -2.457338
v -0.478441 0.011994 -2.433955
v -0.660365 0.008452 -2.369800
v 0.002452 0.014611 -2.478540
v -0.247115 0.013701 -2.457338
v -0.808309 -0.081691 -2.046200
v 0.656292 -0.072620 -2.306120
v 0.002452 0.748361 -1.549340
v -0.291548 0.747002 -1.528620
v 0.518497 0.744989 -1.497040
v 0.658207 0.745042 -1.442300
v 0.658207 0.745042 -1.442300
v 0.666909 0.738443 -1.438020
v -0.662005 0.738443 -1.438020
v -0.653304 0.745042 -1.442300
vn -0.8893 0.3423 -0.3033
vn -0.8934 0.3473 -0.2850
vn -0.8823 0.3739 -0.2860
vn -0.8817 0.3611 -0.3036
vn -0.9448 -0.2105 -0.2510
vn -0.9711 -0.1122 -0.2106
vn -0.9674 -0.1159 -0.2252
vn -0.9474 -0.2113 -0.2404
vn 0.9190 0.3763 -0.1174
vn 0.9182 0.3778 -0.1186
vn 0.9616 0.2707 -0.0448
vn 0.9633 0.2653 -0.0413
vn 0.6494 0.7172 -0.2528
vn 0.7951 0.5662 -0.2171
vn 0.7651 0.5810 -0.2775
vn 0.6096 0.7274 -0.3151
vn -0.8762 0.2816 -0.3911
vn -0.7569 0.4595 -0.4647
vn -0.6566 0.4975 -0.5669
vn -0.8801 0.2751 -0.3869
vn -0.9912 0.1238 -0.0458
vn 0.4623 0.8280 -0.3173
vn 0.2735 0.9224 -0.2727
vn 0.2276 0.9357 -0.2694
vn 0.4421 0.8421 -0.3088
vn 0.6231 0.6910 -0.3664
vn 0.7593 0.5592 -0.3328
vn 0.6662 0.6186 -0.4165
vn 0.6342 0.6278 -0.4512
vn 0.8969 0.4351 -0.0796
vn 0.9399 0.3345 -0.0684
vn 0.9328 0.3437 -0.1083
vn 0.8441 0.5160 -0.1458
vn -0.8441 0.5160 -0.1458
vn -0.7695 0.6273 -0.1202
vn -0.7147 0.6727 -0.1916
vn -0.8969 0.4351 -0.0796
vn 0.9474 -0.2113 -0.2404
vn 0.9674 -0.1159 -0.2252
vn 0.9711 -0.1122 -0.2106
vn 0.9448 -0.2105 -0.2510
vn 0.9436 0.2359 -0.2321
vn 0.9802 0.0365 -0.1944
vn -0.0000 0.6327 -0.7744
vn -0.0683 0.6358 -0.7688
vn -0.0660 0.6367 -0.7683
vn 0.2589 0.8873 -0.3816
vn 0.1987 0.8520 -0.4844
vn 0.1981 0.8428 -0.5004
vn 0.2546 0.8869 -0.3855
vn -0.1429 0.8172 -0.5584
vn -0.1082 0.7135 -0.6923
vn -0.1263 0.7503 -0.6489
vn -0.1432 0.9634 -0.2265
vn -0.1447 0.9590 -0.2436
vn -0.1477 0.9594 -0.2402
vn -0.1435 0.9634 -0.2265
vn -0.1432 0.9460 -0.2908
vn -0.1407 0.9590 -0.2460
vn -0.1422 0.9437 -0.2985
vn -0.1175 0.7509 -0.6498
vn -0.0832 0.8290 -0.5530
vn -0.1320 0.7070 -0.6948
vn -0.0751 0.8388 -0.5393
vn 0.0660 0.6367 -0.7683
vn 0.0523 0.6461 -0.7614
vn 0.0526 0.6437 -0.7635
vn 0.0683 0.6358 -0.7688
vn 0.2880 0.9028 -0.3193
vn 0.3088 0.8722 -0.3795
vn 0.3083 0.8698 -0.3853
vn 0.2929 0.8992 -0.3250
vn 0.3644 0.9166 -0.1641
vn 0.3939 0.9047 -0.1620
vn 0.8792 0.3493 -0.3239
vn 0.7517 0.4492 -0.4829
vn -0.0631 0.6496 -0.7577
vn -0.0517 0.6509 -0.7574
vn -0.0738 0.6472 -0.7587
vn -0.0525 0.6462 -0.7614
vn -0.0526 0.6437 -0.7635
vn 0.0286 0.9638 -0.2651
vn 0.0279 0.9534 -0.3005
vn -0.0000 0.9535 -0.3014
vn -0.0000 0.9624 -0.2717
vn -0.0928 0.9670 -0.2373
vn -0.1046 0.9648 -0.2414
vn -0.0488 0.9739 -0.2217
vn -0.0279 0.9534 -0.3005
vn -0.0467 0.9648 -0.2589
vn -0.0285 0.9638 -0.2651
vn -0.0653 0.9707 -0.2312
vn -0.0708 0.9650 -0.2524
vn -0.0928 0.9662 -0.2407
vn -0.0892 0.9706 -0.2238
vn -0.1956 0.5992 -0.7763
vn -0.1705 0.8168 -0.5512
vn -0.1683 0.8281 -0.5347
vn -0.1974 0.5667 -0.8000
vn 0.5780 0.5149 -0.6330
vn 0.7569 0.4595 -0.4647
vn 0.6566 0.4975 -0.5669
vn 0.1133 0.6532 -0.7487
vn 0.1276 0.6426 -0.7555
vn 0.1355 0.6366 -0.7592
vn -0.0912 -0.9639 -0.2500
vn -0.2284 0.4914 -0.8404
vn -0.2101 0.5319 -0.8203
vn -0.2734 0.6378 -0.7201
vn -0.6662 0.6186 -0.4165
vn -0.8725 0.3991 -0.2820
vn -0.7593 0.5592 -0.3328
vn -0.6319 0.5904 -0.5020
vn -0.6342 0.6278 -0.4512
vn -0.2499 0.8036 -0.5401
vn -0.2804 0.8299 -0.4823
vn -0.2237 0.7993 -0.5577
vn -0.3004 0.8353 -0.4605
vn -0.1244 0.8691 -0.4788
vn -0.1279 0.8769 -0.4633
vn -0.1952 0.8470 -0.4944
vn -0.2027 0.8531 -0.4808
vn -0.8911 0.3106 -0.3309
vn -0.8893 0.3098 -0.3364
vn -0.8940 0.3473 -0.2830
vn -0.8959 0.3435 -0.2817
vn -0.8958 0.3903 -0.2126
vn -0.9055 0.3153 -0.2840
vn -0.8924 0.3638 -0.2670
vn 0.1299 0.7062 -0.6960
vn 0.1200 0.7477 -0.6531
vn 0.0627 0.6506 -0.7568
vn 0.1093 0.7143 -0.6913
vn 0.1263 0.7503 -0.6489
vn 0.0741 0.6473 -0.7586
vn -0.2735 0.9224 -0.2727
vn -0.2276 0.9357 -0.2694
vn -0.0437 0.9577 -0.2844
vn -0.0717 0.9581 -0.2773
vn 0.5353 0.7699 -0.3473
vn -0.4623 0.8280 -0.3173
vn -0.4421 0.8421 -0.3088
vn -0.7077 0.2792 -0.6490
vn -0.7953 0.3925 -0.4620
vn -0.8070 0.4995 -0.3151
vn -0.9042 0.2478 -0.3480
vn -0.6854 0.4905 -0.5382
vn -0.8721 0.3931 -0.2914
vn -0.8758 0.3747 -0.3043
vn -0.0571 0.5223 -0.8508
vn -0.1459 0.5610 -0.8149
vn -0.1603 0.5606 -0.8124
vn -0.0695 0.5837 -0.8090
vn -0.0632 0.5619 -0.8248
vn -0.0582 0.5708 -0.8190
vn -0.5780 0.5149 -0.6330
vn 0.3455 0.8861 -0.3089
vn 0.4562 0.8542 -0.2496
vn 0.4827 0.8417 -0.2421
vn 0.3492 0.8857 -0.3060
vn 0.0540 0.7313 -0.6799
vn -0.0000 0.5287 -0.8488
vn 0.0582 0.5708 -0.8190
vn 0.2446 0.5869 -0.7718
vn 0.1774 0.7984 -0.5754
vn 0.1080 0.8050 -0.5834
vn 0.1603 0.5606 -0.8124
vn -0.7951 0.5662 -0.2171
vn -0.6494 0.7172 -0.2528
vn -0.1133 0.6532 -0.7487
vn -0.1355 0.6366 -0.7592
vn -0.1276 0.6426 -0.7555
vn 0.0365 0.8492 -0.5267
vn 0.0337 0.8874 -0.4598
vn 0.0595 0.8892 -0.4536
vn 0.0576 0.8437 -0.5337
vn 0.8817 0.3612 -0.3036
vn 0.8823 0.3741 -0.2858
vn 0.8934 0.3472 -0.2850
vn 0.8893 0.3423 -0.3033
vn -0.2546 0.8869 -0.3855
vn -0.2589 0.8873 -0.3816
vn 0.8762 0.2815 -0.3911
vn 0.8801 0.2751 -0.3869
vn 0.9912 0.1238 -0.0458
vn -0.9709 0.1386 -0.1951
vn -0.9657 0.2044 -0.1602
vn -0.9665 0.2108 -0.1463
vn -0.9705 0.1412 -0.1953
vn -0.9713 0.2231 -0.0823
vn -0.9825 0.1857 -0.0154
vn -0.9824 0.1860 -0.0157
vn -0.9717 0.2225 -0.0787
vn -0.9880 0.1530 0.0206
vn -0.9136 0.3725 -0.1633
vn -0.9328 0.3437 -0.1083
vn 0.7695 0.6273 -0.1202
vn 0.7147 0.6727 -0.1916
vn 0.1406 -0.1023 0.9848
vn 0.2449 -0.1255 0.9614
vn 0.2504 -0.1267 0.9598
vn 0.1406 -0.1021 0.9848
vn -0.9217 0.2350 -0.3086
vn -0.8455 0.4484 -0.2900
vn -0.0000 -0.1170 0.9931
vn -0.1066 -0.1091 0.9883
vn -0.1067 -0.1091 0.9883
vn 0.0738 0.5735 -0.8159
vn 0.0722 0.5846 -0.8081
vn -0.0000 0.5953 -0.8035
vn -0.2446 0.5869 -0.7718
vn -0.5712 0.5669 -0.5935
vn 0.1377 0.9184 -0.3710
vn 0.1431 0.9440 -0.2974
vn 0.1422 0.9466 -0.2893
vn 0.1386 0.9215 -0.3629
vn 0.1365 0.8227 -0.5518
vn 0.1433 0.9633 -0.2271
vn 0.1445 0.9590 -0.2436
vn 0.1502 0.9574 -0.2468
vn 0.1439 0.9632 -0.2271
vn 0.1403 0.9606 -0.2399
vn 0.0708 0.8435 -0.5324
vn 0.0776 0.8348 -0.5451
vn -0.2880 0.9028 -0.3193
vn -0.1937 0.9426 -0.2721
vn -0.2169 0.9352 -0.2799
vn -0.2929 0.8992 -0.3250
vn 0.9136 0.3725 -0.1633
vn 0.8903 0.3992 -0.2191
vn -0.3492 0.8857 -0.3060
vn -0.4827 0.8417 -0.2421
vn -0.4561 0.8542 -0.2496
vn -0.3455 0.8861 -0.3089
vn -0.0571 0.9349 -0.3504
vn -0.0602 0.9538 -0.2943
vn -0.0288 0.9359 -0.3510
vn -0.1385 0.9215 -0.3629
vn -0.1377 0.9184 -0.3710
vn -0.0000 0.9380 -0.3467
vn 0.0520 0.6504 -0.7578
vn 0.0488 0.9739 -0.2217
vn 0.1046 0.9648 -0.2414
vn 0.0928 0.9670 -0.2373
vn 0.0444 0.9708 -0.2359
vn 0.0467 0.9648 -0.2589
vn 0.0305 0.9707 -0.2384
vn -0.0444 0.9708 -0.2359
vn 0.0602 0.9538 -0.2942
vn 0.0708 0.9650 -0.2524
vn 0.0928 0.9662 -0.2407
vn -0.0000 0.9544 -0.2987
vn 0.1956 0.5992 -0.7763
vn 0.1705 0.8168 -0.5512
vn 0.1974 0.5667 -0.8000
vn 0.1683 0.8281 -0.5347
vn -0.9633 0.2653 -0.0413
vn -0.9803 0.1974 0.0019
vn -0.9616 0.2707 -0.0448
vn -0.9100 0.3015 -0.2847
vn 0.8725 0.3991 -0.2819
vn 0.6319 0.5904 -0.5020
vn 0.2435 0.8074 -0.5374
vn 0.2811 0.8328 -0.4769
vn 0.1893 0.8471 -0.4966
vn 0.2953 0.8135 -0.5009
vn 0.1260 0.8763 -0.4650
vn 0.1260 0.8671 -0.4819
vn -0.0576 0.8437 -0.5337
vn -0.0595 0.8892 -0.4536
vn -0.0337 0.8874 -0.4598
vn -0.0365 0.8492 -0.5267
vn -0.0000 0.8906 -0.4548
vn -0.0000 0.8541 -0.5202
vn 0.8911 0.3106 -0.3309
vn 0.8893 0.3098 -0.3364
vn 0.8940 0.3473 -0.2831
vn 0.8959 0.3436 -0.2817
vn 0.8924 0.3637 -0.2670
vn 0.0717 0.9581 -0.2773
vn 0.0437 0.9577 -0.2844
vn -0.9190 0.3763 -0.1174
vn -0.9182 0.3778 -0.1186
vn -0.5353 0.7699 -0.3473
vn 0.7076 0.2792 -0.6490
vn 0.9041 0.2476 -0.3482
vn 0.6855 0.4907 -0.5379
vn 0.7960 0.3917 -0.4614
vn 0.8068 0.4997 -0.3153
vn 0.8758 0.3747 -0.3042
vn 0.8721 0.3930 -0.2914
vn 0.0571 0.5223 -0.8508
vn 0.0695 0.5837 -0.8090
vn 0.9055 0.3153 -0.2840
vn 0.9100 0.3015 -0.2847
vn 0.8455 0.4484 -0.2900
vn 0.9217 0.2350 -0.3086
vn 0.9718 0.2225 -0.0787
vn 0.9824 0.1860 -0.0157
vn 0.9825 0.1857 -0.0154
vn 0.9713 0.2231 -0.0823
vn 0.9803 0.1974 0.0019
vn -0.0627 0.9474 -0.3139
vn -0.1580 0.5645 -0.8102
vn -0.4401 0.5144 -0.7361
vn -0.2373 0.9221 -0.3056
vn -0.9399 0.3345 -0.0684
vn -0.3083 0.8698 -0.3853
vn -0.3088 0.8722 -0.3795
vn 0.5712 0.5670 -0.5935
vn 0.0018 -0.9994 -0.0331
vn -0.2698 -0.9613 0.0566
vn -0.0000 -0.9995 -0.0307
vn -0.0000 -0.9995 -0.0316
vn -0.1015 0.1610 -0.9817
vn -0.0000 0.2494 -0.9684
vn -0.0018 -0.9994 -0.0331
vn -0.2284 0.4914 -0.8405
vn -0.0911 -0.9640 -0.2500
vn 0.2698 -0.9613 0.0566
vn 0.0013 -0.9994 -0.0352
vn 0.2179 -0.9753 0.0372
vn 0.0002 -0.9994 -0.0336
vn -0.0000 -0.9994 -0.0333
vn 0.2284 0.4914 -0.8405
vn 0.0911 -0.9640 -0.2500
vn 0.1015 0.1610 -0.9817
vn -0.0013 -0.9994 -0.0352
vn -0.2180 -0.9752 0.0373
vn -0.0002 -0.9994 -0.0336
vn -0.1407 -0.1022 0.9848
vn -0.1406 -0.1024 0.9848
vn 0.4045 -0.0888 0.9102
vn 0.4378 -0.1020 0.8933
vn 0.5280 -0.0191 0.8490
vn 0.4382 0.8533 0.2826
vn 0.4095 0.8843 0.2245
vn -0.2504 -0.1268 0.9598
vn -0.2449 -0.1257 0.9614
vn 0.2168 0.9352 -0.2798
vn 0.1937 0.9426 -0.2721
vn 0.9705 0.1412 -0.1952
vn 0.9665 0.2107 -0.1463
vn 0.9657 0.2044 -0.1602
vn 0.9710 0.1385 -0.1951
vn -0.5280 -0.0191 0.8490
vn -0.4378 -0.1021 0.8933
vn -0.4045 -0.0889 0.9102
vn -0.4382 0.8533 0.2825
vn -0.4095 0.8843 0.2245
vn 0.1067 -0.1091 0.9883
vn 0.1066 -0.1091 0.9883
vn -0.6179 0.3971 -0.6786
vn -0.3598 0.4988 -0.7885
vn -0.5258 0.4411 -0.7273
vn 0.0288 0.9359 -0.3510
vn 0.0571 0.9349 -0.3504
vn -0.9802 0.0365 -0.1944
vn -0.9436 0.2359 -0.2321
vn 0.8987 -0.0293 -0.4377
vn 0.5257 0.4411 -0.7273
vn 0.6179 0.3971 -0.6786
vn 0.8656 0.1417 -0.4803
vn 0.7978 0.3209 -0.5104
vn 0.7166 0.4753 -0.5105
vn 0.6650 0.5611 -0.4929
vn 0.2580 0.8878 -0.3810
vn 0.2279 0.9433 -0.2415
vn 0.0931 0.9411 -0.3250
vn 0.7357 0.3179 -0.5980
vn 0.4763 0.6417 -0.6011
vn 0.8900 0.1165 -0.4409
vn 0.2161 0.9515 -0.2190
vn 0.9189 -0.0552 -0.3907
vn 0.9201 -0.0576 -0.3875
vn 0.3598 0.4988 -0.7885
vn -0.7166 0.4753 -0.5105
vn -0.6650 0.5611 -0.4929
vn -0.7978 0.3209 -0.5104
vn -0.8656 0.1417 -0.4803
vn -0.8987 -0.0292 -0.4377
vn -0.0931 0.9411 -0.3250
vn -0.2279 0.9433 -0.2415
vn -0.2580 0.8878 -0.3810
vn -0.4763 0.6417 -0.6011
vn -0.7357 0.3179 -0.5980
vn -0.8900 0.1165 -0.4409
vn -0.2161 0.9515 -0.2190
vn -0.9189 -0.0552 -0.3907
vn -0.9201 -0.0576 -0.3875
vn -0.1029 0.5750 -0.8117
vn -0.0738 0.5735 -0.8159
vn -0.0722 0.5846 -0.8081
vn -0.0932 0.5549 -0.8266
vn -0.0608 0.5293 -0.8463
vn 0.0932 0.5549 -0.8266
vn 0.0608 0.5293 -0.8463
vn 0.1029 0.5750 -0.8117
vn 0.5578 0.7878 -0.2611
vn 0.8575 0.4049 -0.3174
vn 0.7201 0.4788 -0.5022
vn 0.5055 0.8190 -0.2714
vn 0.9880 0.1530 0.0206
vn 0.2284 0.4914 -0.8404
vn 0.0912 -0.9639 -0.2500
vn 0.2734 0.6378 -0.7201
vn 0.2101 0.5319 -0.8203
vn -0.7651 0.5810 -0.2775
vn -0.6096 0.7273 -0.3151
vn -0.6231 0.6910 -0.3664
vn 0.0171 0.9491 -0.3145
vn 0.0639 0.5924 -0.8031
vn -0.0000 0.5929 -0.8053
vn -0.0000 0.9492 -0.3146
vn -0.7201 0.4788 -0.5022
vn -0.5055 0.8191 -0.2714
vn 0.4401 0.5144 -0.7361
vn 0.3171 0.9003 -0.2983
vn -0.1015 0.1611 -0.9817
vn -0.0000 0.5676 -0.8233
vn -0.0798 0.5706 -0.8174
vn -0.3644 0.9166 -0.1641
vn -0.2544 0.9520 -0.1705
vn -0.7506 0.1642 -0.6400
vn -0.7517 0.4492 -0.4829
vn -0.8575 0.4049 -0.3174
vn -0.5578 0.7878 -0.2611
vn -0.7258 -0.6619 -0.1873
vn -0.8792 0.3493 -0.3240
vn -0.9218 -0.2170 -0.3211
vn 0.1015 0.1611 -0.9817
vn 0.0798 0.5706 -0.8174
vn -0.0235 0.9490 -0.3145
vn -0.0639 0.5924 -0.8031
vn -0.9374 -0.1197 -0.3269
vn -0.9378 -0.2075 -0.2784
vn 0.7258 -0.6619 -0.1873
vn 0.9378 -0.2075 -0.2785
vn -0.8955 0.3881 -0.2179
vn 0.8958 0.3903 -0.2126
vn 0.8955 0.3881 -0.2180
vn -0.8903 0.3992 -0.2191
vn 0.8300 -0.1276 -0.5430
vn 0.9374 -0.1197 -0.3269
vn 0.5341 -0.1259 -0.8360
vn 0.0849 -0.0882 -0.9925
vn 0.1580 0.5645 -0.8102
vn 0.1956 -0.1064 -0.9749
vn 0.8139 -0.2249 -0.5358
vn 0.7506 0.1642 -0.6400
vn 0.7260 -0.2256 -0.6497
vn -0.0000 -0.0773 -0.9970
vn -0.0849 -0.0882 -0.9925
vn -0.8139 -0.2249 -0.5358
vn -0.8300 -0.1276 -0.5430
vn -0.1956 -0.1064 -0.9749
vn -0.7260 -0.2256 -0.6497
vn -0.5341 -0.1259 -0.8360
vn 0.9218 -0.2170 -0.3211
vn 0.2162 -0.1910 -0.9575
vn 0.3232 -0.1994 -0.9251
vn 0.0799 0.5706 -0.8174
vn 0.0905 -0.1766 -0.9801
vn -0.2162 -0.1910 -0.9575
vn -0.2797 0.6377 -0.7177
vn -0.3232 -0.1994 -0.9251
vn -0.0000 -0.1711 -0.9853
vn -0.0799 0.5706 -0.8174
vn -0.0905 -0.1766 -0.9801
vn 0.2733 0.6378 -0.7201
vn -0.3939 0.9047 -0.1620
vn -0.8792 0.3493 -0.3239
vn 0.2544 0.9520 -0.1705
vn -0.0000 0.9695 -0.2451
vn -0.0305 0.9707 -0.2384
vn 0.0653 0.9707 -0.2312
vn 0.0892 0.9706 -0.2237
vn 0.5377 0.8124 -0.2254
vn -0.5376 0.8125 -0.2255
vt 0.820313 0.584961
vt 0.804277 0.590574
vt 0.806945 0.594545
vt 0.824219 0.591797
vt 0.817383 0.517578
vt 0.816406 0.533203
vt 0.822266 0.533203
vt 0.903637 0.776452
vt 0.823242 0.518067
vt 0.899602 0.766818
vt 0.701172 0.606445
vt 0.699219 0.629883
vt 0.757812 0.590332
vt 0.759766 0.601074
vt 0.738281 0.603516
vt 0.738281 0.591797
vt 0.703125 0.591797
vt 0.701172 0.606445
vt 0.703125 0.591797
vt 0.761719 0.629883
vt 0.761719 0.619629
vt 0.785156 0.614258
vt 0.789063 0.622070
vt 0.835938 0.569336
vt 0.865234 0.569790
vt 0.867188 0.566861
vt 0.833984 0.573242
vt 0.701172 0.606445
vt 0.738281 0.603516
vt 0.808594 0.823242
vt 0.798828 0.817383
vt 0.798828 0.816406
vt 0.810547 0.823242
vt 0.720703 0.641602
vt 0.814453 0.611817
vt 0.810547 0.604004
vt 0.835938 0.593750
vt 0.839844 0.601563
vt 0.699219 0.629883
vt 0.701172 0.606445
vt 0.738281 0.603516
vt 0.738281 0.625000
vt 0.738281 0.625000
vt 0.734375 0.637695
vt 0.823242 0.518067
vt 0.598608 0.766818
vt 0.822266 0.533203
vt 0.594789 0.776452
vt 0.816406 0.533203
vt 0.817382 0.517578
vt 0.814453 0.558594
vt 0.593162 0.791799
vt 0.835685 0.882128
vt 0.810547 0.555664
vt 0.744141 0.810547
vt 0.789063 0.810547
vt 0.789063 0.813477
vt 0.636719 0.868164
vt 0.640625 0.858398
vt 0.648438 0.859375
vt 0.642578 0.869141
vt 0.835938 0.840820
vt 0.824219 0.839844
vt 0.833984 0.837891
vt 0.859375 0.890625
vt 0.861325 0.883799
vt 0.867578 0.882969
vt 0.873047 0.890625
vt 0.863281 0.876953
vt 0.857402 0.884212
vt 0.855469 0.877930
vt 0.837891 0.837891
vt 0.835938 0.840820
vt 0.833984 0.837891
vt 0.841797 0.841797
vt 0.701172 0.813477
vt 0.689453 0.816406
vt 0.689453 0.810547
vt 0.701172 0.810547
vt 0.611328 0.872070
vt 0.615234 0.861817
vt 0.630859 0.867188
vt 0.625000 0.876953
vt 0.768566 0.512381
vt 0.768566 0.512381
vt 0.768566 0.512381
vt 0.607457 0.758659
vt 0.767736 0.520668
vt 0.620371 0.761333
vt 0.768566 0.512381
vt 0.810547 0.823242
vt 0.816406 0.810547
vt 0.824219 0.821289
vt 0.798828 0.816406
vt 0.798828 0.810547
vt 0.694336 0.886719
vt 0.695313 0.881836
vt 0.744141 0.881836
vt 0.744141 0.886719
vt 0.873047 0.890625
vt 0.882813 0.888672
vt 0.882813 0.892578
vt 0.792969 0.881836
vt 0.801627 0.886647
vt 0.793945 0.886719
vt 0.833984 0.891602
vt 0.841907 0.885880
vt 0.854398 0.885049
vt 0.857422 0.891602
vt 0.855469 0.812500
vt 0.830078 0.814453
vt 0.826172 0.811523
vt 0.857422 0.815430
vt 0.886719 0.565971
vt 0.884766 0.568900
vt 0.865234 0.569790
vt 0.867188 0.566861
vt 0.703125 0.591797
vt 0.708984 0.582031
vt 0.671875 0.810547
vt 0.664063 0.821289
vt 0.658203 0.820313
vt 0.664063 0.811523
vt 0.724286 0.507403
vt 0.723948 0.509766
vt 0.723948 0.509766
vt 0.831071 0.763827
vt 0.724286 0.507403
vt 0.859452 0.762909
vt 0.835938 0.593750
vt 0.807320 0.596305
vt 0.810547 0.604004
vt 0.855469 0.593750
vt 0.839844 0.601563
vt 0.865234 0.842773
vt 0.851563 0.857422
vt 0.841797 0.841797
vt 0.869141 0.851563
vt 0.847656 0.858398
vt 0.851563 0.857422
vt 0.839844 0.859375
vt 0.847656 0.858398
vt 0.822266 0.571289
vt 0.826172 0.577148
vt 0.803489 0.587997
vt 0.802024 0.586106
vt 0.781250 0.598633
vt 0.801758 0.584961
vt 0.781250 0.598633
vt 0.654297 0.837891
vt 0.650391 0.837891
vt 0.677734 0.823242
vt 0.664063 0.839844
vt 0.654297 0.837891
vt 0.664063 0.821289
vt 0.689453 0.817383
vt 0.689453 0.816406
vt 0.701172 0.813477
vt 0.699219 0.815430
vt 0.824219 0.839844
vt 0.679688 0.823242
vt 0.677734 0.823242
vt 0.826172 0.811523
vt 0.830078 0.814453
vt 0.830078 0.820313
vt 0.867188 0.566861
vt 0.839844 0.556641
vt 0.659688 0.874648
vt 0.835938 0.569336
vt 0.875000 0.555664
vt 0.807320 0.596305
vt 0.835938 0.593750
vt 0.816406 0.810547
vt 0.824219 0.804688
vt 0.826172 0.811523
vt 0.798828 0.810547
vt 0.787109 0.804688
vt 0.789063 0.810547
vt 0.886719 0.565971
vt 0.884766 0.568900
vt 0.636719 0.878906
vt 0.633879 0.885058
vt 0.630877 0.884219
vt 0.632813 0.877930
vt 0.701172 0.804688
vt 0.770691 0.855117
vt 0.744141 0.804688
vt 0.744141 0.810547
vt 0.701172 0.810547
vt 0.632813 0.812500
vt 0.628906 0.804688
vt 0.812619 0.859064
vt 0.664063 0.804688
vt 0.792316 0.856131
vt 0.664063 0.811523
vt 0.761719 0.619629
vt 0.761719 0.629883
vt 0.826172 0.811523
vt 0.830078 0.820313
vt 0.824219 0.821289
vt 0.816406 0.810547
vt 0.699219 0.841797
vt 0.697266 0.863281
vt 0.648438 0.859375
vt 0.664063 0.839844
vt 0.824219 0.591797
vt 0.806885 0.594555
vt 0.804263 0.590579
vt 0.820313 0.584961
vt 0.845703 0.869141
vt 0.851562 0.868164
vt 0.835938 0.569336
vt 0.833984 0.573242
vt 0.738281 0.603516
vt 0.793945 0.569336
vt 0.777344 0.583008
vt 0.777344 0.588867
vt 0.795898 0.573730
vt 0.758789 0.584961
vt 0.740234 0.586914
vt 0.738281 0.591797
vt 0.757812 0.590332
vt 0.708984 0.582031
vt 0.712891 0.578125
vt 0.720703 0.641602
vt 0.759766 0.601074
vt 0.738281 0.603516
vt 0.734375 0.637695
vt 0.990234 0.472156
vt 0.992188 0.472156
vt 0.992188 0.472156
vt 0.990234 0.472156
vt 0.822266 0.571289
vt 0.814453 0.558594
vt 0.655096 0.882128
vt 0.990234 0.472156
vt 0.990234 0.472156
vt 0.990234 0.472156
vt 0.990234 0.472156
vt 0.807192 0.477921
vt 0.802428 0.356632
vt 0.492410 0.353466
vt 0.492410 0.477830
vt 0.859375 0.804688
vt 0.855469 0.812500
vt 0.892578 0.555664
vt 0.886719 0.565971
vt 0.636719 0.868164
vt 0.632813 0.877930
vt 0.625000 0.876953
vt 0.630859 0.867188
vt 0.652344 0.840820
vt 0.615234 0.890625
vt 0.625171 0.883449
vt 0.630877 0.884219
vt 0.628906 0.890625
vt 0.620698 0.882976
vt 0.646484 0.841797
vt 0.652344 0.840820
vt 0.876953 0.872070
vt 0.879881 0.880364
vt 0.867578 0.882969
vt 0.863281 0.876953
vt 0.759766 0.601074
vt 0.781250 0.598633
vt 0.855469 0.877930
vt 0.857402 0.884212
vt 0.854398 0.885049
vt 0.851563 0.878906
vt 0.845703 0.869141
vt 0.851563 0.878906
vt 0.791992 0.872558
vt 0.857422 0.867188
vt 0.851562 0.868164
vt 0.744141 0.872558
vt 0.671875 0.810547
vt 0.605469 0.892578
vt 0.605469 0.888672
vt 0.615234 0.890625
vt 0.677734 0.891602
vt 0.686651 0.886648
vt 0.693359 0.891602
vt 0.810547 0.891602
vt 0.636719 0.878906
vt 0.647462 0.885889
vt 0.633879 0.885058
vt 0.744141 0.810547
vt 0.744141 0.812500
vt 0.632813 0.812500
vt 0.658203 0.814453
vt 0.630859 0.815430
vt 0.664063 0.811523
vt 0.738281 0.591797
vt 0.708984 0.582031
vt 0.703125 0.591797
vt 0.738281 0.603516
vt 0.795898 0.573730
vt 0.807280 0.596309
vt 0.855469 0.593750
vt 0.646484 0.841797
vt 0.619141 0.851563
vt 0.623047 0.842773
vt 0.636719 0.857422
vt 0.636719 0.857422
vt 0.640625 0.858398
vt 0.824219 0.839844
vt 0.839844 0.859375
vt 0.791016 0.863281
vt 0.789063 0.841797
vt 0.744141 0.863281
vt 0.744141 0.841797
vt 0.822266 0.571289
vt 0.826172 0.577148
vt 0.803503 0.587990
vt 0.801758 0.584961
vt 0.781250 0.598633
vt 0.789063 0.815430
vt 0.789063 0.813477
vt 0.757812 0.590332
vt 0.759766 0.601074
vt 0.664063 0.839844
vt 0.658203 0.820313
vt 0.658203 0.814453
vt 0.664063 0.811523
vt 0.835938 0.569336
vt 0.875000 0.555664
vt 0.867188 0.566861
vt 0.839844 0.556641
vt 0.831094 0.874648
vt 0.835938 0.593750
vt 0.807280 0.596309
vt 0.671875 0.810547
vt 0.689453 0.810547
vt 0.801758 0.584961
vt 0.795899 0.573730
vt 0.814453 0.558594
vt 0.835685 0.882128
vt 0.822266 0.571289
vt 0.757812 0.590332
vt 0.738281 0.591797
vt 0.740234 0.586914
vt 0.758789 0.584961
vt 0.698466 0.856131
vt 0.698466 0.853916
vt 0.826998 0.795838
vt 0.678163 0.856850
vt 0.862587 0.795115
vt 0.678163 0.859064
vt 0.857422 0.867188
vt 0.873047 0.861817
vt 0.726360 0.508946
vt 0.726360 0.516856
vt 0.793946 0.569336
vt 0.892578 0.555664
vt 0.886719 0.565971
vt 0.724768 0.527369
vt 0.725636 0.528527
vt 0.725636 0.516856
vt 0.724768 0.516856
vt 0.723828 0.513311
vt 0.723707 0.516856
vt 0.724768 0.506342
vt 0.725636 0.505184
vt 0.726312 0.504509
vt 0.726167 0.504654
vt 0.726360 0.524765
vt 0.723948 0.523945
vt 0.724286 0.526308
vt 0.723828 0.520400
vt 0.726312 0.529202
vt 0.726167 0.529057
vt 0.990234 0.472156
vt 0.990234 0.472156
vt 0.992188 0.472156
vt 0.992188 0.472156
vt 0.992188 0.472156
vt 0.992188 0.472156
vt 0.992188 0.472156
vt 0.990234 0.472156
vt 0.990234 0.472156
vt 0.620117 0.883789
vt 0.608398 0.880371
vt 0.795898 0.573730
vt 0.777344 0.588867
vt 0.777344 0.583008
vt 0.712891 0.578125
vt 0.708984 0.582031
vt 0.990234 0.472156
vt 0.990234 0.472156
vt 0.990234 0.472156
vt 0.990234 0.472156
vt 0.990234 0.472156
vt 0.990234 0.472156
vt 0.990234 0.472156
vt 0.737959 0.197923
vt 0.559389 0.189936
vt 0.495582 0.115186
vt 0.715760 0.106097
vt 0.696289 0.872558
vt 0.642578 0.869141
vt 0.810547 0.555664
vt 0.655096 0.882128
vt 0.906092 0.791799
vt 0.814453 0.558594
vt 0.885438 0.195580
vt 0.715717 0.106098
vt 0.737914 0.197924
vt 0.925836 0.187382
vt 0.950636 0.162981
vt 0.953082 0.133417
vt 0.933098 0.119838
vt 0.715717 0.106098
vt 0.819375 0.100366
vt 0.673924 0.092176
vt 0.495540 0.115186
vt 0.476958 0.096396
vt 0.479968 0.115259
vt 0.933098 0.119838
vt 0.537622 0.177949
vt 0.559346 0.189937
vt 0.495540 0.115186
vt 0.559346 0.189937
vt 0.953126 0.133417
vt 0.933142 0.119838
vt 0.950682 0.162980
vt 0.925880 0.187382
vt 0.885483 0.195580
vt 0.673967 0.092176
vt 0.819419 0.100366
vt 0.715760 0.106097
vt 0.477001 0.096396
vt 0.495582 0.115186
vt 0.480011 0.115259
vt 0.933142 0.119838
vt 0.537665 0.177948
vt 0.559389 0.189936
vt 0.116345 0.365471
vt 0.177628 0.477921
vt 0.182392 0.356632
vt 0.043122 0.399542
vt 0.010273 0.474687
vt 0.941698 0.399542
vt 0.974429 0.474687
vt 0.868475 0.365471
vt 0.831094 0.874648
vt 0.599752 0.791846
vt 0.831094 0.872433
vt 0.822200 0.862054
vt 0.613717 0.793872
vt 0.822200 0.864268
vt 0.724286 0.526308
vt 0.632852 0.762909
vt 0.723948 0.523945
vt 0.660358 0.763827
vt 0.785156 0.614258
vt 0.789063 0.622070
vt 0.814453 0.611817
vt 0.770691 0.855117
vt 0.701703 0.796092
vt 0.770691 0.852903
vt 0.745448 0.796265
vt 0.745391 0.852212
vt 0.745391 0.854427
vt 0.668581 0.862054
vt 0.879914 0.793872
vt 0.668581 0.864268
vt 0.629597 0.795115
vt 0.812619 0.856850
vt 0.812619 0.859064
vt 0.723707 0.516856
vt 0.745383 0.764628
vt 0.723828 0.513311
vt 0.788158 0.764354
vt 0.768566 0.512381
vt 0.768566 0.512381
vt 0.768566 0.512381
vt 0.859452 0.762909
vt 0.873161 0.761333
vt 0.768566 0.512381
vt 0.659688 0.872433
vt 0.896771 0.791846
vt 0.659688 0.874648
vt 0.895567 0.757184
vt 0.824219 0.502930
vt 0.767736 0.520668
vt 0.888441 0.758659
vt 0.768566 0.512381
vt 0.891567 0.768465
vt 0.723828 0.520400
vt 0.702801 0.764354
vt 0.720091 0.855117
vt 0.789384 0.796092
vt 0.720091 0.852903
vt 0.894693 0.778272
vt 0.818359 0.501953
vt 0.602426 0.757184
vt 0.824219 0.502930
vt 0.818359 0.501953
vt 0.777344 0.588867
vt 0.781250 0.598633
vt 0.777344 0.588867
vt 0.781250 0.598633
vt 0.614120 0.780530
vt 0.601303 0.778272
vt 0.629622 0.782051
vt 0.701616 0.784055
vt 0.664371 0.795838
vt 0.792316 0.853916
vt 0.664279 0.783505
vt 0.617245 0.770932
vt 0.632852 0.762909
vt 0.768566 0.512381
vt 0.631237 0.772480
vt 0.745302 0.784384
vt 0.789242 0.784055
vt 0.876262 0.770932
vt 0.879363 0.780530
vt 0.826890 0.783505
vt 0.860948 0.772480
vt 0.862443 0.782051
vt 0.604380 0.768465
vt 0.662319 0.773666
vt 0.631237 0.772480
vt 0.702243 0.774141
vt 0.828981 0.773666
vt 0.860948 0.772480
vt 0.745343 0.774506
vt 0.788735 0.774141
vt 0.768566 0.512381
vt 0.768566 0.512381
vt 0.744141 0.891602
vt 0.794922 0.891602
vt 0.656250 0.891602
vt 0.630859 0.891602
vt 0.630859 0.891602
vt 0.628906 0.890625
vt 0.859375 0.890625
vt 0.857422 0.891602
s 1
usemtl carskin1.001
f 1170/1173/931 1171/1174/932 1172/1175/933 1173/1176/934
f 1174/1177/935 1175/1178/936 1176/1179/937 1177/1181/938
f 1180/1185/939 1181/1186/940 1182/1187/941 1183/1188/942
f 1187/1192/943 1188/1193/944 1189/1194/945 1190/1195/946
f 1191/1196/947 1192/1197/948 1193/1198/949
f 1192/1197/948 1191/1196/947 1194/1199/950
f 1186/1191/951 1195/1200/951 1196/1201/951
f 1197/1202/952 1198/1203/953 1199/1204/954 1200/1205/955
f 1202/1207/956 1203/1208/957 1204/1209/958 1205/1210/959
f 1206/1211/960 1207/1212/961 1208/1213/962 1209/1214/963
f 1210/1215/964 1201/1206/965 1211/1216/966
f 1179/1184/967 1201/1206/965 1210/1215/964
f 1212/1217/968 1213/1219/969 1214/1221/970 1215/1222/971
f 1213/1219/969 1216/1223/972 1217/1226/973 1214/1221/970
f 1218/1227/974 1219/1228/975 1220/1229/976
f 1221/1230/977 1222/1231/978 1223/1232/979 1224/1233/980
f 1225/1234/981 1226/1235/982 1227/1236/983
f 1228/1237/984 1229/1238/985 1230/1239/986 1231/1240/987
f 1232/1241/988 1229/1238/985 1233/1242/989 1234/1243/990
f 1235/1244/991 1236/1245/992 1237/1246/993
f 1236/1245/992 1235/1244/991 1238/1247/994
f 1239/1248/995 1240/1249/996 1241/1250/997 1242/1251/998
f 1243/1252/999 1244/1253/1000 1245/1254/1001 1246/1255/1002
f 1247/1256/1003 1248/1257/1004 1249/1258/1005 1250/1262/1006
f 1251/1263/1007 1252/1264/1008 1253/1265/1009
f 1254/1266/1010 1252/1264/1008 1251/1263/1007
f 1255/1267/1011 1252/1264/1008 1254/1266/1010
f 1256/1268/1012 1257/1269/1013 1258/1270/1014 1259/1271/1015
f 1260/1272/1016 1261/1273/1017 1262/1274/1018
f 1263/1275/1019 1264/1276/1020 1265/1277/1021
f 1266/1278/1022 1267/1279/1023 1268/1280/1024 1269/1281/1025
f 1270/1282/1026 1271/1283/1027 1272/1284/1028
f 1271/1283/1027 1270/1282/1026 1273/1285/1029
f 1274/1286/1030 1275/1287/1030 1276/1288/1031 1277/1289/1032
f 1280/1292/1033 1281/1293/1034 1282/1294/1035 1283/1295/1033
f 1284/1296/1036 1285/1297/1037 1286/1298/1038 1287/1300/1039
f 1288/1302/1040 1289/1303/1041 1290/1304/1042
f 1291/1305/1043 1288/1302/1040 1292/1306/1044
f 1293/1307/1045 1294/1308/1046 1295/1309/1047
f 1294/1308/1046 1293/1307/1045 1296/1310/1048
f 1238/1247/994 1297/1311/1049 1236/1245/992
f 1297/1311/1049 1238/1247/994 1298/1312/1050
f 1225/1234/981 1299/1313/1051 1226/1235/982
f 1299/1313/1051 1225/1234/981 1300/1314/1052
f 1220/1229/976 1219/1228/975 1255/1267/1011 1254/1266/1010
f 1194/1199/950 1301/1315/1053 1302/1316/1054
f 1301/1315/1053 1194/1199/950 1191/1196/947
f 1302/1316/1054 1303/1317/1055 1171/1174/932 1170/1173/931
f 1303/1317/1055 1304/1318/1056 1305/1319/1057 1306/1320/1058 1307/1321/1059
f 1281/1293/1034 1308/1322/1060 1309/1323/1061 1282/1294/1035
f 1310/1324/1062 1311/1325/1063 1312/1326/1064 1313/1327/1065
f 1314/1328/1066 1315/1329/1067 1316/1330/1068 1317/1331/1069
f 1197/1202/952 1200/1205/955 1318/1332/1070
f 1319/1333/1071 1320/1334/1072 1315/1329/1067 1314/1328/1066
f 1321/1335/1073 1322/1336/1073 1323/1337/1073
f 1324/1338/1074 1325/1339/1075 1326/1341/1076
f 1325/1339/1075 1324/1338/1074 1327/1342/1077
f 1173/1176/934 1172/1175/933 1328/1343/1078 1329/1344/1079
f 1330/1345/1080 1331/1346/1081 1332/1347/1082
f 1333/1348/1083 1331/1346/1081 1330/1345/1080
f 1334/1349/1084 1333/1348/1083 1335/1350/1085
f 1334/1349/1084 1331/1346/1081 1333/1348/1083
f 1336/1351/1086 1193/1198/949 1192/1197/948 1337/1352/1086
f 1338/1353/1087 1339/1354/1088 1340/1355/1089 1341/1356/1090
f 1342/1357/1091 1343/1359/1092 1344/1360/1092 1345/1361/1093
f 1346/1362/1094 1347/1363/1095 1348/1365/1096 1349/1367/1097
f 1253/1265/1009 1227/1236/983 1226/1235/982 1251/1263/1007
f 1350/1368/1098 1210/1215/964 1211/1216/966 1351/1369/1099
f 1352/1370/1100 1353/1371/1101 1354/1372/1102 1355/1373/1100
f 1356/1374/1103 1357/1375/1104 1358/1376/1105 1359/1377/1106
f 1360/1378/1107 1361/1379/1108 1362/1380/1109 1363/1381/1110
f 1364/1382/1111 1299/1313/1051 1300/1314/1052 1365/1383/1112
f 1366/1384/1113 1276/1288/1031 1367/1385/1114
f 1276/1288/1031 1366/1384/1113 1277/1289/1032
f 1368/1386/1115 1185/1190/1115 1184/1189/1115
f 1369/1387/1116 1370/1388/1117 1371/1389/1118 1372/1390/1119
f 1373/1391/1120 1374/1392/1121 1375/1393/1122 1376/1394/1123
f 1377/1395/1124 1375/1393/1122 1374/1392/1121 1378/1396/1124
f 1380/1398/1125 1381/1399/1126 1210/1215/964 1350/1368/1098
f 1209/1214/963 1379/1397/1127 1206/1211/960
f 1382/1400/1128 1379/1397/1127 1209/1214/963
f 1383/1401/1129 1384/1402/1130 1385/1403/1131 1386/1404/1132
f 1387/1405/1133 1326/1341/1076 1325/1339/1075 1388/1406/1134
f 1389/1408/1135 1390/1409/1135 1391/1410/1136 1392/1411/1137
f 1393/1412/1138 1394/1413/1139 1395/1414/1140 1396/1415/1140
f 1332/1347/1082 1331/1346/1081 1397/1416/1141 1398/1417/1141
f 1399/1418/1142 1327/1342/1077 1324/1338/1074 1400/1419/1142
f 1239/1248/995 1242/1251/998 1218/1227/974
f 1401/1420/1143 1402/1421/1144 1403/1422/1145 1404/1423/1146
f 1312/1326/1064 1311/1325/1063 1405/1424/1147
f 1406/1425/1148 1407/1426/1149 1408/1427/1150 1409/1428/1151
f 1402/1421/1144 1407/1426/1149 1410/1429/1152 1403/1422/1145
f 1308/1322/1060 1411/1430/1153 1309/1323/1061
f 1411/1430/1153 1308/1322/1060 1412/1431/1154
f 1413/1432/1155 1414/1433/1156 1415/1434/1157 1416/1435/1158
f 1188/1193/944 1417/1436/1159 1418/1437/1160 1189/1194/945
f 1419/1438/1161 1420/1439/1162 1421/1440/1163 1422/1441/1164
f 1423/1442/1165 1424/1443/1166 1263/1275/1019 1425/1444/1167
f 1298/1312/1050 1426/1445/1168 1427/1446/1169 1297/1311/1049
f 1425/1444/1167 1263/1275/1019 1258/1270/1014 1428/1447/1170
f 1313/1327/1065 1240/1249/996 1310/1324/1062
f 1429/1448/1171 1240/1249/996 1313/1327/1065
f 1241/1250/997 1240/1249/996 1429/1448/1171
f 1430/1449/1172 1431/1450/1173 1432/1451/1174
f 1433/1452/1175 1434/1453/1176 1256/1268/1012 1435/1454/1177
f 1266/1278/1022 1436/1455/1178 1264/1276/1020 1267/1279/1023
f 1437/1456/1179 1438/1457/1180 1439/1458/1181
f 1317/1331/1069 1316/1330/1068 1440/1459/1182 1441/1460/1182
f 1442/1461/1183 1443/1462/1184 1444/1463/1185
f 1443/1462/1184 1442/1461/1183 1445/1464/1186
f 1446/1465/1187 1447/1466/1188 1448/1467/1188 1449/1468/1189
f 1306/1320/1058 1387/1405/1133 1388/1406/1134 1450/1469/1190
f 1334/1349/1084 1335/1350/1085 1344/1360/1092 1343/1359/1092
f 1189/1194/945 1418/1437/1160 1451/1470/1191 1203/1208/957
f 1205/1210/959 1204/1209/958 1452/1471/1192
f 1453/1472/1193 1454/1473/1194 1455/1474/1195
f 1454/1473/1194 1453/1472/1193 1456/1475/1196
f 1412/1431/1154 1457/1476/1197 1411/1430/1153
f 1457/1476/1197 1412/1431/1154 1458/1477/1198
f 1311/1325/1063 1222/1231/978 1405/1424/1147
f 1222/1231/978 1311/1325/1063 1223/1232/979
f 1459/1478/1199 1460/1479/1200 1461/1480/1201 1462/1481/1202
f 1462/1481/1202 1461/1480/1201 1463/1482/1203 1464/1483/1204
f 1367/1385/1114 1465/1484/1205 1366/1384/1113
f 1465/1484/1205 1367/1385/1114 1466/1485/1206
f 1466/1485/1206 1467/1486/1207 1468/1487/1208 1465/1484/1205
f 1469/1488/1209 1467/1486/1207 1362/1380/1109
f 1470/1489/1210 1441/1460/1182 1440/1459/1182 1471/1490/1211
f 1472/1491/1212 1446/1465/1187 1449/1468/1189 1473/1492/1213
f 1474/1493/1214 1320/1334/1072 1319/1333/1071
f 1475/1494/1215 1476/1495/1215 1477/1496/1215
f 1478/1497/1216 1479/1498/1217 1480/1499/1218
f 1479/1498/1217 1478/1497/1216 1481/1500/1219
f 1482/1502/1220 1483/1503/1221 1361/1379/1108 1360/1378/1107
f 1348/1365/1096 1484/1504/1222 1349/1367/1097
f 1485/1505/1223 1342/1357/1091 1345/1361/1093
f 1485/1505/1223 1348/1365/1096 1342/1357/1091
f 1485/1505/1223 1484/1504/1222 1348/1365/1096
f 1259/1271/1015 1258/1270/1014 1263/1275/1019 1265/1277/1021
f 1486/1506/1224 1487/1507/1225 1488/1508/1226 1489/1510/1227
f 1490/1511/1228 1491/1512/1229 1492/1513/1230 1493/1514/1231
f 1183/1188/942 1182/1187/941 1278/1290/1232 1279/1291/1232
f 1198/1203/953 1470/1489/1210 1471/1490/1211 1199/1204/954
f 1494/1515/1233 1495/1516/1234 1496/1518/1235 1497/1520/1236
f 1353/1371/1101 1235/1244/991 1237/1246/993 1354/1372/1102
f 1381/1399/1126 1178/1183/1237 1179/1184/967 1210/1215/964
f 1498/1521/1238 1294/1308/1046 1296/1310/1048 1499/1522/1239
f 1503/1526/1240 1504/1527/1240 1480/1499/1218 1479/1498/1217
f 1489/1510/1227 1488/1508/1226 1481/1500/1219 1478/1497/1216
f 1505/1528/1241 1506/1529/1242 1507/1530/1243 1508/1531/1244
f 1437/1456/1179 1257/1269/1013 1434/1453/1176 1438/1457/1180
f 1508/1531/1244 1509/1532/1245 1510/1533/1246
f 1511/1534/1247 1285/1297/1248 1508/1531/1244
f 1284/1296/1249 1285/1297/1248 1511/1534/1247
f 1512/1535/1250 1513/1536/1251 1514/1537/1252
f 1500/1523/1253 1507/1530/1243 1501/1524/1254
f 1500/1523/1253 1512/1535/1250 1507/1530/1243
f 1500/1523/1253 1513/1536/1251 1512/1535/1250
f 1505/1528/1241 1516/1539/1255 1517/1540/1256
f 1508/1531/1244 1516/1539/1255 1505/1528/1241
f 1510/1533/1246 1518/1541/1257 1508/1531/1244
f 1519/1542/1258 1506/1529/1242 1520/1543/1259
f 1515/1538/1260 1506/1529/1242 1519/1542/1258
f 1501/1524/1254 1506/1529/1242 1515/1538/1260
f 1507/1530/1243 1506/1529/1242 1501/1524/1254
f 1508/1531/1244 1507/1530/1243 1512/1535/1250 1511/1534/1247
f 1392/1411/1137 1391/1410/1136 1521/1544/1261 1522/1545/1262
f 1523/1546/1263 1524/1547/1264 1525/1548/1265
f 1523/1546/1263 1525/1548/1265 1526/1549/1266
f 1523/1546/1263 1526/1549/1266 1527/1550/1267
f 1522/1545/1262 1521/1544/1261 1528/1551/1268 1529/1552/1269
f 1530/1553/1270 1432/1451/1174 1431/1450/1173 1531/1554/1271
f 1532/1555/1272 1533/1556/1273 1534/1557/1274 1502/1525/1275
f 1384/1402/1130 1524/1547/1264 1523/1546/1263 1385/1403/1131
f 1537/1560/1276 1538/1561/1277 1539/1562/1278
f 1540/1563/1279 1537/1560/1276 1539/1562/1278
f 1541/1564/1280 1540/1563/1279 1539/1562/1278
f 1389/1408/1135 1542/1565/1281 1543/1566/1282 1390/1409/1135
f 1544/1567/1283 1545/1568/1284 1546/1569/1284 1547/1570/1285
f 1548/1571/1286 1257/1269/1013 1437/1456/1179 1549/1572/1287
f 1175/1178/936 1550/1573/1288 1551/1576/1289 1176/1179/937
f 1529/1552/1269 1528/1551/1268 1539/1562/1278 1538/1561/1277
f 1552/1577/1290 1553/1578/1291 1554/1579/1292
f 1555/1580/1293 1553/1578/1291 1552/1577/1290
f 1556/1581/1294 1553/1578/1291 1555/1580/1293
f 1557/1582/1295 1553/1578/1291 1556/1581/1294
f 1558/1583/1296 1553/1578/1291 1557/1582/1295
f 1559/1584/1297 1560/1585/1298 1561/1586/1299
f 1562/1587/1300 1563/1588/1301 1564/1589/1302
f 1559/1584/1297 1563/1588/1301 1562/1587/1300
f 1561/1586/1299 1563/1588/1301 1559/1584/1297
f 1560/1585/1298 1559/1584/1297 1565/1590/1303
f 1562/1587/1300 1566/1591/1304 1567/1592/1305
f 1566/1591/1304 1562/1587/1300 1564/1589/1302
f 1568/1593/1306 1569/1594/1306 1554/1579/1292 1553/1578/1291
f 1570/1595/1307 1547/1570/1285 1571/1596/1308
f 1572/1597/1309 1547/1570/1285 1570/1595/1307
f 1573/1598/1310 1547/1570/1285 1572/1597/1309
f 1574/1599/1311 1547/1570/1285 1573/1598/1310
f 1544/1567/1283 1547/1570/1285 1574/1599/1311
f 1575/1600/1312 1576/1601/1313 1577/1602/1314
f 1577/1602/1314 1578/1603/1315 1575/1600/1312
f 1579/1604/1316 1578/1603/1315 1577/1602/1314
f 1580/1605/1317 1578/1603/1315 1579/1604/1316
f 1581/1606/1318 1577/1602/1314 1576/1601/1313
f 1582/1607/1319 1579/1604/1316 1583/1608/1320
f 1579/1604/1316 1582/1607/1319 1580/1605/1317
f 1542/1565/1281 1383/1401/1129 1386/1404/1132 1543/1566/1282
f 1584/1609/1321 1585/1610/1322 1586/1611/1323
f 1587/1612/1324 1585/1610/1322 1584/1609/1321
f 1588/1613/1325 1585/1610/1322 1587/1612/1324
f 1396/1415/1140 1395/1414/1140 1586/1611/1323 1585/1610/1322
f 1589/1614/1326 1393/1412/1138 1590/1615/1327
f 1591/1616/1328 1393/1412/1138 1589/1614/1326
f 1394/1413/1139 1393/1412/1138 1591/1616/1328
f 1428/1447/1170 1258/1270/1014 1257/1269/1013 1548/1571/1286
f 1592/1617/1329 1593/1619/1330 1594/1620/1331 1595/1622/1332
f 1535/1558/1333 1492/1513/1230 1491/1512/1229 1536/1559/1333
f 1516/1539/1334 1517/1540/1335 1596/1623/1336 1597/1625/1337
f 1290/1304/1042 1598/1627/1338 1599/1628/1339 1600/1629/1340
f 1464/1483/1204 1463/1482/1203 1357/1375/1104 1356/1374/1103
f 1601/1630/1341 1602/1632/1342 1603/1634/1343 1604/1635/1344
f 1497/1520/1236 1496/1518/1235 1605/1636/1345 1606/1638/1346
f 1595/1622/1332 1594/1620/1331 1607/1640/1347 1608/1641/1348
f 1509/1532/1349 1510/1533/1246 1609/1642/1350 1610/1644/1351
f 1285/1297/1037 1509/1532/1349 1610/1644/1351 1286/1298/1038
f 1611/1646/1352 1612/1647/1353 1613/1648/1354 1614/1651/1355
f 1606/1638/1346 1605/1636/1345 1615/1652/1356 1616/1654/1357
f 1509/1532/1245 1508/1531/1244 1285/1297/1248
f 1508/1531/1244 1518/1541/1257 1516/1539/1255
f 1325/1340/1075 1615/1652/1356 1551/1574/1289 1388/1407/1134
f 1512/1535/1250 1514/1537/1252 1617/1656/1358 1618/1657/1359
f 1617/1655/1358 1177/1182/938 1619/1660/1360 1618/1658/1359
f 1510/1533/1246 1518/1541/1361 1620/1661/1362 1609/1642/1350
f 1518/1541/1361 1516/1539/1334 1597/1625/1337 1620/1661/1362
f 1621/1663/1363 1622/1665/1364 1495/1516/1234 1494/1515/1233
f 1551/1575/1289 1615/1653/1356 1623/1666/1365 1176/1180/937
f 1624/1667/1366 1174/1177/935 1177/1181/938 1617/1656/1358
f 1625/1669/1367 1212/1217/968 1215/1222/971 1626/1670/1368
f 1463/1482/1203 1428/1447/1170 1548/1571/1286 1357/1375/1104
f 1357/1375/1104 1548/1571/1286 1549/1572/1287 1358/1376/1105
f 1461/1480/1201 1425/1444/1167 1428/1447/1170 1463/1482/1203
f 1460/1479/1200 1423/1442/1165 1425/1444/1167 1461/1480/1201
f 1422/1441/1164 1364/1382/1111 1365/1383/1112 1419/1438/1161
f 1416/1435/1158 1498/1521/1238 1499/1522/1239 1413/1432/1155
f 1288/1302/1040 1290/1304/1042 1600/1629/1340 1292/1306/1044
f 1550/1573/1288 1369/1387/1116 1372/1390/1119 1551/1576/1289
f 1305/1319/1057 1306/1320/1058 1450/1469/1190 1627/1671/1369
f 1341/1356/1090 1221/1230/977 1224/1233/980 1338/1353/1087
f 1458/1477/1198 1401/1420/1143 1404/1423/1146 1457/1476/1197
f 1190/1195/946 1189/1194/945 1203/1208/957 1202/1207/956
f 1628/1672/1370 1629/1673/1371 1487/1507/1225 1486/1506/1224
f 1216/1223/972 1532/1555/1272 1502/1525/1275 1217/1226/973
f 1468/1487/1208 1467/1486/1207 1469/1488/1209
f 1362/1380/1109 1361/1379/1108 1469/1488/1209
f 1362/1380/1109 1467/1486/1207 1466/1485/1206 1363/1381/1110
f 1361/1379/1108 1483/1503/1221 1469/1488/1209
f 1203/1208/957 1451/1470/1191 1204/1209/958
f 1245/1254/1001 1244/1253/1000 1454/1473/1194 1456/1475/1196
f 1427/1446/1169 1426/1445/1168 1232/1241/988 1234/1243/990
f 1171/1174/932 1303/1317/1055 1307/1321/1059
f 1328/1343/1078 1172/1175/933 1307/1321/1059
f 1290/1304/1042 1289/1303/1041 1630/1674/1372 1598/1627/1338
f 1172/1175/933 1171/1174/932 1307/1321/1059
f 1631/1675/1373 1594/1621/1331 1593/1618/1330 1632/1676/1374
f 1594/1621/1331 1631/1675/1373 1633/1677/1375 1607/1639/1347
f 1634/1678/1376 1602/1631/1342 1635/1679/1377 1636/1681/1378
f 1637/1682/1379 1250/1261/1006 1638/1683/1380 1639/1685/1381
f 1603/1633/1343 1640/1686/1382 1641/1687/1383 1622/1664/1364
f 1602/1631/1342 1634/1678/1376 1640/1686/1382 1603/1633/1343
f 1642/1688/1384 1614/1650/1355 1618/1658/1359 1619/1660/1360
f 1623/1666/1365 1615/1653/1356 1605/1637/1345 1643/1689/1385
f 1644/1690/1386 1495/1517/1234 1622/1664/1364 1641/1687/1383
f 1645/1691/1387 1613/1649/1354 1614/1650/1355 1642/1688/1384
f 1496/1519/1235 1646/1692/1388 1643/1689/1385 1605/1637/1345
f 1647/1693/1389 1249/1259/1005 1250/1261/1006 1637/1682/1379
f 1633/1677/1375 1636/1681/1378 1635/1679/1377 1607/1639/1347
f 1644/1690/1386 1646/1692/1388 1496/1519/1235 1495/1517/1234
f 1648/1694/1390 1636/1681/1378 1633/1677/1375 1649/1695/1391
f 1648/1694/1390 1597/1626/1337 1620/1662/1392 1650/1696/1393
f 1651/1697/1394 1286/1299/1038 1287/1301/1395 1652/1698/1396
f 1653/1699/1397 1609/1643/1350 1610/1645/1398 1654/1700/1399
f 1650/1696/1393 1620/1662/1392 1609/1643/1350 1653/1699/1397
f 1654/1700/1399 1610/1645/1398 1286/1299/1038 1651/1697/1394
f 1632/1676/1374 1647/1693/1389 1637/1682/1379 1631/1675/1373
f 1631/1675/1373 1637/1682/1379 1639/1685/1381 1633/1677/1375
f 1641/1687/1383 1654/1700/1399 1651/1697/1394 1644/1690/1386
f 1634/1678/1376 1650/1696/1393 1653/1699/1397 1640/1686/1382
f 1640/1686/1382 1653/1699/1397 1654/1700/1399 1641/1687/1383
f 1644/1690/1386 1651/1697/1394 1652/1698/1396 1646/1692/1388
f 1636/1681/1378 1648/1694/1390 1650/1696/1393 1634/1678/1376
f 1597/1626/1337 1648/1694/1390 1649/1695/1391 1596/1624/1400
f 1646/1692/1388 1645/1691/1387 1642/1688/1384 1643/1689/1385
f 1643/1689/1385 1642/1688/1384 1619/1660/1360 1623/1666/1365
f 1604/1635/1344 1603/1634/1343 1622/1665/1364 1621/1663/1363
f 1655/1701/1401 1611/1646/1352 1614/1651/1355 1618/1659/1402
f 1656/1702/1403 1247/1256/1003 1250/1262/1006 1638/1684/1380
f 1213/1220/969 1632/1676/1374 1593/1618/1330 1216/1224/972
f 1212/1218/968 1625/1668/1367 1249/1259/1005 1647/1693/1389
f 1481/1501/1219 1488/1509/1226 1216/1225/972 1593/1619/1330
f 1506/1529/1242 1249/1260/1005 1625/1669/1367 1520/1543/1259
f 1647/1693/1389 1632/1676/1374 1213/1220/969 1212/1218/968
f 1619/1660/1360 1177/1182/938 1176/1180/937 1623/1666/1365
f 1370/1388/1117 1373/1391/1120 1376/1394/1123 1371/1389/1118
f 1348/1366/1096 1635/1680/1377 1602/1632/1342 1342/1358/1091
f 1635/1680/1377 1348/1366/1096 1347/1364/1095 1607/1640/1347
f 1627/1671/1369 1472/1491/1212 1473/1492/1213 1305/1319/1057
f 1630/1674/1372 1380/1398/1125 1350/1368/1098 1598/1627/1338
f 1598/1627/1338 1350/1368/1098 1351/1369/1099 1599/1628/1339
f 1533/1556/1273 1490/1511/1228 1493/1514/1231 1534/1557/1274
f 1629/1673/1371 1628/1672/1370 1181/1186/940 1180/1185/939
f 1209/1214/963 1208/1213/962 1417/1436/1159 1188/1193/944
f 1382/1400/1128 1209/1214/963 1188/1193/944 1187/1192/943
f 1657/1703/1404 1259/1271/1015 1265/1277/1021 1658/1704/1405
f 1435/1454/1177 1256/1268/1012 1259/1271/1015 1657/1703/1404
f 1439/1458/1181 1438/1457/1180 1659/1705/1406 1660/1706/1407
f 1410/1429/1152 1407/1426/1149 1406/1425/1148
f 1438/1457/1180 1434/1453/1176 1433/1452/1175 1659/1705/1406
f 1340/1355/1089 1339/1354/1088 1661/1707/1408 1662/1708/1408
f 1256/1268/1012 1434/1453/1176 1257/1269/1013
f 1408/1427/1150 1407/1426/1149 1402/1421/1144
f 1268/1280/1024 1267/1279/1023 1424/1443/1166
f 1415/1434/1157 1414/1433/1156 1261/1273/1017 1260/1272/1016
f 1230/1239/986 1229/1238/985 1232/1241/988
f 1233/1242/989 1229/1238/985 1228/1237/984
f 1421/1440/1163 1420/1439/1162 1663/1709/1409 1664/1710/1409
f 1267/1279/1023 1264/1276/1020 1263/1275/1019 1424/1443/1166
f 1265/1277/1021 1264/1276/1020 1436/1455/1178 1658/1704/1405
f 1246/1255/1002 1530/1553/1270 1531/1554/1271 1243/1252/999
f 1301/1315/1053 1304/1318/1056 1303/1317/1055 1302/1316/1054
g frontDamaged_car03.003
v -0.842535 0.411708 -1.925490
v -0.860385 0.453513 -1.826586
v -0.848277 0.475199 -1.838616
v -0.822905 0.449167 -1.942180
v -0.873524 0.005472 -1.906410
v -0.894354 0.097452 -1.901830
v -0.888710 0.099497 -1.931320
v -0.866050 0.007007 -1.935715
v -0.922565 0.542171 -1.203610
v -0.875699 0.678714 -1.189510
v 0.931099 0.456195 -1.550450
v 0.905476 0.510804 -1.554765
v 0.920032 0.519779 -1.424960
v 0.938767 0.450559 -1.432700
v 0.938195 0.451306 -1.217150
v 0.927468 0.542171 -1.203610
v -0.933292 0.451306 -1.217150
v 0.791445 0.684738 -1.559608
v 0.855842 0.629915 -1.567925
v 0.839055 0.588653 -1.713360
v 0.777127 0.632419 -1.715078
v -0.842308 0.317595 -2.009300
v -0.763024 0.312400 -2.187620
v -0.765113 0.293073 -2.205180
v -0.839572 0.337951 -2.001050
v -0.922565 0.542171 -1.203610
v -0.915128 0.519779 -1.424960
v -0.371716 0.345504 -2.310730
v -0.310737 0.308926 -2.346510
v -0.314467 0.302353 -2.372490
v -0.382526 0.343178 -2.332550
v -0.803320 0.749638 -1.322900
v 0.754965 0.579300 -1.861979
v 0.817748 0.532374 -1.866120
v 0.796442 0.461442 -2.013574
v 0.732803 0.511528 -2.008821
v 0.880603 0.678714 -1.189510
v 0.927468 0.542171 -1.203610
v 0.920032 0.519779 -1.424960
v 0.872628 0.651547 -1.422490
v -0.867725 0.651547 -1.422490
v -0.800860 0.730924 -1.405660
v 0.870952 0.007007 -1.935715
v 0.893613 0.099497 -1.931320
v 0.899257 0.097452 -1.901830
v 0.878428 0.005472 -1.906410
v 0.905394 0.250973 -1.890080
v 0.911008 0.236774 -1.861350
v 0.002452 0.283101 -2.299354
v -0.252393 0.272454 -2.378759
v -0.253076 0.289647 -2.364919
v 0.625174 0.613676 -1.819808
v 0.601369 0.549237 -1.961802
v 0.560658 0.558216 -1.946778
v 0.593992 0.622307 -1.808268
v -0.534254 0.447942 -2.215280
v -0.464308 0.439357 -2.245380
v -0.520047 0.431907 -2.241440
v -0.662005 0.738443 -1.438020
v -0.673809 0.701439 -1.588931
v -0.713500 0.696888 -1.582122
v -0.748944 0.739171 -1.380850
v -0.685648 0.658185 -1.740280
v -0.652947 0.703630 -1.592376
v -0.644076 0.663461 -1.743560
v -0.543872 0.429535 -2.240780
v -0.534254 0.447942 -2.215280
v -0.520047 0.431907 -2.241440
v -0.560372 0.452287 -2.204990
v 0.257980 0.289647 -2.226034
v 0.319370 0.302353 -2.214075
v 0.318948 0.272784 -2.239163
v 0.257296 0.272454 -2.240147
v 0.777127 0.632419 -1.715078
v 0.754965 0.579300 -1.861979
v 0.660047 0.609098 -1.831988
v 0.690552 0.658185 -1.691644
v 0.731863 -0.076884 -2.185514
v 0.813212 -0.081691 -2.046200
v 0.813212 -0.089623 -2.090495
v 0.731863 -0.084816 -2.229809
v -0.382526 0.343178 -2.332550
v -0.419828 0.273349 -2.390150
v -0.461060 0.336457 -2.333020
v -0.314467 0.302353 -2.372490
v -0.314044 0.272784 -2.397620
v 0.291492 0.768455 -1.478136
v 0.286533 0.736170 -1.587998
v 0.002452 0.707899 -1.628253
v 0.002452 0.740864 -1.528473
v -0.748944 0.739171 -1.380850
v -0.800860 0.730924 -1.405660
v -0.803320 0.749638 -1.322900
v -0.281630 0.688566 -1.737615
v -0.333524 0.719991 -1.633712
v -0.286589 0.720851 -1.629482
v -0.513593 0.744989 -1.497050
v -0.562644 0.715044 -1.608570
v -0.637364 0.710275 -1.598275
v -0.653304 0.745042 -1.442300
v -0.647838 0.281621 -2.317830
v -0.496848 0.293834 -2.346440
v -0.467821 0.273704 -2.386750
v -0.650824 0.298340 -2.305250
v 0.652741 0.281621 -2.253815
v 0.655727 0.298340 -2.242438
v 0.767927 0.312400 -2.170763
v 0.770016 0.293073 -2.189174
v 0.938195 0.451306 -1.217150
v 0.945526 0.391509 -1.255050
v 0.424731 0.273349 -2.249533
v 0.465963 0.336457 -2.203038
v 0.503626 0.329876 -2.210148
v 0.472724 0.273704 -2.258684
v -0.651388 -0.072620 -2.306120
v -0.490131 -0.071505 -2.369200
v -0.490131 -0.079438 -2.413495
v -0.651388 -0.080552 -2.350415
v -0.791538 0.461442 -2.018880
v -0.840979 0.486693 -1.843935
v -0.812845 0.532374 -1.866120
v -0.698208 0.462335 -2.135310
v -0.727900 0.511528 -2.040080
v -0.698208 0.462335 -2.135310
v -0.624639 0.545359 -2.045830
v -0.560372 0.452287 -2.204990
v -0.727900 0.511528 -2.040080
v -0.596465 0.549237 -2.046050
v -0.624639 0.545359 -2.045830
v -0.555755 0.558216 -2.046180
v -0.596465 0.549237 -2.046050
v -0.873200 0.327408 -1.930910
v -0.851423 0.364917 -1.954370
v -0.868891 0.438280 -1.818135
v -0.879608 0.418878 -1.807740
v -0.886016 0.495695 -1.684570
v -0.879608 0.418878 -1.807740
v -0.886016 0.495695 -1.684570
v 0.524950 0.431907 -2.129631
v 0.548775 0.429535 -2.137147
v 0.387429 0.343178 -2.184002
v 0.469212 0.439357 -2.116313
v 0.524950 0.431907 -2.129631
v 0.465963 0.336457 -2.203038
v 0.315640 0.308926 -2.187736
v 0.319370 0.302353 -2.214075
v 0.257980 0.289647 -2.226034
v 0.260636 0.297541 -2.198500
v -0.464308 0.439357 -2.245380
v 0.376620 0.345504 -2.160206
v 0.387429 0.343178 -2.184002
v -0.467821 0.273704 -2.386750
v -0.496848 0.293834 -2.346440
v -0.498723 0.329876 -2.328890
v -0.765113 0.293073 -2.205180
v -0.854578 0.242608 -2.039690
v -0.842308 0.317595 -2.009300
v -0.765644 0.236785 -2.247280
v -0.840979 0.486693 -1.843935
v -0.791538 0.461442 -2.018880
v -0.419828 0.273349 -2.390150
v -0.466800 0.235835 -2.410030
v -0.467821 0.273704 -2.386750
v -0.314044 0.272784 -2.397620
v -0.250547 0.235804 -2.406332
v -0.252393 0.272454 -2.378759
v -0.647838 0.281621 -2.317830
v -0.650824 0.298340 -2.305250
v 0.627325 0.671744 -1.670330
v 0.642290 0.710331 -1.529836
v 0.657862 0.703676 -1.530241
v 0.648979 0.663461 -1.678032
v 0.255450 0.235804 -2.268460
v 0.002452 0.235780 -2.323463
v 0.002452 0.283101 -2.299354
v 0.257296 0.272454 -2.240147
v 0.652741 0.281621 -2.253815
v 0.674731 0.236042 -2.296256
v 0.471704 0.235835 -2.281672
v 0.472724 0.273704 -2.258684
v -0.850938 0.629915 -1.567925
v -0.786542 0.684739 -1.566925
v -0.467821 0.273704 -2.386750
v -0.498723 0.329876 -2.328890
v -0.461060 0.336457 -2.333020
v -0.419828 0.273349 -2.390150
v 0.264603 0.445582 -2.094472
v 0.273064 0.578052 -1.885781
v 0.560658 0.558216 -1.946778
v 0.469212 0.439357 -2.116313
v 0.827808 0.449167 -1.942180
v 0.853269 0.475264 -1.838255
v 0.865304 0.453543 -1.826500
v 0.847438 0.411708 -1.925490
v -0.589088 0.622307 -1.895330
v -0.620270 0.613676 -1.894805
v 0.847211 0.317595 -2.009300
v 0.844476 0.337951 -2.001050
v 0.920032 0.519779 -1.424960
v -0.916208 0.337706 -1.768310
v -0.926311 0.400666 -1.664670
v -0.918526 0.431799 -1.668200
v -0.909508 0.360372 -1.784440
v -0.932932 0.426843 -1.551235
v -0.939553 0.422987 -1.437800
v -0.933864 0.450559 -1.432700
v -0.926195 0.456195 -1.550450
v -0.940623 0.391509 -1.255050
v -0.943199 0.368712 -1.272290
v 0.808223 0.749638 -1.322311
v -0.900572 0.510804 -1.554765
v -0.915128 0.519779 -1.424960
v 0.805763 0.730923 -1.404089
v -0.386982 0.746137 -1.515050
v -0.513593 0.744989 -1.497050
v -0.516199 0.703163 -1.501100
v -0.379904 0.704352 -1.520390
v -0.873200 0.327408 -1.930910
v -0.900491 0.250973 -1.890080
v 0.002452 0.767694 -1.428693
v 0.002452 0.725693 -1.434293
v 0.296487 0.752727 -1.372591
v 0.296451 0.794606 -1.368308
v 0.264603 0.445582 -2.094472
v 0.260636 0.297541 -2.198500
v 0.002452 0.293464 -2.268444
v 0.002452 0.449030 -2.147304
v -0.669828 0.236043 -2.351360
v -0.647838 0.281621 -2.317830
v -0.669828 0.236043 -2.351360
v -0.647838 0.281621 -2.317830
v 0.625174 0.613676 -1.819808
v 0.648979 0.663461 -1.678032
v 0.690552 0.658185 -1.691644
v 0.660047 0.609098 -1.831988
v 0.539157 0.447942 -2.108295
v 0.753847 0.739171 -1.358235
v 0.694567 0.699441 -1.538893
v 0.657862 0.703676 -1.530241
v 0.666909 0.738443 -1.379734
v 0.718436 0.696930 -1.544763
v 0.565275 0.452287 -2.107257
v 0.539157 0.447942 -2.108295
v -0.772224 0.632419 -1.728190
v -0.786530 0.684698 -1.567060
v -0.713500 0.696888 -1.582122
v -0.685648 0.658185 -1.740280
v 0.905476 0.510804 -1.554765
v 0.890920 0.495695 -1.684570
v -0.644076 0.663461 -1.743560
v -0.652947 0.703630 -1.592376
v -0.637364 0.710275 -1.598275
v -0.622422 0.671744 -1.744480
v -0.589088 0.622307 -1.895330
v -0.622422 0.671744 -1.744480
v -0.274895 0.640636 -1.884060
v -0.655144 0.609099 -1.893055
v -0.620271 0.613676 -1.894804
v 0.002452 0.659969 -1.777433
v 0.424731 0.273349 -2.249533
v 0.808223 0.749638 -1.322311
v 0.805763 0.730923 -1.404089
v 0.753847 0.739171 -1.358235
v 0.391885 0.793741 -1.367360
v 0.338443 0.767604 -1.477396
v 0.296451 0.794606 -1.368308
v -0.386982 0.746137 -1.515050
v 0.627325 0.671744 -1.670330
v 0.567465 0.715099 -1.511442
v 0.642290 0.710331 -1.529836
v 0.002452 0.283101 -2.299354
v 0.002452 0.293464 -2.268444
v 0.652741 0.281621 -2.253815
v 0.501752 0.293834 -2.227107
v 0.655727 0.298340 -2.242438
v 0.472724 0.273704 -2.258684
v -0.933864 0.450559 -1.432700
v -0.940623 0.391509 -1.255050
v -0.933292 0.451306 -1.217150
v -0.915128 0.519779 -1.424960
v -0.909508 0.360372 -1.784440
v 0.845951 0.486718 -1.843692
v 0.703111 0.462335 -2.091830
v 0.565275 0.452287 -2.107257
v 0.732803 0.511528 -2.008821
v 0.703111 0.462335 -2.091830
v 0.629542 0.545358 -1.972556
v 0.629542 0.545358 -1.972556
v 0.601369 0.549237 -1.961802
v -0.464308 0.439357 -2.245380
v -0.555755 0.558216 -2.046180
v -0.268161 0.578052 -2.030498
v -0.259699 0.445582 -2.235962
v 0.002452 0.578052 -1.926613
v 0.002452 0.449030 -2.147304
v 0.878103 0.327408 -1.930910
v 0.856327 0.364917 -1.954370
v 0.873784 0.438239 -1.818218
v 0.884512 0.418878 -1.807740
v 0.890920 0.495695 -1.684570
v -0.255732 0.297541 -2.338438
v -0.253076 0.289647 -2.364919
v -0.926195 0.456195 -1.550450
v -0.900572 0.510804 -1.554765
v 0.469212 0.439357 -2.116313
v 0.503626 0.329876 -2.210148
v 0.501752 0.293834 -2.227107
v 0.472724 0.273704 -2.258684
v 0.847211 0.317595 -2.009300
v 0.770548 0.236785 -2.231491
v 0.770016 0.293073 -2.189174
v 0.859481 0.242607 -2.039690
v 0.796442 0.461442 -2.013574
v 0.845951 0.486718 -1.843692
v 0.424731 0.273349 -2.249533
v 0.318948 0.272784 -2.239163
v 0.884511 0.418878 -1.807740
v 0.914412 0.360372 -1.784440
v 0.905394 0.250973 -1.890080
v 0.878103 0.327408 -1.930910
v 0.931099 0.456195 -1.550450
v 0.938767 0.450559 -1.432700
v 0.944457 0.422986 -1.437800
v 0.937835 0.426842 -1.551235
v -0.466800 0.235835 -2.410030
v -0.466800 0.221156 -2.454325
v -0.669828 0.221364 -2.395655
v -0.669828 0.236043 -2.351360
v -0.655143 0.609099 -1.893055
v -0.750062 0.579300 -1.884135
v -0.547374 -0.086507 -1.901730
v 0.002452 -0.086507 -1.781083
v 0.921111 0.337706 -1.768310
v 0.674731 0.236042 -2.296256
v 0.652741 0.281621 -2.253815
v 0.731863 -0.076884 -2.185514
v 0.813212 -0.081691 -2.046200
v 0.002452 -0.081691 -1.925554
v 0.002452 -0.076884 -2.096514
v -0.243840 -0.070593 -2.376524
v 0.002452 -0.069681 -2.296643
v -0.726960 -0.076884 -2.217160
v -0.808309 -0.081691 -2.046200
v -0.852695 -0.086509 -1.910990
v -0.843389 -0.085483 -1.940110
v 0.552277 -0.086507 -1.799334
v 0.495035 -0.071505 -2.247776
v 0.656292 -0.072620 -2.243536
v 0.248743 -0.070593 -2.241385
v 0.857599 -0.086509 -1.910990
v 0.848292 -0.085483 -1.940110
v 0.384807 0.751956 -1.371349
v 0.391885 0.793741 -1.367360
v -0.626676 0.702850 -1.460790
v -0.653304 0.745042 -1.442300
v -0.662005 0.738443 -1.438020
v -0.748944 0.739171 -1.380850
v -0.803320 0.749638 -1.322900
v 0.521102 0.739713 -1.388012
v 0.518497 0.781539 -1.383093
v 0.718436 0.696930 -1.544763
v 0.791445 0.684738 -1.559608
v 0.914412 0.360372 -1.784440
v 0.923430 0.431799 -1.668200
v 0.931214 0.400666 -1.664670
v 0.948103 0.368712 -1.272290
v 0.945526 0.391509 -1.255050
v 0.666909 0.738443 -1.379734
v 0.658207 0.745042 -1.380489
v 0.631579 0.702850 -1.388321
v 0.753847 0.739171 -1.358235
v 0.808223 0.749638 -1.322311
v -0.291548 0.747002 -1.521344
v -0.291584 0.705123 -1.525639
v -0.698208 0.462335 -2.135310
v -0.560372 0.452287 -2.204990
v -0.510752 0.329913 -2.304600
v -0.682839 0.320252 -2.232630
v 0.279799 0.660705 -1.736857
v 0.593992 0.622307 -1.808268
v -0.906104 0.236774 -1.861350
v -0.900491 0.250973 -1.890080
v 0.796442 0.461442 -2.013574
v 0.687742 0.320252 -2.182843
v 0.703111 0.462335 -2.091830
v 0.827808 0.449167 -1.942180
v 0.847438 0.411708 -1.925490
v 0.856327 0.364917 -1.954370
v 0.844476 0.337951 -2.001050
v 0.687742 0.320252 -2.182843
v 0.767927 0.312400 -2.170763
v 0.655727 0.298340 -2.242438
v 0.515655 0.329913 -2.189722
v 0.501752 0.293834 -2.227107
v 0.503626 0.329876 -2.210148
v 0.844476 0.337951 -2.001050
v 0.548775 0.429535 -2.137147
v 0.565275 0.452287 -2.107257
v 0.515655 0.329913 -2.189722
v 0.565275 0.452287 -2.107257
v -0.851423 0.364917 -1.954370
v -0.839572 0.337951 -2.001050
v -0.842535 0.411708 -1.925490
v -0.822905 0.449167 -1.942180
v -0.791538 0.461442 -2.018880
v -0.650824 0.298340 -2.305250
v -0.763024 0.312400 -2.187620
v -0.682839 0.320252 -2.232630
v -0.496848 0.293834 -2.346440
v -0.510752 0.329913 -2.304600
v -0.498723 0.329876 -2.328890
v -0.839572 0.337951 -2.001050
v -0.543872 0.429535 -2.240780
v -0.560372 0.452287 -2.204990
v -0.310737 0.308926 -2.346510
v -0.259699 0.445582 -2.235962
v -0.255732 0.297541 -2.338438
v -0.371716 0.345504 -2.310730
v -0.464308 0.439357 -2.245380
v 0.376620 0.345504 -2.160206
v 0.469212 0.439357 -2.116313
v 0.315640 0.308926 -2.187736
v 0.859481 0.242607 -2.039690
v 0.859481 0.227928 -2.083985
v 0.770548 0.222106 -2.275786
v 0.770548 0.236785 -2.231491
v 0.656292 -0.080552 -2.287831
v 0.495035 -0.079438 -2.292071
v -0.834151 0.588653 -1.713360
v -0.772224 0.632419 -1.728190
v -0.750062 0.579300 -1.884135
v 0.255450 0.235804 -2.268460
v 0.255450 0.221125 -2.312755
v 0.002452 0.221101 -2.367759
v 0.002452 0.235780 -2.323463
v -0.765644 0.222106 -2.291575
v -0.765644 0.236785 -2.247280
v 0.674731 0.221363 -2.340551
v 0.674731 0.236042 -2.296256
v 0.002452 -0.077614 -2.340939
v -0.243840 -0.078526 -2.420819
v -0.726960 -0.076884 -2.217160
v -0.651388 -0.072620 -2.306120
v -0.651388 -0.080552 -2.350415
v -0.726960 -0.084816 -2.261455
v -0.854578 0.227929 -2.083985
v -0.854578 0.242608 -2.039690
v -0.843389 -0.085483 -1.940110
v -0.808309 -0.089623 -2.090495
v -0.826208 0.003041 -2.098215
v 0.248743 -0.078526 -2.285680
v -0.250547 0.235804 -2.406332
v -0.250547 0.221125 -2.450628
v -0.844108 0.095704 -2.105935
v -0.852695 -0.086509 -1.910990
v 0.848292 -0.085483 -1.940110
v 0.857599 -0.086509 -1.910990
v -0.918526 0.431799 -1.668200
v 0.890920 0.495695 -1.684570
v 0.923430 0.431799 -1.668200
v -0.886016 0.495695 -1.684570
v 0.767796 0.095342 -2.269934
v 0.849011 0.095703 -2.105935
v 0.674246 0.097456 -2.333884
v 0.255293 0.105928 -2.315294
v 0.471704 0.221156 -2.325967
v 0.471655 0.103426 -2.326043
v 0.749830 0.005263 -2.249888
v 0.656292 -0.080552 -2.287831
v 0.665269 0.008452 -2.310849
v 0.002452 0.106836 -2.374849
v -0.250390 0.105928 -2.453103
v -0.744927 0.005263 -2.274150
v -0.762893 0.095342 -2.286845
v -0.466752 0.103426 -2.454415
v -0.660365 0.008452 -2.369800
v -0.669342 0.097456 -2.389185
v 0.831111 0.003040 -2.098215
v 0.483345 0.011994 -2.308991
v 0.665269 0.008452 -2.310849
v 0.252018 0.013701 -2.295480
v -0.478441 0.011994 -2.433955
v -0.660365 0.008452 -2.369800
v 0.002452 0.014611 -2.357893
v -0.247115 0.013701 -2.431962
v -0.808309 -0.081691 -2.046200
v 0.656292 -0.072620 -2.243536
v 0.002452 0.767694 -1.428693
v -0.291548 0.747002 -1.521344
v 0.518497 0.781539 -1.383093
v 0.658207 0.745042 -1.380489
v 0.658207 0.745042 -1.380489
v 0.666909 0.738443 -1.379734
v -0.662005 0.738443 -1.438020
v -0.653304 0.745042 -1.442300
vn -0.8893 0.3423 -0.3033
vn -0.8934 0.3473 -0.2850
vn -0.8823 0.3739 -0.2860
vn -0.8817 0.3611 -0.3036
vn -0.9448 -0.2105 -0.2510
vn -0.9711 -0.1122 -0.2106
vn -0.9674 -0.1159 -0.2252
vn -0.9474 -0.2113 -0.2404
vn 0.9190 0.3763 -0.1174
vn 0.9182 0.3778 -0.1186
vn 0.9616 0.2707 -0.0448
vn 0.9633 0.2653 -0.0413
vn 0.6335 0.7295 -0.2578
vn 0.7861 0.5767 -0.2226
vn 0.7454 0.6014 -0.2875
vn 0.5626 0.7602 -0.3250
vn -0.8762 0.2816 -0.3911
vn -0.7569 0.4595 -0.4647
vn -0.6566 0.4975 -0.5669
vn -0.8801 0.2751 -0.3869
vn -0.9912 0.1238 -0.0458
vn 0.4623 0.8280 -0.3173
vn 0.3043 0.9131 -0.2715
vn 0.2930 0.9171 -0.2703
vn 0.4421 0.8421 -0.3088
vn 0.5398 0.7477 -0.3867
vn 0.7239 0.5915 -0.3551
vn 0.5660 0.6770 -0.4704
vn 0.5117 0.7055 -0.4904
vn 0.8967 0.4354 -0.0796
vn 0.9399 0.3345 -0.0684
vn 0.9328 0.3437 -0.1083
vn 0.8419 0.5189 -0.1478
vn -0.8441 0.5160 -0.1458
vn -0.7695 0.6273 -0.1202
vn -0.7147 0.6727 -0.1916
vn -0.8969 0.4351 -0.0796
vn 0.9474 -0.2113 -0.2404
vn 0.9674 -0.1159 -0.2252
vn 0.9711 -0.1122 -0.2106
vn 0.9448 -0.2105 -0.2510
vn 0.9436 0.2359 -0.2321
vn 0.9802 0.0365 -0.1944
vn 0.2865 0.6202 -0.7303
vn 0.2193 0.6229 -0.7509
vn 0.2184 0.6224 -0.7516
vn 0.1052 0.9108 -0.3992
vn 0.0127 0.8635 -0.5043
vn 0.0211 0.8694 -0.4937
vn 0.1200 0.9133 -0.3892
vn -0.1429 0.8172 -0.5584
vn -0.1082 0.7135 -0.6923
vn -0.1263 0.7503 -0.6489
vn -0.1432 0.9634 -0.2265
vn -0.1447 0.9590 -0.2436
vn -0.1477 0.9594 -0.2402
vn -0.1435 0.9634 -0.2265
vn -0.1432 0.9460 -0.2908
vn -0.1407 0.9590 -0.2460
vn -0.1422 0.9437 -0.2985
vn -0.1175 0.7509 -0.6498
vn -0.0832 0.8290 -0.5530
vn -0.1320 0.7070 -0.6948
vn -0.0751 0.8388 -0.5393
vn 0.0923 0.6343 -0.7675
vn -0.0505 0.6489 -0.7592
vn -0.0330 0.6446 -0.7638
vn 0.1136 0.6315 -0.7670
vn 0.1648 0.9275 -0.3354
vn 0.1556 0.9023 -0.4020
vn 0.1603 0.9060 -0.3917
vn 0.1620 0.9303 -0.3292
vn 0.2991 0.9393 -0.1682
vn 0.3387 0.9261 -0.1658
vn 0.8431 0.3989 -0.3606
vn 0.6587 0.4906 -0.5704
vn -0.0631 0.6496 -0.7577
vn -0.0517 0.6509 -0.7574
vn -0.0738 0.6472 -0.7587
vn 0.0588 0.6462 -0.7609
vn 0.0834 0.6432 -0.7612
vn -0.0134 0.9647 -0.2631
vn 0.0326 0.9433 -0.3302
vn 0.0154 0.9462 -0.3231
vn -0.0097 0.9628 -0.2702
vn -0.0928 0.9670 -0.2373
vn -0.1046 0.9648 -0.2414
vn -0.0488 0.9739 -0.2217
vn 0.0061 0.9525 -0.3044
vn -0.0261 0.9642 -0.2639
vn 0.0141 0.9636 -0.2669
vn -0.0653 0.9707 -0.2312
vn -0.0692 0.9642 -0.2562
vn -0.0928 0.9662 -0.2407
vn -0.0892 0.9706 -0.2238
vn -0.1956 0.5992 -0.7763
vn -0.1705 0.8168 -0.5512
vn -0.1683 0.8281 -0.5347
vn -0.1974 0.5667 -0.8000
vn 0.3638 0.5880 -0.7225
vn 0.6703 0.5206 -0.5289
vn 0.5069 0.5700 -0.6467
vn -0.0948 0.6547 -0.7499
vn -0.0937 0.6436 -0.7596
vn -0.0934 0.6408 -0.7621
vn -0.0912 -0.9639 -0.2500
vn -0.1836 0.4907 -0.8518
vn -0.1655 0.5312 -0.8309
vn -0.2734 0.6378 -0.7201
vn -0.6662 0.6186 -0.4165
vn -0.8725 0.3991 -0.2820
vn -0.7593 0.5592 -0.3328
vn -0.6319 0.5904 -0.5020
vn -0.6342 0.6278 -0.4512
vn -0.2499 0.8036 -0.5401
vn -0.2804 0.8299 -0.4823
vn -0.2237 0.7993 -0.5577
vn -0.3004 0.8353 -0.4605
vn -0.1244 0.8691 -0.4788
vn -0.1279 0.8769 -0.4633
vn -0.1952 0.8470 -0.4944
vn -0.2027 0.8531 -0.4808
vn -0.8911 0.3106 -0.3309
vn -0.8893 0.3098 -0.3364
vn -0.8940 0.3473 -0.2830
vn -0.8959 0.3435 -0.2817
vn -0.8958 0.3903 -0.2126
vn -0.9055 0.3153 -0.2840
vn -0.8924 0.3638 -0.2670
vn -0.0983 0.7208 -0.6861
vn -0.0961 0.7360 -0.6702
vn -0.1120 0.6823 -0.7224
vn -0.0816 0.7255 -0.6834
vn -0.0683 0.7430 -0.6658
vn -0.1067 0.6470 -0.7550
vn -0.2948 0.9170 -0.2689
vn -0.2572 0.9288 -0.2670
vn -0.0185 0.9581 -0.2858
vn -0.0648 0.9587 -0.2768
vn 0.5353 0.7699 -0.3473
vn -0.5013 0.8085 -0.3084
vn -0.4888 0.8177 -0.3039
vn -0.7077 0.2792 -0.6490
vn -0.7953 0.3925 -0.4620
vn -0.8070 0.4995 -0.3151
vn -0.9042 0.2478 -0.3480
vn -0.6854 0.4905 -0.5382
vn -0.8721 0.3931 -0.2914
vn -0.8758 0.3747 -0.3043
vn -0.0571 0.5223 -0.8508
vn -0.1401 0.5364 -0.8323
vn -0.1603 0.5606 -0.8124
vn 0.0558 0.3528 -0.9340
vn 0.2076 0.4995 -0.8411
vn 0.2462 0.5481 -0.7993
vn -0.5780 0.5149 -0.6330
vn 0.2468 0.9177 -0.3113
vn 0.3900 0.8845 -0.2561
vn 0.3853 0.8862 -0.2572
vn 0.2210 0.9190 -0.3265
vn 0.0639 0.7266 -0.6841
vn 0.2271 0.5136 -0.8274
vn 0.2230 0.5140 -0.8283
vn 0.0982 0.5699 -0.8158
vn -0.0330 0.6115 -0.7905
vn -0.0287 0.8432 -0.5369
vn -0.0505 0.8078 -0.5872
vn -0.0989 0.5655 -0.8188
vn -0.7951 0.5662 -0.2171
vn -0.6494 0.7172 -0.2528
vn -0.1133 0.6532 -0.7487
vn -0.1355 0.6366 -0.7592
vn -0.1276 0.6426 -0.7555
vn 0.0274 0.8459 -0.5326
vn 0.0271 0.8670 -0.4977
vn -0.0292 0.8677 -0.4963
vn -0.0472 0.8377 -0.5441
vn 0.8731 0.3776 -0.3083
vn 0.8796 0.3791 -0.2873
vn 0.8934 0.3472 -0.2850
vn 0.8893 0.3423 -0.3033
vn -0.2546 0.8869 -0.3855
vn -0.2589 0.8873 -0.3816
vn 0.8641 0.2898 -0.4115
vn 0.8743 0.2786 -0.3975
vn 0.9912 0.1238 -0.0458
vn -0.9709 0.1386 -0.1951
vn -0.9657 0.2044 -0.1602
vn -0.9665 0.2108 -0.1463
vn -0.9705 0.1412 -0.1953
vn -0.9713 0.2231 -0.0823
vn -0.9825 0.1857 -0.0154
vn -0.9824 0.1860 -0.0157
vn -0.9717 0.2225 -0.0787
vn -0.9880 0.1530 0.0206
vn -0.9136 0.3725 -0.1633
vn -0.9328 0.3437 -0.1083
vn 0.7687 0.6281 -0.1209
vn 0.7102 0.6766 -0.1947
vn 0.1062 -0.1058 0.9887
vn 0.2449 -0.1255 0.9614
vn 0.2504 -0.1267 0.9598
vn 0.0978 -0.1064 0.9895
vn -0.9217 0.2350 -0.3086
vn -0.8455 0.4484 -0.2900
vn -0.2376 -0.1137 0.9647
vn -0.2445 -0.1135 0.9630
vn -0.1055 -0.1068 0.9887
vn -0.0997 -0.1063 0.9893
vn 0.0807 0.5602 -0.8244
vn 0.1254 0.5811 -0.8041
vn 0.2150 0.5807 -0.7852
vn 0.2095 0.5814 -0.7862
vn -0.2446 0.5869 -0.7718
vn -0.5712 0.5669 -0.5935
vn 0.1229 0.6186 -0.7760
vn -0.0061 0.9306 -0.3660
vn 0.0260 0.9559 -0.2924
vn 0.0219 0.9536 -0.3004
vn -0.0103 0.9271 -0.3748
vn -0.0361 0.8233 -0.5665
vn 0.0508 0.9720 -0.2292
vn 0.0457 0.9682 -0.2461
vn 0.0502 0.9682 -0.2450
vn 0.0514 0.9720 -0.2293
vn 0.0412 0.9684 -0.2460
vn -0.1152 0.8364 -0.5359
vn -0.1159 0.8338 -0.5398
vn -0.2880 0.9028 -0.3193
vn -0.1937 0.9426 -0.2721
vn -0.2169 0.9352 -0.2799
vn -0.2929 0.8992 -0.3250
vn 0.9136 0.3725 -0.1633
vn 0.8903 0.3992 -0.2191
vn -0.3492 0.8857 -0.3060
vn -0.4827 0.8417 -0.2421
vn -0.4561 0.8542 -0.2496
vn -0.3455 0.8861 -0.3089
vn -0.0414 0.9348 -0.3527
vn -0.0526 0.9525 -0.2999
vn 0.0306 0.9281 -0.3711
vn -0.1385 0.9215 -0.3629
vn -0.1377 0.9184 -0.3710
vn 0.0633 0.9153 -0.3977
vn -0.0860 0.6305 -0.7714
vn -0.0410 0.9742 -0.2217
vn 0.0130 0.9693 -0.2456
vn -0.0083 0.9716 -0.2363
vn 0.0793 0.9458 -0.3151
vn 0.0744 0.9575 -0.2786
vn -0.0118 0.9709 -0.2390
vn -0.0351 0.9715 -0.2343
vn 0.0705 0.9378 -0.3400
vn 0.1206 0.9465 -0.2993
vn 0.0691 0.9541 -0.2915
vn 0.0839 0.9507 -0.2987
vn 0.0784 0.9510 -0.2991
vn -0.0889 0.6149 -0.7836
vn -0.0281 0.8396 -0.5425
vn -0.0978 0.5718 -0.8146
vn -0.0234 0.8526 -0.5220
vn -0.9633 0.2653 -0.0413
vn -0.9803 0.1974 0.0019
vn -0.9616 0.2707 -0.0448
vn -0.9100 0.3015 -0.2847
vn 0.8722 0.3974 -0.2850
vn 0.4825 0.6669 -0.5678
vn 0.0304 0.8327 -0.5529
vn 0.0798 0.8590 -0.5056
vn -0.0059 0.8612 -0.5082
vn 0.1041 0.8567 -0.5051
vn -0.0621 0.8753 -0.4796
vn -0.0562 0.8805 -0.4706
vn -0.0178 0.8474 -0.5307
vn -0.0308 0.8898 -0.4554
vn 0.0662 0.8781 -0.4738
vn 0.0722 0.8482 -0.5247
vn 0.1189 0.8668 -0.4842
vn 0.1440 0.8447 -0.5154
vn 0.8911 0.3106 -0.3309
vn 0.8893 0.3098 -0.3364
vn 0.8940 0.3473 -0.2831
vn 0.8959 0.3436 -0.2817
vn 0.8924 0.3637 -0.2670
vn 0.1613 0.9458 -0.2817
vn 0.1664 0.9454 -0.2804
vn -0.9190 0.3763 -0.1174
vn -0.9182 0.3778 -0.1186
vn -0.5860 0.7363 -0.3382
vn 0.5874 0.3194 -0.7436
vn 0.8991 0.2518 -0.3581
vn 0.5613 0.5568 -0.6123
vn 0.7210 0.4508 -0.5262
vn 0.8018 0.5025 -0.3236
vn 0.8626 0.3991 -0.3110
vn 0.8635 0.4085 -0.2957
vn -0.1009 0.5714 -0.8145
vn -0.0378 0.6489 -0.7600
vn 0.9055 0.3153 -0.2840
vn 0.9100 0.3015 -0.2847
vn 0.8455 0.4484 -0.2900
vn 0.9217 0.2350 -0.3086
vn 0.9718 0.2225 -0.0787
vn 0.9824 0.1860 -0.0157
vn 0.9825 0.1857 -0.0154
vn 0.9713 0.2231 -0.0823
vn 0.9803 0.1974 0.0019
vn -0.0456 0.9482 -0.3142
vn -0.1137 0.5565 -0.8230
vn -0.4401 0.5144 -0.7361
vn -0.2373 0.9221 -0.3056
vn -0.9399 0.3345 -0.0684
vn -0.3083 0.8698 -0.3853
vn -0.3088 0.8722 -0.3795
vn 0.3713 0.6410 -0.6718
vn -0.0047 -0.9992 -0.0392
vn -0.2767 -0.9591 0.0595
vn 0.0007 -0.9995 -0.0315
vn 0.0026 -0.9995 -0.0321
vn 0.1337 0.1575 -0.9784
vn 0.2556 0.2487 -0.9343
vn 0.0021 -0.9995 -0.0310
vn -0.1840 0.4855 -0.8546
vn -0.0911 -0.9640 -0.2500
vn 0.2711 -0.9609 0.0562
vn 0.0013 -0.9994 -0.0352
vn 0.2179 -0.9753 0.0372
vn 0.0060 -0.9991 -0.0431
vn 0.0012 -0.9995 -0.0320
vn 0.0084 0.5098 -0.8602
vn 0.0121 -0.9637 -0.2669
vn 0.1017 0.1707 -0.9801
vn -0.0118 -0.9994 -0.0317
vn -0.2180 -0.9752 0.0373
vn -0.0023 -0.9998 -0.0219
vn 0.0451 -0.1040 0.9936
vn 0.0539 -0.1050 0.9930
vn 0.4045 -0.0888 0.9102
vn 0.4378 -0.1020 0.8933
vn 0.5280 -0.0191 0.8490
vn 0.4382 0.8533 0.2826
vn 0.4095 0.8843 0.2245
vn 0.0182 -0.1261 0.9918
vn 0.0442 -0.1220 0.9915
vn 0.0908 0.9559 -0.2794
vn 0.0983 0.9542 -0.2825
vn 0.9705 0.1412 -0.1952
vn 0.9665 0.2107 -0.1463
vn 0.9657 0.2044 -0.1602
vn 0.9710 0.1385 -0.1951
vn -0.2072 -0.0302 0.9778
vn -0.1048 -0.1098 0.9884
vn -0.1103 -0.0611 0.9920
vn -0.3407 0.8858 0.3152
vn -0.3288 0.9157 0.2310
vn -0.1206 -0.1123 0.9863
vn -0.1090 -0.1122 0.9877
vn -0.6179 0.3971 -0.6786
vn -0.3598 0.4988 -0.7885
vn -0.5258 0.4411 -0.7273
vn 0.0287 0.9037 -0.4272
vn 0.0169 0.9028 -0.4297
vn -0.9802 0.0365 -0.1944
vn -0.9436 0.2359 -0.2321
vn 0.8603 -0.0548 -0.5068
vn 0.3290 0.4844 -0.8106
vn 0.3935 0.4668 -0.7920
vn 0.8415 0.0825 -0.5340
vn 0.7553 0.3084 -0.5783
vn 0.6344 0.5220 -0.5701
vn 0.5289 0.6698 -0.5212
vn 0.0970 0.9207 -0.3780
vn 0.1305 0.9617 -0.2412
vn -0.0141 0.9409 -0.3384
vn 0.6541 0.3357 -0.6779
vn 0.2503 0.7122 -0.6559
vn 0.8545 0.1277 -0.5035
vn 0.1257 0.9711 -0.2029
vn 0.8913 -0.0591 -0.4495
vn 0.8929 -0.0614 -0.4461
vn 0.0599 0.5372 -0.8413
vn -0.7166 0.4753 -0.5105
vn -0.6650 0.5611 -0.4929
vn -0.7978 0.3209 -0.5104
vn -0.8656 0.1417 -0.4803
vn -0.8987 -0.0292 -0.4377
vn -0.0931 0.9411 -0.3250
vn -0.2279 0.9433 -0.2415
vn -0.2580 0.8878 -0.3810
vn -0.4763 0.6417 -0.6011
vn -0.7357 0.3179 -0.5980
vn -0.8900 0.1165 -0.4409
vn -0.2161 0.9515 -0.2190
vn -0.9189 -0.0552 -0.3907
vn -0.9201 -0.0576 -0.3875
vn 0.0977 0.6036 -0.7913
vn 0.1456 0.5909 -0.7935
vn 0.2355 0.5679 -0.7887
vn -0.0237 0.6152 -0.7880
vn 0.0196 0.5842 -0.8113
vn -0.0255 0.5287 -0.8484
vn -0.0782 0.4846 -0.8712
vn 0.0355 0.5724 -0.8192
vn 0.5247 0.8081 -0.2678
vn 0.8465 0.4169 -0.3311
vn 0.6398 0.4903 -0.5918
vn 0.4403 0.8523 -0.2824
vn 0.9880 0.1530 0.0206
vn 0.0064 0.5039 -0.8638
vn 0.1388 -0.9569 -0.2551
vn 0.0896 0.6493 -0.7553
vn -0.0009 0.5420 -0.8404
vn -0.7651 0.5810 -0.2775
vn -0.6096 0.7273 -0.3151
vn -0.6231 0.6910 -0.3664
vn 0.0681 0.9470 -0.3138
vn 0.0653 0.6208 -0.7813
vn 0.2101 0.6061 -0.7672
vn 0.0825 0.9460 -0.3135
vn -0.7201 0.4788 -0.5022
vn -0.5055 0.8191 -0.2714
vn 0.2176 0.5142 -0.8296
vn 0.2011 0.9298 -0.3081
vn 0.1350 0.1486 -0.9796
vn 0.2552 0.2521 -0.9334
vn 0.2180 0.5673 -0.7941
vn 0.1150 0.5644 -0.8175
vn -0.3644 0.9166 -0.1641
vn -0.2544 0.9520 -0.1705
vn -0.7506 0.1642 -0.6400
vn -0.7517 0.4492 -0.4829
vn -0.8575 0.4049 -0.3174
vn -0.5578 0.7878 -0.2611
vn -0.7258 -0.6619 -0.1873
vn -0.8792 0.3493 -0.3240
vn -0.9218 -0.2170 -0.3211
vn 0.1004 0.1761 -0.9792
vn 0.0810 0.5783 -0.8118
vn 0.0586 0.9476 -0.3140
vn 0.1298 0.5697 -0.8115
vn -0.9374 -0.1197 -0.3269
vn -0.9378 -0.2075 -0.2784
vn 0.7258 -0.6619 -0.1873
vn 0.9378 -0.2075 -0.2785
vn -0.8955 0.3881 -0.2179
vn 0.8958 0.3903 -0.2126
vn 0.8955 0.3881 -0.2180
vn -0.8903 0.3992 -0.2191
vn 0.7463 -0.1478 -0.6489
vn 0.9298 -0.1241 -0.3465
vn 0.2744 -0.1467 -0.9504
vn 0.0862 -0.0874 -0.9924
vn -0.0475 0.5828 -0.8112
vn -0.0498 -0.1077 -0.9929
vn 0.7235 -0.2617 -0.6388
vn 0.6859 0.4298 -0.5872
vn 0.6039 0.1164 -0.7885
vn 0.5558 -0.2726 -0.7854
vn 0.2626 -0.0760 -0.9619
vn 0.1520 -0.0904 -0.9842
vn -0.8139 -0.2249 -0.5358
vn -0.8300 -0.1276 -0.5430
vn -0.1392 -0.1103 -0.9841
vn -0.7260 -0.2256 -0.6497
vn -0.5341 -0.1259 -0.8360
vn 0.9098 -0.2269 -0.3476
vn 0.8663 0.3505 -0.3559
vn -0.0313 -0.1936 -0.9806
vn -0.0139 -0.2167 -0.9761
vn -0.0116 0.5061 -0.8624
vn 0.0842 0.5312 -0.8430
vn 0.0910 -0.1720 -0.9809
vn -0.1634 -0.1990 -0.9663
vn -0.1680 0.5391 -0.8253
vn -0.2797 0.6377 -0.7177
vn -0.3232 -0.1994 -0.9251
vn 0.2599 -0.1666 -0.9512
vn 0.2206 0.5442 -0.8095
vn 0.1169 0.5994 -0.7919
vn 0.1468 -0.1819 -0.9723
vn 0.0708 0.6203 -0.7812
vn -0.3939 0.9047 -0.1620
vn -0.8792 0.3493 -0.3239
vn 0.1875 0.9669 -0.1731
vn 0.6365 0.2160 -0.7404
vn -0.0201 0.9693 -0.2451
vn 0.0002 0.9713 -0.2379
vn 0.1315 0.9285 -0.3472
vn 0.1560 0.9339 -0.3216
vn 0.4683 0.8514 -0.2363
vn -0.5376 0.8125 -0.2255
vt 0.820313 0.584961
vt 0.804277 0.590574
vt 0.806945 0.594545
vt 0.824219 0.591797
vt 0.817383 0.517578
vt 0.816406 0.533203
vt 0.822266 0.533203
vt 0.903637 0.776452
vt 0.823242 0.518067
vt 0.899602 0.766818
vt 0.701172 0.606445
vt 0.699219 0.629883
vt 0.757812 0.590332
vt 0.759766 0.601074
vt 0.738281 0.603516
vt 0.738281 0.591797
vt 0.703125 0.591797
vt 0.701172 0.606445
vt 0.703125 0.591797
vt 0.761719 0.629883
vt 0.761719 0.619629
vt 0.785156 0.614258
vt 0.789063 0.622070
vt 0.835938 0.569336
vt 0.865234 0.569790
vt 0.867188 0.566861
vt 0.833984 0.573242
vt 0.701172 0.606445
vt 0.738281 0.603516
vt 0.808594 0.823242
vt 0.798828 0.817383
vt 0.798828 0.816406
vt 0.810547 0.823242
vt 0.720703 0.641602
vt 0.814453 0.611817
vt 0.810547 0.604004
vt 0.835938 0.593750
vt 0.839844 0.601563
vt 0.699219 0.629883
vt 0.701172 0.606445
vt 0.738281 0.603516
vt 0.738281 0.625000
vt 0.738281 0.625000
vt 0.734375 0.637695
vt 0.823242 0.518067
vt 0.598608 0.766818
vt 0.822266 0.533203
vt 0.594789 0.776452
vt 0.816406 0.533203
vt 0.817382 0.517578
vt 0.814453 0.558594
vt 0.593162 0.791799
vt 0.835685 0.882128
vt 0.810547 0.555664
vt 0.744141 0.810547
vt 0.789063 0.810547
vt 0.789063 0.813477
vt 0.636719 0.868164
vt 0.640625 0.858398
vt 0.648438 0.859375
vt 0.642578 0.869141
vt 0.835938 0.840820
vt 0.824219 0.839844
vt 0.833984 0.837891
vt 0.859375 0.890625
vt 0.861325 0.883799
vt 0.867578 0.882969
vt 0.873047 0.890625
vt 0.863281 0.876953
vt 0.857402 0.884212
vt 0.855469 0.877930
vt 0.837891 0.837891
vt 0.835938 0.840820
vt 0.833984 0.837891
vt 0.841797 0.841797
vt 0.701172 0.813477
vt 0.689453 0.816406
vt 0.689453 0.810547
vt 0.701172 0.810547
vt 0.611328 0.872070
vt 0.615234 0.861817
vt 0.630859 0.867188
vt 0.625000 0.876953
vt 0.768566 0.512381
vt 0.768566 0.512381
vt 0.768566 0.512381
vt 0.607457 0.758659
vt 0.767736 0.520668
vt 0.620371 0.761333
vt 0.768566 0.512381
vt 0.810547 0.823242
vt 0.816406 0.810547
vt 0.824219 0.821289
vt 0.798828 0.816406
vt 0.798828 0.810547
vt 0.694336 0.886719
vt 0.695313 0.881836
vt 0.744141 0.881836
vt 0.744141 0.886719
vt 0.873047 0.890625
vt 0.882813 0.888672
vt 0.882813 0.892578
vt 0.792969 0.881836
vt 0.801627 0.886647
vt 0.793945 0.886719
vt 0.833984 0.891602
vt 0.841907 0.885880
vt 0.854398 0.885049
vt 0.857422 0.891602
vt 0.855469 0.812500
vt 0.830078 0.814453
vt 0.826172 0.811523
vt 0.857422 0.815430
vt 0.886719 0.565971
vt 0.884766 0.568900
vt 0.865234 0.569790
vt 0.867188 0.566861
vt 0.703125 0.591797
vt 0.708984 0.582031
vt 0.671875 0.810547
vt 0.664063 0.821289
vt 0.658203 0.820313
vt 0.664063 0.811523
vt 0.724286 0.507403
vt 0.723948 0.509766
vt 0.723948 0.509766
vt 0.831071 0.763827
vt 0.724286 0.507403
vt 0.859452 0.762909
vt 0.835938 0.593750
vt 0.807320 0.596305
vt 0.810547 0.604004
vt 0.855469 0.593750
vt 0.839844 0.601563
vt 0.865234 0.842773
vt 0.851563 0.857422
vt 0.841797 0.841797
vt 0.869141 0.851563
vt 0.847656 0.858398
vt 0.851563 0.857422
vt 0.839844 0.859375
vt 0.847656 0.858398
vt 0.822266 0.571289
vt 0.826172 0.577148
vt 0.803489 0.587997
vt 0.802024 0.586106
vt 0.781250 0.598633
vt 0.801758 0.584961
vt 0.781250 0.598633
vt 0.654297 0.837891
vt 0.650391 0.837891
vt 0.677734 0.823242
vt 0.664063 0.839844
vt 0.654297 0.837891
vt 0.664063 0.821289
vt 0.689453 0.817383
vt 0.689453 0.816406
vt 0.701172 0.813477
vt 0.699219 0.815430
vt 0.824219 0.839844
vt 0.679688 0.823242
vt 0.677734 0.823242
vt 0.826172 0.811523
vt 0.830078 0.814453
vt 0.830078 0.820313
vt 0.867188 0.566861
vt 0.839844 0.556641
vt 0.659688 0.874648
vt 0.835938 0.569336
vt 0.875000 0.555664
vt 0.807320 0.596305
vt 0.835938 0.593750
vt 0.816406 0.810547
vt 0.824219 0.804688
vt 0.826172 0.811523
vt 0.798828 0.810547
vt 0.787109 0.804688
vt 0.789063 0.810547
vt 0.886719 0.565971
vt 0.884766 0.568900
vt 0.636719 0.878906
vt 0.633879 0.885058
vt 0.630877 0.884219
vt 0.632813 0.877930
vt 0.701172 0.804688
vt 0.770691 0.855117
vt 0.744141 0.804688
vt 0.744141 0.810547
vt 0.701172 0.810547
vt 0.632813 0.812500
vt 0.628906 0.804688
vt 0.812619 0.859064
vt 0.664063 0.804688
vt 0.792316 0.856131
vt 0.664063 0.811523
vt 0.761719 0.619629
vt 0.761719 0.629883
vt 0.826172 0.811523
vt 0.830078 0.820313
vt 0.824219 0.821289
vt 0.816406 0.810547
vt 0.699219 0.841797
vt 0.697266 0.863281
vt 0.648438 0.859375
vt 0.664063 0.839844
vt 0.824219 0.591797
vt 0.806885 0.594555
vt 0.804263 0.590579
vt 0.820313 0.584961
vt 0.845703 0.869141
vt 0.851562 0.868164
vt 0.835938 0.569336
vt 0.833984 0.573242
vt 0.738281 0.603516
vt 0.793945 0.569336
vt 0.777344 0.583008
vt 0.777344 0.588867
vt 0.795898 0.573730
vt 0.758789 0.584961
vt 0.740234 0.586914
vt 0.738281 0.591797
vt 0.757812 0.590332
vt 0.708984 0.582031
vt 0.712891 0.578125
vt 0.720703 0.641602
vt 0.759766 0.601074
vt 0.738281 0.603516
vt 0.734375 0.637695
vt 0.990234 0.472156
vt 0.992188 0.472156
vt 0.992188 0.472156
vt 0.990234 0.472156
vt 0.822266 0.571289
vt 0.814453 0.558594
vt 0.655096 0.882128
vt 0.990234 0.472156
vt 0.990234 0.472156
vt 0.990234 0.472156
vt 0.990234 0.472156
vt 0.807192 0.477921
vt 0.802428 0.356632
vt 0.492410 0.353466
vt 0.492410 0.477830
vt 0.859375 0.804688
vt 0.855469 0.812500
vt 0.892578 0.555664
vt 0.886719 0.565971
vt 0.636719 0.868164
vt 0.632813 0.877930
vt 0.625000 0.876953
vt 0.630859 0.867188
vt 0.652344 0.840820
vt 0.615234 0.890625
vt 0.625171 0.883449
vt 0.630877 0.884219
vt 0.628906 0.890625
vt 0.620698 0.882976
vt 0.646484 0.841797
vt 0.652344 0.840820
vt 0.876953 0.872070
vt 0.879881 0.880364
vt 0.867578 0.882969
vt 0.863281 0.876953
vt 0.759766 0.601074
vt 0.781250 0.598633
vt 0.855469 0.877930
vt 0.857402 0.884212
vt 0.854398 0.885049
vt 0.851563 0.878906
vt 0.845703 0.869141
vt 0.851563 0.878906
vt 0.791992 0.872558
vt 0.857422 0.867188
vt 0.851562 0.868164
vt 0.744141 0.872558
vt 0.671875 0.810547
vt 0.605469 0.892578
vt 0.605469 0.888672
vt 0.615234 0.890625
vt 0.677734 0.891602
vt 0.686651 0.886648
vt 0.693359 0.891602
vt 0.810547 0.891602
vt 0.636719 0.878906
vt 0.647462 0.885889
vt 0.633879 0.885058
vt 0.744141 0.810547
vt 0.744141 0.812500
vt 0.632813 0.812500
vt 0.658203 0.814453
vt 0.630859 0.815430
vt 0.664063 0.811523
vt 0.738281 0.591797
vt 0.708984 0.582031
vt 0.703125 0.591797
vt 0.738281 0.603516
vt 0.795898 0.573730
vt 0.807280 0.596309
vt 0.855469 0.593750
vt 0.646484 0.841797
vt 0.619141 0.851563
vt 0.623047 0.842773
vt 0.636719 0.857422
vt 0.636719 0.857422
vt 0.640625 0.858398
vt 0.824219 0.839844
vt 0.839844 0.859375
vt 0.791016 0.863281
vt 0.789063 0.841797
vt 0.744141 0.863281
vt 0.744141 0.841797
vt 0.822266 0.571289
vt 0.826172 0.577148
vt 0.803503 0.587990
vt 0.801758 0.584961
vt 0.781250 0.598633
vt 0.789063 0.815430
vt 0.789063 0.813477
vt 0.757812 0.590332
vt 0.759766 0.601074
vt 0.664063 0.839844
vt 0.658203 0.820313
vt 0.658203 0.814453
vt 0.664063 0.811523
vt 0.835938 0.569336
vt 0.875000 0.555664
vt 0.867188 0.566861
vt 0.839844 0.556641
vt 0.831094 0.874648
vt 0.835938 0.593750
vt 0.807280 0.596309
vt 0.671875 0.810547
vt 0.689453 0.810547
vt 0.801758 0.584961
vt 0.795899 0.573730
vt 0.814453 0.558594
vt 0.835685 0.882128
vt 0.822266 0.571289
vt 0.757812 0.590332
vt 0.738281 0.591797
vt 0.740234 0.586914
vt 0.758789 0.584961
vt 0.698466 0.856131
vt 0.698466 0.853916
vt 0.826998 0.795838
vt 0.678163 0.856850
vt 0.862587 0.795115
vt 0.678163 0.859064
vt 0.857422 0.867188
vt 0.873047 0.861817
vt 0.726360 0.508946
vt 0.726360 0.516856
vt 0.793946 0.569336
vt 0.892578 0.555664
vt 0.886719 0.565971
vt 0.724768 0.527369
vt 0.725636 0.528527
vt 0.725636 0.516856
vt 0.724768 0.516856
vt 0.723828 0.513311
vt 0.723707 0.516856
vt 0.724768 0.506342
vt 0.725636 0.505184
vt 0.726312 0.504509
vt 0.726167 0.504654
vt 0.726360 0.524765
vt 0.723948 0.523945
vt 0.724286 0.526308
vt 0.723828 0.520400
vt 0.726312 0.529202
vt 0.726167 0.529057
vt 0.990234 0.472156
vt 0.990234 0.472156
vt 0.992188 0.472156
vt 0.992188 0.472156
vt 0.992188 0.472156
vt 0.992188 0.472156
vt 0.992188 0.472156
vt 0.990234 0.472156
vt 0.990234 0.472156
vt 0.620117 0.883789
vt 0.608398 0.880371
vt 0.795898 0.573730
vt 0.777344 0.588867
vt 0.777344 0.583008
vt 0.712891 0.578125
vt 0.708984 0.582031
vt 0.990234 0.472156
vt 0.990234 0.472156
vt 0.990234 0.472156
vt 0.990234 0.472156
vt 0.990234 0.472156
vt 0.990234 0.472156
vt 0.990234 0.472156
vt 0.737959 0.197923
vt 0.559389 0.189936
vt 0.495582 0.115186
vt 0.715760 0.106097
vt 0.696289 0.872558
vt 0.642578 0.869141
vt 0.810547 0.555664
vt 0.655096 0.882128
vt 0.906092 0.791799
vt 0.814453 0.558594
vt 0.885438 0.195580
vt 0.715717 0.106098
vt 0.737914 0.197924
vt 0.925836 0.187382
vt 0.950636 0.162981
vt 0.953082 0.133417
vt 0.933098 0.119838
vt 0.715717 0.106098
vt 0.819375 0.100366
vt 0.673924 0.092176
vt 0.495540 0.115186
vt 0.476958 0.096396
vt 0.479968 0.115259
vt 0.933098 0.119838
vt 0.537622 0.177949
vt 0.559346 0.189937
vt 0.495540 0.115186
vt 0.559346 0.189937
vt 0.953126 0.133417
vt 0.933142 0.119838
vt 0.950682 0.162980
vt 0.925880 0.187382
vt 0.885483 0.195580
vt 0.673967 0.092176
vt 0.819419 0.100366
vt 0.715760 0.106097
vt 0.477001 0.096396
vt 0.495582 0.115186
vt 0.480011 0.115259
vt 0.933142 0.119838
vt 0.537665 0.177948
vt 0.559389 0.189936
vt 0.116345 0.365471
vt 0.177628 0.477921
vt 0.182392 0.356632
vt 0.043122 0.399542
vt 0.010273 0.474687
vt 0.941698 0.399542
vt 0.974429 0.474687
vt 0.868475 0.365471
vt 0.831094 0.874648
vt 0.599752 0.791846
vt 0.831094 0.872433
vt 0.822200 0.862054
vt 0.613717 0.793872
vt 0.822200 0.864268
vt 0.724286 0.526308
vt 0.632852 0.762909
vt 0.723948 0.523945
vt 0.660358 0.763827
vt 0.785156 0.614258
vt 0.789063 0.622070
vt 0.814453 0.611817
vt 0.770691 0.855117
vt 0.701703 0.796092
vt 0.770691 0.852903
vt 0.745448 0.796265
vt 0.745391 0.852212
vt 0.745391 0.854427
vt 0.668581 0.862054
vt 0.879914 0.793872
vt 0.668581 0.864268
vt 0.629597 0.795115
vt 0.812619 0.856850
vt 0.812619 0.859064
vt 0.723707 0.516856
vt 0.745383 0.764628
vt 0.723828 0.513311
vt 0.788158 0.764354
vt 0.768566 0.512381
vt 0.768566 0.512381
vt 0.768566 0.512381
vt 0.859452 0.762909
vt 0.873161 0.761333
vt 0.768566 0.512381
vt 0.659688 0.872433
vt 0.896771 0.791846
vt 0.659688 0.874648
vt 0.895567 0.757184
vt 0.824219 0.502930
vt 0.767736 0.520668
vt 0.888441 0.758659
vt 0.768566 0.512381
vt 0.891567 0.768465
vt 0.723828 0.520400
vt 0.702801 0.764354
vt 0.720091 0.855117
vt 0.789384 0.796092
vt 0.720091 0.852903
vt 0.894693 0.778272
vt 0.818359 0.501953
vt 0.602426 0.757184
vt 0.824219 0.502930
vt 0.818359 0.501953
vt 0.777344 0.588867
vt 0.781250 0.598633
vt 0.777344 0.588867
vt 0.781250 0.598633
vt 0.614120 0.780530
vt 0.601303 0.778272
vt 0.629622 0.782051
vt 0.701616 0.784055
vt 0.664371 0.795838
vt 0.792316 0.853916
vt 0.664279 0.783505
vt 0.617245 0.770932
vt 0.632852 0.762909
vt 0.768566 0.512381
vt 0.631237 0.772480
vt 0.745302 0.784384
vt 0.789242 0.784055
vt 0.876262 0.770932
vt 0.879363 0.780530
vt 0.826890 0.783505
vt 0.860948 0.772480
vt 0.862443 0.782051
vt 0.604380 0.768465
vt 0.662319 0.773666
vt 0.631237 0.772480
vt 0.702243 0.774141
vt 0.828981 0.773666
vt 0.860948 0.772480
vt 0.745343 0.774506
vt 0.788735 0.774141
vt 0.768566 0.512381
vt 0.768566 0.512381
vt 0.744141 0.891602
vt 0.794922 0.891602
vt 0.656250 0.891602
vt 0.630859 0.891602
vt 0.630859 0.891602
vt 0.628906 0.890625
vt 0.859375 0.890625
vt 0.857422 0.891602
s 1
usemtl carskin1.002
f 1665/1711/1410 1666/1712/1411 1667/1713/1412 1668/1714/1413
f 1669/1715/1414 1670/1716/1415 1671/1717/1416 1672/1719/1417
f 1675/1723/1418 1676/1724/1419 1677/1725/1420 1678/1726/1421
f 1682/1730/1422 1683/1731/1423 1684/1732/1424 1685/1733/1425
f 1686/1734/1426 1687/1735/1427 1688/1736/1428
f 1687/1735/1427 1686/1734/1426 1689/1737/1429
f 1681/1729/1430 1690/1738/1430 1691/1739/1430
f 1692/1740/1431 1693/1741/1432 1694/1742/1433 1695/1743/1434
f 1697/1745/1435 1698/1746/1436 1699/1747/1437 1700/1748/1438
f 1701/1749/1439 1702/1750/1440 1703/1751/1441 1704/1752/1442
f 1705/1753/1443 1696/1744/1444 1706/1754/1445
f 1674/1722/1446 1696/1744/1444 1705/1753/1443
f 1707/1755/1447 1708/1757/1448 1709/1759/1449 1710/1760/1450
f 1708/1757/1448 1711/1761/1451 1712/1764/1452 1709/1759/1449
f 1713/1765/1453 1714/1766/1454 1715/1767/1455
f 1716/1768/1456 1717/1769/1457 1718/1770/1458 1719/1771/1459
f 1720/1772/1460 1721/1773/1461 1722/1774/1462
f 1723/1775/1463 1724/1776/1464 1725/1777/1465 1726/1778/1466
f 1727/1779/1467 1724/1776/1464 1728/1780/1468 1729/1781/1469
f 1730/1782/1470 1731/1783/1471 1732/1784/1472
f 1731/1783/1471 1730/1782/1470 1733/1785/1473
f 1734/1786/1474 1735/1787/1475 1736/1788/1476 1737/1789/1477
f 1738/1790/1478 1739/1791/1479 1740/1792/1480 1741/1793/1481
f 1742/1794/1482 1743/1795/1483 1744/1796/1484 1745/1800/1485
f 1746/1801/1486 1747/1802/1487 1748/1803/1488
f 1749/1804/1489 1747/1802/1487 1746/1801/1486
f 1750/1805/1490 1747/1802/1487 1749/1804/1489
f 1751/1806/1491 1752/1807/1492 1753/1808/1493 1754/1809/1494
f 1755/1810/1495 1756/1811/1496 1757/1812/1497
f 1758/1813/1498 1759/1814/1499 1760/1815/1500
f 1761/1816/1501 1762/1817/1502 1763/1818/1503 1764/1819/1504
f 1765/1820/1505 1766/1821/1506 1767/1822/1507
f 1766/1821/1506 1765/1820/1505 1768/1823/1508
f 1769/1824/1509 1770/1825/1509 1771/1826/1510 1772/1827/1511
f 1775/1830/1512 1776/1831/1513 1777/1832/1514 1778/1833/1512
f 1779/1834/1515 1780/1835/1516 1781/1836/1517 1782/1838/1518
f 1783/1840/1519 1784/1841/1520 1785/1842/1521
f 1786/1843/1522 1783/1840/1519 1787/1844/1523
f 1788/1845/1524 1789/1846/1525 1790/1847/1526
f 1789/1846/1525 1788/1845/1524 1791/1848/1527
f 1733/1785/1473 1792/1849/1528 1731/1783/1471
f 1792/1849/1528 1733/1785/1473 1793/1850/1529
f 1720/1772/1460 1794/1851/1530 1721/1773/1461
f 1794/1851/1530 1720/1772/1460 1795/1852/1531
f 1715/1767/1455 1714/1766/1454 1750/1805/1490 1749/1804/1489
f 1689/1737/1429 1796/1853/1532 1797/1854/1533
f 1796/1853/1532 1689/1737/1429 1686/1734/1426
f 1797/1854/1533 1798/1855/1534 1666/1712/1411 1665/1711/1410
f 1798/1855/1534 1799/1856/1535 1800/1857/1536 1801/1858/1537 1802/1859/1538
f 1776/1831/1513 1803/1860/1539 1804/1861/1540 1777/1832/1514
f 1805/1862/1541 1806/1863/1542 1807/1864/1543 1808/1865/1544
f 1809/1866/1545 1810/1867/1546 1811/1868/1547 1812/1869/1548
f 1692/1740/1431 1695/1743/1434 1813/1870/1549
f 1814/1871/1550 1815/1872/1551 1810/1867/1546 1809/1866/1545
f 1816/1873/1552 1817/1874/1552 1818/1875/1552
f 1819/1876/1553 1820/1877/1554 1821/1879/1555
f 1820/1877/1554 1819/1876/1553 1822/1880/1556
f 1668/1714/1413 1667/1713/1412 1823/1881/1557 1824/1882/1558
f 1825/1883/1559 1826/1884/1560 1827/1885/1561
f 1828/1886/1562 1826/1884/1560 1825/1883/1559
f 1829/1887/1563 1828/1886/1562 1830/1888/1564
f 1829/1887/1563 1826/1884/1560 1828/1886/1562
f 1831/1889/1565 1688/1736/1428 1687/1735/1427 1832/1890/1565
f 1833/1891/1566 1834/1892/1567 1835/1893/1568 1836/1894/1569
f 1837/1895/1570 1838/1897/1571 1839/1898/1572 1840/1899/1573
f 1841/1900/1574 1842/1901/1575 1843/1903/1576 1844/1905/1577
f 1748/1803/1488 1722/1774/1462 1721/1773/1461 1746/1801/1486
f 1845/1906/1578 1705/1753/1443 1706/1754/1445 1846/1907/1579
f 1847/1908/1580 1848/1909/1581 1849/1910/1582 1850/1911/1580
f 1851/1912/1583 1852/1913/1584 1853/1914/1585 1854/1915/1586
f 1855/1916/1587 1856/1917/1588 1857/1918/1589 1858/1919/1590
f 1859/1920/1591 1794/1851/1530 1795/1852/1531 1860/1921/1592
f 1861/1922/1593 1771/1826/1510 1862/1923/1594
f 1771/1826/1510 1861/1922/1593 1772/1827/1511
f 1863/1924/1595 1680/1728/1595 1679/1727/1595
f 1864/1925/1596 1865/1926/1597 1866/1927/1598 1867/1928/1599
f 1868/1929/1600 1869/1930/1601 1870/1931/1602 1871/1932/1603
f 1872/1933/1604 1870/1931/1602 1869/1930/1601 1873/1934/1604
f 1875/1936/1605 1876/1937/1606 1705/1753/1443 1845/1906/1578
f 1704/1752/1442 1874/1935/1607 1701/1749/1439
f 1877/1938/1608 1874/1935/1607 1704/1752/1442
f 1878/1939/1609 1879/1940/1610 1880/1941/1611 1881/1942/1612
f 1882/1943/1613 1821/1879/1555 1820/1877/1554 1883/1944/1614
f 1884/1946/1615 1885/1947/1616 1886/1948/1617 1887/1949/1618
f 1888/1950/1619 1889/1951/1620 1890/1952/1621 1891/1953/1622
f 1827/1885/1561 1826/1884/1560 1892/1954/1623 1893/1955/1623
f 1894/1956/1624 1822/1880/1556 1819/1876/1553 1895/1957/1624
f 1734/1786/1474 1737/1789/1477 1713/1765/1625
f 1896/1958/1626 1897/1959/1627 1898/1960/1628 1899/1961/1629
f 1807/1864/1543 1806/1863/1542 1900/1962/1630
f 1901/1963/1631 1902/1964/1632 1903/1965/1633 1904/1966/1634
f 1897/1959/1627 1902/1964/1632 1905/1967/1635 1898/1960/1628
f 1803/1860/1539 1906/1968/1636 1804/1861/1540
f 1906/1968/1636 1803/1860/1539 1907/1969/1637
f 1908/1970/1638 1909/1971/1639 1910/1972/1640 1911/1973/1641
f 1683/1731/1423 1912/1974/1642 1913/1975/1643 1684/1732/1424
f 1914/1976/1644 1915/1977/1645 1916/1978/1646 1917/1979/1647
f 1918/1980/1648 1919/1981/1649 1758/1813/1498 1920/1982/1650
f 1793/1850/1529 1921/1983/1651 1922/1984/1652 1792/1849/1528
f 1920/1982/1650 1758/1813/1498 1753/1808/1493 1923/1985/1653
f 1808/1865/1544 1735/1787/1475 1805/1862/1541
f 1924/1986/1654 1735/1787/1475 1808/1865/1544
f 1736/1788/1476 1735/1787/1475 1924/1986/1654
f 1925/1987/1655 1926/1988/1656 1927/1989/1657
f 1928/1990/1658 1929/1991/1659 1751/1806/1491 1930/1992/1660
f 1761/1816/1501 1931/1993/1661 1759/1814/1499 1762/1817/1502
f 1932/1994/1662 1933/1995/1663 1934/1996/1664
f 1812/1869/1548 1811/1868/1547 1935/1997/1665 1936/1998/1666
f 1937/1999/1667 1938/2000/1668 1939/2001/1669
f 1938/2000/1668 1937/1999/1667 1940/2002/1670
f 1941/2003/1671 1942/2004/1672 1943/2005/1672 1944/2006/1673
f 1801/1858/1537 1882/1943/1613 1883/1944/1614 1945/2007/1674
f 1829/1887/1563 1830/1888/1564 1839/1898/1572 1838/1897/1571
f 1684/1732/1424 1913/1975/1643 1946/2008/1675 1698/1746/1436
f 1700/1748/1438 1699/1747/1437 1947/2009/1676
f 1948/2010/1677 1949/2011/1678 1950/2012/1679
f 1949/2011/1678 1948/2010/1677 1951/2013/1680
f 1907/1969/1637 1952/2014/1681 1906/1968/1636
f 1952/2014/1681 1907/1969/1637 1953/2015/1682
f 1806/1863/1542 1717/1769/1457 1900/1962/1630
f 1717/1769/1457 1806/1863/1542 1718/1770/1458
f 1954/2016/1683 1955/2017/1684 1956/2018/1685 1957/2019/1686
f 1957/2019/1686 1956/2018/1685 1958/2020/1687 1959/2021/1688
f 1862/1923/1594 1960/2022/1689 1861/1922/1593
f 1960/2022/1689 1862/1923/1594 1961/2023/1690
f 1961/2023/1690 1962/2024/1691 1963/2025/1692 1960/2022/1689
f 1964/2026/1693 1962/2024/1691 1857/1918/1589
f 1965/2027/1694 1936/1998/1666 1935/1997/1665 1966/2028/1695
f 1967/2029/1696 1941/2003/1671 1944/2006/1673 1968/2030/1697
f 1969/2031/1698 1815/1872/1551 1814/1871/1550
f 1970/2032/1699 1971/2033/1699 1972/2034/1699
f 1973/2035/1700 1974/2036/1701 1975/2037/1702
f 1974/2036/1701 1973/2035/1700 1976/2038/1703
f 1977/2040/1704 1978/2041/1705 1856/1917/1588 1855/1916/1587
f 1843/1903/1576 1979/2042/1706 1844/1905/1577
f 1980/2043/1707 1837/1895/1570 1840/1899/1573
f 1980/2043/1707 1843/1903/1576 1837/1895/1570
f 1980/2043/1707 1979/2042/1706 1843/1903/1576
f 1754/1809/1494 1753/1808/1493 1758/1813/1498 1760/1815/1500
f 1981/2044/1708 1982/2045/1709 1983/2046/1710 1984/2048/1711
f 1985/2049/1712 1986/2050/1713 1987/2051/1714 1988/2052/1715
f 1678/1726/1421 1677/1725/1420 1773/1828/1716 1774/1829/1716
f 1693/1741/1432 1965/2027/1694 1966/2028/1695 1694/1742/1433
f 1989/2053/1717 1990/2054/1718 1991/2056/1719 1992/2058/1720
f 1848/1909/1581 1730/1782/1470 1732/1784/1472 1849/1910/1582
f 1876/1937/1606 1673/1721/1721 1674/1722/1446 1705/1753/1443
f 1993/2059/1722 1789/1846/1525 1791/1848/1527 1994/2060/1723
f 1998/2064/1724 1999/2065/1724 1975/2037/1702 1974/2036/1701
f 1984/2048/1711 1983/2046/1710 1976/2038/1703 1973/2035/1700
f 2000/2066/1725 2001/2067/1726 2002/2068/1727 2003/2069/1728
f 1932/1994/1662 1752/1807/1492 1929/1991/1659 1933/1995/1663
f 2003/2069/1728 2004/2070/1729 2005/2071/1730
f 2006/2072/1731 1780/1835/1732 2003/2069/1728
f 1779/1834/1733 1780/1835/1732 2006/2072/1731
f 2007/2073/1734 2008/2074/1735 2009/2075/1736
f 1995/2061/1737 2002/2068/1727 1996/2062/1738
f 1995/2061/1737 2007/2073/1734 2002/2068/1727
f 1995/2061/1737 2008/2074/1735 2007/2073/1734
f 2000/2066/1725 2011/2077/1739 2012/2078/1740
f 2003/2069/1728 2011/2077/1739 2000/2066/1725
f 2005/2071/1730 2013/2079/1741 2003/2069/1728
f 2014/2080/1742 2001/2067/1726 2015/2081/1743
f 2010/2076/1744 2001/2067/1726 2014/2080/1742
f 1996/2062/1738 2001/2067/1726 2010/2076/1744
f 2002/2068/1727 2001/2067/1726 1996/2062/1738
f 2003/2069/1728 2002/2068/1727 2007/2073/1734 2006/2072/1731
f 1887/1949/1618 1886/1948/1617 2016/2082/1745 2017/2083/1746
f 2018/2084/1747 2019/2085/1748 2020/2086/1749
f 2018/2084/1747 2020/2086/1749 2021/2087/1750
f 2018/2084/1747 2021/2087/1750 2022/2088/1751
f 2017/2083/1746 2016/2082/1745 2023/2089/1752 2024/2090/1753
f 2025/2091/1754 1927/1989/1657 1926/1988/1656 2026/2092/1755
f 2027/2093/1756 2028/2094/1757 2029/2095/1758 1997/2063/1759
f 1879/1940/1610 2019/2085/1748 2018/2084/1747 1880/1941/1611
f 2032/2098/1760 2033/2099/1761 2034/2100/1762
f 2035/2101/1763 2032/2098/1760 2034/2100/1762
f 2036/2102/1764 2035/2101/1763 2034/2100/1762
f 1884/1946/1615 2037/2103/1765 2038/2104/1766 1885/1947/1616
f 2039/2105/1767 2040/2106/1768 2041/2107/1768 2042/2108/1769
f 2043/2109/1770 1752/1807/1492 1932/1994/1662 2044/2110/1771
f 1670/1716/1415 2045/2111/1772 2046/2114/1773 1671/1717/1416
f 2024/2090/1753 2023/2089/1752 2034/2100/1762 2033/2099/1761
f 2047/2115/1774 2048/2116/1775 2049/2117/1776
f 2050/2118/1777 2048/2116/1775 2047/2115/1774
f 2051/2119/1778 2048/2116/1775 2050/2118/1777
f 2052/2120/1779 2048/2116/1775 2051/2119/1778
f 2053/2121/1780 2048/2116/1775 2052/2120/1779
f 2054/2122/1781 2055/2123/1782 2056/2124/1783
f 2057/2125/1784 2058/2126/1785 2059/2127/1786
f 2054/2122/1781 2058/2126/1785 2057/2125/1784
f 2056/2124/1783 2058/2126/1785 2054/2122/1781
f 2055/2123/1782 2054/2122/1781 2060/2128/1787
f 2057/2125/1784 2061/2129/1788 2062/2130/1789
f 2061/2129/1788 2057/2125/1784 2059/2127/1786
f 2063/2131/1790 2064/2132/1790 2049/2117/1776 2048/2116/1775
f 2065/2133/1791 2042/2108/1769 2066/2134/1792
f 2067/2135/1793 2042/2108/1769 2065/2133/1791
f 2068/2136/1794 2042/2108/1769 2067/2135/1793
f 2069/2137/1795 2042/2108/1769 2068/2136/1794
f 2039/2105/1767 2042/2108/1769 2069/2137/1795
f 2070/2138/1796 2071/2139/1797 2072/2140/1798
f 2072/2140/1798 2073/2141/1799 2070/2138/1796
f 2074/2142/1800 2073/2141/1799 2072/2140/1798
f 2075/2143/1801 2073/2141/1799 2074/2142/1800
f 2076/2144/1802 2072/2140/1798 2071/2139/1797
f 2077/2145/1803 2074/2142/1800 2078/2146/1804
f 2074/2142/1800 2077/2145/1803 2075/2143/1801
f 2037/2103/1765 1878/1939/1609 1881/1942/1612 2038/2104/1766
f 2079/2147/1805 2080/2148/1806 2081/2149/1807
f 2082/2150/1808 2080/2148/1806 2079/2147/1805
f 2083/2151/1809 2080/2148/1806 2082/2150/1808
f 1891/1953/1622 1890/1952/1621 2081/2149/1807 2080/2148/1806
f 2084/2152/1810 1888/1950/1619 2085/2153/1811
f 2086/2154/1812 1888/1950/1619 2084/2152/1810
f 1889/1951/1620 1888/1950/1619 2086/2154/1812
f 1923/1985/1653 1753/1808/1493 1752/1807/1492 2043/2109/1770
f 2087/2155/1813 2088/2157/1814 2089/2158/1815 2090/2160/1816
f 2030/2096/1817 1987/2051/1714 1986/2050/1713 2031/2097/1817
f 2011/2077/1818 2012/2078/1819 2091/2161/1820 2092/2163/1821
f 1785/1842/1521 2093/2165/1822 2094/2166/1823 2095/2167/1824
f 1959/2021/1688 1958/2020/1687 1852/1913/1584 1851/1912/1583
f 2096/2168/1825 2097/2170/1826 2098/2172/1827 2099/2173/1828
f 1992/2058/1720 1991/2056/1719 2100/2174/1829 2101/2176/1830
f 2090/2160/1816 2089/2158/1815 2102/2178/1831 2103/2179/1832
f 2004/2070/1833 2005/2071/1834 2104/2180/1835 2105/2182/1836
f 1780/1835/1516 2004/2070/1833 2105/2182/1836 1781/1836/1517
f 2106/2184/1837 2107/2185/1838 2108/2186/1839 2109/2189/1840
f 2101/2176/1830 2100/2174/1829 2110/2190/1841 2111/2192/1842
f 2004/2070/1729 2003/2069/1728 1780/1835/1732
f 2003/2069/1728 2013/2079/1741 2011/2077/1739
f 1820/1878/1554 2110/2190/1841 2046/2112/1773 1883/1945/1614
f 2007/2073/1734 2009/2075/1736 2112/2194/1843 2113/2195/1844
f 2112/2193/1843 1672/1720/1417 2114/2198/1845 2113/2196/1844
f 2005/2071/1834 2013/2079/1846 2115/2199/1847 2104/2180/1835
f 2013/2079/1846 2011/2077/1818 2092/2163/1821 2115/2199/1847
f 2116/2201/1848 2117/2203/1849 1990/2054/1718 1989/2053/1717
f 2046/2113/1773 2110/2191/1841 2118/2204/1850 1671/1718/1416
f 2119/2205/1851 1669/1715/1414 1672/1719/1417 2112/2194/1843
f 2120/2207/1852 1707/1755/1447 1710/1760/1450 2121/2208/1853
f 1958/2020/1687 1923/1985/1653 2043/2109/1770 1852/1913/1584
f 1852/1913/1584 2043/2109/1770 2044/2110/1771 1853/1914/1585
f 1956/2018/1685 1920/1982/1650 1923/1985/1653 1958/2020/1687
f 1955/2017/1684 1918/1980/1648 1920/1982/1650 1956/2018/1685
f 1917/1979/1647 1859/1920/1591 1860/1921/1592 1914/1976/1644
f 1911/1973/1641 1993/2059/1722 1994/2060/1723 1908/1970/1638
f 1783/1840/1519 1785/1842/1521 2095/2167/1824 1787/1844/1523
f 2045/2111/1772 1864/1925/1596 1867/1928/1599 2046/2114/1773
f 1800/1857/1536 1801/1858/1537 1945/2007/1674 2122/2209/1854
f 1836/1894/1569 1716/1768/1456 1719/1771/1459 1833/1891/1566
f 1953/2015/1682 1896/1958/1626 1899/1961/1629 1952/2014/1681
f 1685/1733/1425 1684/1732/1424 1698/1746/1436 1697/1745/1435
f 2123/2210/1855 2124/2211/1856 1982/2045/1709 1981/2044/1708
f 1711/1761/1451 2027/2093/1756 1997/2063/1759 1712/1764/1452
f 1963/2025/1692 1962/2024/1691 1964/2026/1693
f 1857/1918/1589 1856/1917/1588 1964/2026/1693
f 1857/1918/1589 1962/2024/1691 1961/2023/1690 1858/1919/1590
f 1856/1917/1588 1978/2041/1705 1964/2026/1693
f 1698/1746/1436 1946/2008/1675 1699/1747/1437
f 1740/1792/1480 1739/1791/1479 1949/2011/1678 1951/2013/1680
f 1922/1984/1652 1921/1983/1651 1727/1779/1467 1729/1781/1469
f 1666/1712/1411 1798/1855/1534 1802/1859/1538
f 1823/1881/1557 1667/1713/1412 1802/1859/1538
f 1785/1842/1521 1784/1841/1520 2125/2212/1857 2093/2165/1822
f 1667/1713/1412 1666/1712/1411 1802/1859/1538
f 2126/2213/1858 2089/2159/1815 2088/2156/1814 2127/2214/1859
f 2089/2159/1815 2126/2213/1858 2128/2215/1860 2102/2177/1831
f 2129/2216/1861 2097/2169/1826 2130/2217/1862 2131/2219/1863
f 2132/2220/1864 1745/1799/1865 2133/2221/1866 2134/2223/1867
f 2098/2171/1827 2135/2224/1868 2136/2225/1869 2117/2202/1849
f 2097/2169/1826 2129/2216/1861 2135/2224/1868 2098/2171/1827
f 2137/2226/1870 2109/2188/1840 2113/2196/1844 2114/2198/1845
f 2118/2204/1850 2110/2191/1841 2100/2175/1829 2138/2227/1871
f 2139/2228/1872 1990/2055/1718 2117/2202/1849 2136/2225/1869
f 2140/2229/1873 2108/2187/1839 2109/2188/1840 2137/2226/1870
f 1991/2057/1719 2141/2230/1874 2138/2227/1871 2100/2175/1829
f 2142/2231/1875 1744/1797/1876 1745/1799/1865 2132/2220/1864
f 2128/2215/1860 2131/2219/1863 2130/2217/1862 2102/2177/1831
f 2139/2228/1872 2141/2230/1874 1991/2057/1719 1990/2055/1718
f 2143/2232/1877 2131/2219/1863 2128/2215/1860 2144/2233/1878
f 2143/2232/1877 2092/2164/1879 2115/2200/1880 2145/2234/1881
f 2146/2235/1882 1781/1837/1883 1782/1839/1884 2147/2236/1885
f 2148/2237/1886 2104/2181/1887 2105/2183/1888 2149/2238/1889
f 2145/2234/1881 2115/2200/1880 2104/2181/1887 2148/2237/1886
f 2149/2238/1889 2105/2183/1888 1781/1837/1883 2146/2235/1882
f 2127/2214/1859 2142/2231/1875 2132/2220/1864 2126/2213/1858
f 2126/2213/1858 2132/2220/1864 2134/2223/1867 2128/2215/1860
f 2136/2225/1869 2149/2238/1889 2146/2235/1882 2139/2228/1872
f 2129/2216/1861 2145/2234/1881 2148/2237/1886 2135/2224/1868
f 2135/2224/1868 2148/2237/1886 2149/2238/1889 2136/2225/1869
f 2139/2228/1872 2146/2235/1882 2147/2236/1885 2141/2230/1874
f 2131/2219/1863 2143/2232/1877 2145/2234/1881 2129/2216/1861
f 2092/2164/1879 2143/2232/1877 2144/2233/1878 2091/2162/1890
f 2141/2230/1874 2140/2229/1873 2137/2226/1870 2138/2227/1871
f 2138/2227/1871 2137/2226/1870 2114/2198/1845 2118/2204/1850
f 2099/2173/1828 2098/2172/1827 2117/2203/1849 2116/2201/1848
f 2150/2239/1891 2106/2184/1837 2109/2189/1840 2113/2197/1892
f 2151/2240/1893 1742/1794/1482 1745/1800/1485 2133/2222/1894
f 1708/1758/1448 2127/2214/1859 2088/2156/1814 1711/1762/1451
f 1707/1756/1447 2120/2206/1852 1744/1797/1876 2142/2231/1875
f 1976/2039/1703 1983/2047/1710 1711/1763/1451 2088/2157/1814
f 2001/2067/1726 1744/1798/1876 2120/2207/1852 2015/2081/1743
f 2142/2231/1875 2127/2214/1859 1708/1758/1448 1707/1756/1447
f 2114/2198/1845 1672/1720/1417 1671/1718/1416 2118/2204/1850
f 1865/1926/1597 1868/1929/1600 1871/1932/1603 1866/1927/1598
f 1843/1904/1576 2130/2218/1862 2097/2170/1826 1837/1896/1570
f 2130/2218/1862 1843/1904/1576 1842/1902/1575 2102/2178/1831
f 2122/2209/1854 1967/2029/1696 1968/2030/1697 1800/1857/1536
f 2125/2212/1857 1875/1936/1605 1845/1906/1578 2093/2165/1822
f 2093/2165/1822 1845/1906/1578 1846/1907/1579 2094/2166/1823
f 2028/2094/1757 1985/2049/1712 1988/2052/1715 2029/2095/1758
f 2124/2211/1856 2123/2210/1855 1676/1724/1419 1675/1723/1418
f 1704/1752/1442 1703/1751/1441 1912/1974/1642 1683/1731/1423
f 1877/1938/1608 1704/1752/1442 1683/1731/1423 1682/1730/1422
f 2152/2241/1895 1754/1809/1494 1760/1815/1500 2153/2242/1896
f 1930/1992/1660 1751/1806/1491 1754/1809/1494 2152/2241/1895
f 1934/1996/1664 1933/1995/1663 2154/2243/1897 2155/2244/1898
f 1905/1967/1635 1902/1964/1632 1901/1963/1631
f 1933/1995/1663 1929/1991/1659 1928/1990/1658 2154/2243/1897
f 1835/1893/1568 1834/1892/1567 2156/2245/1899 2157/2246/1899
f 1751/1806/1491 1929/1991/1659 1752/1807/1492
f 1903/1965/1633 1902/1964/1632 1897/1959/1627
f 1763/1818/1503 1762/1817/1502 1919/1981/1649
f 1910/1972/1640 1909/1971/1639 1756/1811/1496 1755/1810/1495
f 1725/1777/1465 1724/1776/1464 1727/1779/1467
f 1728/1780/1468 1724/1776/1464 1723/1775/1463
f 1916/1978/1646 1915/1977/1645 2158/2247/1900 2159/2248/1900
f 1762/1817/1502 1759/1814/1499 1758/1813/1498 1919/1981/1649
f 1760/1815/1500 1759/1814/1499 1931/1993/1661 2153/2242/1896
f 1741/1793/1481 2025/2091/1754 2026/2092/1755 1738/1790/1478
f 1796/1853/1532 1799/1856/1535 1798/1855/1534 1797/1854/1533
g rearIntact_car03.004
v -0.764165 0.202519 2.372520
v -0.854505 0.205939 2.290880
v -0.841264 0.127594 2.275340
v -0.750636 0.138521 2.359710
v -0.823870 -0.009178 1.836560
v -0.794060 0.011885 2.207560
v -0.905152 0.119381 1.846630
v 0.343740 0.683016 2.294020
v 0.325953 0.661361 2.222970
v 0.356740 0.625590 2.228310
v 0.378910 0.641725 2.292600
v 0.322936 0.150655 2.441870
v 0.322276 0.171811 2.316130
v 0.002452 0.174435 2.338330
v 0.002452 0.153281 2.457020
v 0.769069 0.202519 2.372520
v 0.755539 0.138521 2.359710
v 0.846168 0.127594 2.275340
v 0.859409 0.205939 2.290880
v 0.915881 0.354068 1.849730
v 0.932993 0.284205 1.824290
v 0.765302 0.271884 2.364740
v 0.857815 0.270908 2.281900
v 0.755007 0.341117 2.267690
v 0.765302 0.271884 2.364740
v 0.857815 0.270908 2.281900
v 0.812875 0.342823 2.213180
v -0.701363 0.028020 2.300130
v -0.641159 0.063398 2.334340
v -0.750636 0.138521 2.359710
v -0.664145 0.028592 2.302530
v 0.264220 0.442543 2.281610
v 0.325953 0.661361 2.222970
v 0.002452 0.671880 2.253190
v 0.002452 0.444122 2.300690
v -0.928089 0.284205 1.824290
v -0.936443 0.259349 1.819340
v 0.910056 0.119381 1.846630
v 0.941346 0.259349 1.819340
v 0.828774 -0.009178 1.836560
v 0.798964 0.011885 2.207560
v -0.760399 0.271884 2.364740
v -0.730104 0.202394 2.378880
v -0.704590 0.228025 2.263710
v -0.740444 0.274457 2.265700
v 0.940697 0.246458 1.788290
v 0.941346 0.259349 1.819340
v 0.910056 0.119381 1.846630
v 0.910995 0.115653 1.811400
v 0.828774 -0.009178 1.836560
v 0.835347 -0.014156 1.805140
v 0.748842 0.776192 2.237960
v 0.740357 0.825050 2.214360
v 0.002452 0.828919 2.297000
v 0.002452 0.780355 2.325540
v -0.374007 0.641725 2.292600
v -0.341260 0.470139 2.305900
v -0.323171 0.479997 2.267020
v -0.351836 0.625590 2.228310
v -0.553813 0.063416 2.340870
v -0.318032 0.150655 2.441870
v 0.002452 0.040767 2.392240
v 0.002452 0.153281 2.457020
v -0.534117 0.030597 2.310950
v 0.002452 0.746538 2.328810
v -0.338837 0.683016 2.294020
v 0.002452 0.688566 2.330150
v -0.709621 0.730480 2.250090
v -0.910978 0.354068 1.849730
v -0.928089 0.284205 1.824290
v -0.707471 0.464311 2.267980
v -0.750103 0.341117 2.267700
v -0.317373 0.335194 2.316130
v -0.341260 0.470139 2.305900
v -0.374007 0.641725 2.292600
v -0.749495 0.451401 2.263910
v -0.268314 0.425038 2.314520
v 0.706266 0.028020 2.300130
v 0.328074 0.479997 2.267020
v 0.346163 0.470139 2.305900
v 0.273218 0.425038 2.314520
v 0.264220 0.442543 2.281610
v 0.002452 0.444122 2.300690
v 0.002452 0.422854 2.336280
v -0.351836 0.625590 2.228310
v -0.259316 0.442544 2.281610
v -0.321050 0.661361 2.222970
v -0.323171 0.479997 2.267020
v -0.338837 0.683016 2.294020
v 0.002452 0.641721 2.328730
v 0.002452 0.688566 2.330150
v -0.374007 0.641725 2.292600
v -0.730104 0.202394 2.378880
v -0.760399 0.271884 2.364740
v -0.764165 0.202519 2.372520
v -0.640660 0.160523 2.384990
v 0.002452 0.333821 2.338330
v 0.002452 0.174435 2.338330
v 0.322276 0.171811 2.316130
v 0.322276 0.335194 2.316130
v -0.740444 0.274457 2.265700
v -0.704590 0.228025 2.263710
v -0.629004 0.183974 2.267920
v -0.317373 0.171811 2.316130
v -0.750103 0.341117 2.267700
v 0.745348 0.274457 2.265700
v 0.755007 0.341117 2.267690
v 0.346163 0.470139 2.305900
v 0.765302 0.271884 2.364740
v 0.745348 0.274457 2.265700
v 0.709494 0.228025 2.263710
v 0.735007 0.202394 2.378880
v 0.273218 0.425038 2.314520
v 0.002452 0.422854 2.336280
v -0.553813 0.063416 2.340870
v -0.641159 0.063398 2.334340
v -0.664145 0.023421 2.190940
v -0.534119 0.025466 2.199390
v -0.760399 0.271884 2.364740
v -0.852911 0.270908 2.281900
v 0.712375 0.464311 2.267980
v 0.714525 0.730480 2.250090
v 0.378910 0.641725 2.292600
v -0.807972 0.342823 2.213180
v -0.852911 0.270908 2.281900
v 0.755539 0.138521 2.359710
v 0.669049 0.028592 2.302530
v 0.706266 0.028020 2.300130
v -0.701363 0.028020 2.300130
v 0.932993 0.284205 1.824290
v -0.906092 0.115653 1.811400
v -0.830444 -0.014156 1.805140
v -0.823870 -0.009178 1.836560
v -0.905152 0.119381 1.846630
v -0.935794 0.246458 1.788290
v -0.936443 0.259349 1.819340
v 0.645563 0.160523 2.384990
v 0.633907 0.183974 2.267920
v -0.743938 0.776192 2.237960
v 0.002452 0.020067 2.202650
v 0.828774 -0.009178 1.836560
v 0.669049 0.023421 2.190940
v 0.740357 0.825050 2.214360
v 0.695168 0.977230 2.098360
v 0.002452 0.977202 2.184496
v 0.002452 0.828919 2.297000
v 0.539021 0.030597 2.310950
v 0.322936 0.150655 2.441870
v 0.343740 0.683016 2.294020
v 0.754398 0.451401 2.263910
v -0.338837 0.683016 2.294020
v -0.321050 0.661361 2.222970
v 0.002452 0.671880 2.253190
v 0.002452 0.688566 2.330150
v -0.750103 0.341117 2.267700
v -0.760399 0.271884 2.364740
v -0.268314 0.425038 2.314520
v -0.259316 0.442544 2.281610
v 0.328074 0.479997 2.267020
v 0.356740 0.625590 2.228310
v 0.378910 0.641725 2.292600
v 0.343740 0.683016 2.294020
v 0.769069 0.202519 2.372520
v 0.765302 0.271884 2.364740
v 0.735007 0.202394 2.378880
v 0.645563 0.160523 2.384990
v 0.633907 0.183974 2.267920
v 0.709494 0.228025 2.263710
v 0.755007 0.341117 2.267690
v -0.640660 0.160523 2.384990
v -0.629004 0.183974 2.267920
v -0.318032 0.150655 2.441870
v -0.317373 0.171811 2.316130
v -0.701363 0.028020 2.300130
v -0.664145 0.023421 2.190940
v -0.664145 0.028592 2.302530
v -0.794060 0.011885 2.207560
v -0.735453 0.825050 2.214360
v -0.534119 0.025466 2.199390
v -0.823870 -0.009178 1.836560
v 0.669049 0.023421 2.190940
v 0.669049 0.028592 2.302530
v 0.539021 0.030597 2.310950
v 0.706266 0.028020 2.300130
v 0.798964 0.011885 2.207560
v 0.669049 0.028592 2.302530
v 0.002452 0.040767 2.392240
v 0.539021 0.030597 2.310950
v -0.664145 0.028592 2.302530
v -0.534117 0.030597 2.310950
v -0.638732 1.132860 1.941000
v -0.690264 0.977230 2.098360
v 0.002452 1.159090 1.985576
v -0.534117 0.030597 2.310950
v 0.643635 1.132860 1.941000
v -0.271270 1.271509 1.833900
v 0.002452 1.274495 1.853016
v -0.589694 1.265400 1.783300
v -0.735453 0.825050 2.214360
v 0.276172 1.271509 1.833900
v 0.594597 1.265400 1.783300
v 0.325285 1.145883 1.968437
v 0.373984 0.826971 2.255391
v 0.351232 0.977216 2.146432
v -0.366501 0.826984 2.255680
v -0.318140 1.145975 1.968630
v -0.343906 0.977216 2.146770
v 0.375647 0.778273 2.281750
v 0.358488 0.738509 2.289450
v 0.371404 0.826984 2.255680
v -0.370743 0.778273 2.281750
v -0.353585 0.738509 2.289450
v -0.366501 0.826984 2.255680
v -0.318140 1.145975 1.968630
vn -0.6667 -0.0810 0.7409
vn -0.8658 -0.0612 0.4967
vn -0.7993 -0.4008 0.4478
vn -0.5964 -0.4180 0.6853
vn -0.8626 -0.4917 0.1191
vn -0.7634 -0.5512 0.3367
vn -0.9319 -0.3363 0.1360
vn -0.3954 -0.8516 0.3441
vn -0.3683 -0.8656 0.3393
vn -0.8937 -0.2105 0.3963
vn -0.8882 -0.2311 0.3970
vn 0.0077 0.9845 0.1753
vn 0.0062 0.9844 0.1760
vn -0.0000 0.9854 0.1705
vn 0.6667 -0.0810 0.7409
vn 0.5964 -0.4180 0.6853
vn 0.7993 -0.4008 0.4478
vn 0.8658 -0.0612 0.4967
vn 0.6632 0.1187 0.7390
vn 0.8785 0.1239 0.4613
vn 0.4443 0.7498 0.4904
vn 0.6269 0.6669 0.4029
vn 0.7326 0.5935 0.3334
vn -0.1247 -0.5718 0.8108
vn -0.0954 -0.4715 0.8767
vn -0.1610 -0.3597 0.9190
vn -0.0382 -0.6603 0.7501
vn 0.0853 0.2240 0.9709
vn 0.0921 0.2263 0.9697
vn -0.0000 0.2199 0.9755
vn 0.9319 -0.3363 0.1360
vn 0.9862 -0.0259 0.1636
vn 0.8626 -0.4917 0.1191
vn 0.7634 -0.5512 0.3367
vn 0.8810 0.4109 0.2346
vn 0.6392 0.7248 0.2572
vn 0.6558 0.7099 0.2568
vn 0.9153 0.3331 0.2262
vn 0.9762 -0.2093 0.0568
vn 0.9234 -0.3677 0.1104
vn 0.9212 -0.3726 0.1121
vn 0.8388 -0.5197 0.1624
vn 0.1101 0.3152 0.9426
vn 0.1027 0.4765 0.8732
vn -0.0000 0.4929 0.8701
vn -0.0000 0.3096 0.9509
vn 0.8882 -0.2311 0.3970
vn 0.7041 0.5633 0.4324
vn 0.7336 0.5299 0.4255
vn 0.8937 -0.2105 0.3963
vn -0.1159 -0.5988 0.7925
vn -0.0961 -0.6006 0.7938
vn 0.0009 -0.5409 0.8411
vn -0.0000 -0.4990 0.8666
vn -0.0938 -0.7009 0.7071
vn -0.0000 0.0800 0.9968
vn -0.0000 0.0379 0.9993
vn 0.1095 0.0474 0.9929
vn 0.1121 0.0905 0.9896
vn -0.1095 0.0474 0.9929
vn -0.1121 0.0905 0.9896
vn -0.1113 0.1182 0.9867
vn -0.1069 0.0494 0.9930
vn -0.1095 0.0013 0.9940
vn -0.0974 0.0175 0.9951
vn -0.1012 0.0550 0.9934
vn -0.1082 0.0609 0.9923
vn -0.1069 0.0347 0.9937
vn -0.0765 0.0498 0.9958
vn 0.5218 -0.5765 0.6288
vn -0.7336 0.5299 0.4254
vn -0.7041 0.5633 0.4324
vn -0.1905 0.8543 0.4837
vn -0.1890 0.8545 0.4838
vn -0.0000 0.8723 0.4890
vn -0.0980 0.2322 0.9677
vn -0.0859 0.2248 0.9706
vn -0.0924 0.2242 0.9702
vn -0.0793 0.2415 0.9671
vn -0.0960 0.0425 0.9945
vn -0.0043 -0.0273 0.9996
vn -0.0954 0.0471 0.9943
vn -0.1803 -0.1285 0.9752
vn -0.1818 0.1193 0.9761
vn -0.1835 -0.0475 0.9819
vn -0.1755 -0.2243 0.9586
vn -0.0000 0.0203 0.9998
vn -0.0000 -0.0000 1.0000
vn 0.1108 -0.0000 0.9938
vn 0.0981 0.0139 0.9951
vn -0.1073 -0.0759 0.9913
vn -0.1029 -0.1118 0.9884
vn -0.1168 -0.0750 0.9903
vn -0.1108 -0.0000 0.9938
vn 0.9707 0.1347 0.1991
vn 0.1070 -0.0354 0.9936
vn 0.1082 0.0271 0.9938
vn 0.1022 0.0453 0.9937
vn -0.8810 0.4109 0.2346
vn -0.9153 0.3331 0.2262
vn -0.6558 0.7099 0.2568
vn -0.6392 0.7248 0.2572
vn 0.0765 0.0498 0.9958
vn -0.0000 0.0408 0.9992
vn -0.2645 -0.9389 0.2203
vn 0.2215 -0.9491 0.2238
vn 0.1395 -0.9608 0.2398
vn -0.1383 -0.9598 0.2441
vn 0.8729 0.4439 0.2027
vn -0.6632 0.1187 0.7390
vn -0.8785 0.1239 0.4613
vn 0.1052 0.0439 0.9935
vn 0.1113 0.1182 0.9867
vn 0.1081 0.0609 0.9923
vn -0.7326 0.5934 0.3334
vn -0.8729 0.4439 0.2027
vn -0.6269 0.6668 0.4029
vn 0.1396 -0.3754 0.9163
vn 0.0487 -0.4908 0.8699
vn 0.0486 -0.4907 0.8700
vn -0.5218 -0.5765 0.6288
vn -0.9212 -0.3726 0.1121
vn -0.8388 -0.5197 0.1624
vn -0.9234 -0.3677 0.1105
vn -0.2157 0.9512 0.2208
vn -0.2337 0.9462 0.2237
vn -0.1101 0.3152 0.9426
vn -0.1089 0.3489 0.9308
vn 0.9779 0.1161 0.1737
vn -0.9862 -0.0258 0.1636
vn -0.9779 0.1161 0.1737
vn 0.1114 -0.5990 0.7929
vn 0.1012 -0.6140 0.7828
vn 0.1069 0.0346 0.9937
vn 0.3954 -0.8516 0.3441
vn 0.3683 -0.8656 0.3393
vn -0.0000 -0.9681 0.2506
vn -0.4443 0.7498 0.4904
vn 0.1905 0.8543 0.4837
vn 0.1890 0.8545 0.4838
vn 0.0848 0.2361 0.9680
vn 0.1065 0.2359 0.9659
vn 0.1046 0.0439 0.9935
vn 0.1060 0.0562 0.9928
vn 0.1835 -0.0475 0.9819
vn 0.1818 0.1194 0.9761
vn 0.1803 -0.1285 0.9752
vn 0.1755 -0.2243 0.9586
vn 0.1168 -0.0750 0.9903
vn 0.1029 -0.1118 0.9884
vn -0.9707 0.1347 0.1991
vn 0.2157 0.9512 0.2208
vn 0.2337 0.9462 0.2237
vn -0.0077 0.9845 0.1753
vn -0.0062 0.9844 0.1760
vn 0.0517 -0.9969 0.0596
vn 0.0860 -0.9945 0.0594
vn 0.0124 -0.9989 0.0463
vn 0.0957 -0.9937 0.0586
vn -0.1027 0.4765 0.8732
vn -0.1035 0.4619 0.8809
vn 0.0945 -0.9943 0.0489
vn -0.0124 -0.9989 0.0463
vn -0.0517 -0.9969 0.0596
vn -0.0860 -0.9945 0.0594
vn -0.0957 -0.9937 0.0586
vn -0.0047 -0.9975 0.0704
vn 0.0014 -0.9956 0.0939
vn 0.0023 -0.9953 0.0970
vn -0.0118 -0.9988 0.0469
vn -0.0945 -0.9943 0.0489
vn 0.8229 -0.5675 0.0263
vn -0.9762 -0.2093 0.0568
vn -0.8472 -0.5307 0.0244
vn -0.0023 -0.9963 0.0855
vn 0.1089 0.3489 0.9308
vn 0.1035 0.4619 0.8809
vn 0.0953 0.6032 0.7918
vn 0.0884 0.6683 0.7386
vn 0.0001 0.6671 0.7450
vn -0.0000 0.6002 0.7999
vn -0.0862 0.7470 0.6592
vn -0.0867 0.7583 0.6461
vn 0.0001 0.7413 0.6712
vn 0.0001 0.7480 0.6637
vn -0.0821 0.7455 0.6615
vn -0.0883 0.6682 0.7387
vn 0.0822 0.7429 0.6644
vn 0.0968 0.6642 0.7412
vn 0.0961 0.7423 0.6631
vn 0.0785 0.7537 0.6525
vn -0.0966 0.7662 0.6353
vn -0.0952 0.6031 0.7919
vn 0.1013 0.7622 0.6393
vn 0.1004 0.6082 0.7874
vn -0.0968 0.6642 0.7413
vn -0.1004 0.6081 0.7874
vn -0.0892 0.7485 0.6571
vt 0.105469 0.550781
vt 0.119141 0.550781
vt 0.121094 0.538086
vt 0.107422 0.540039
vt 0.195313 0.515625
vt 0.132813 0.518555
vt 0.193359 0.536133
vt 0.462891 0.885742
vt 0.460938 0.881836
vt 0.464844 0.875977
vt 0.468750 0.878906
vt 0.460938 0.798828
vt 0.460938 0.801758
vt 0.406250 0.802734
vt 0.406250 0.798828
vt 0.105469 0.550781
vt 0.107422 0.540039
vt 0.121094 0.538086
vt 0.119141 0.550781
vt 0.191406 0.575195
vt 0.197266 0.563477
vt 0.107422 0.561523
vt 0.121094 0.561523
vt 0.123047 0.573242
vt 0.107422 0.561523
vt 0.121094 0.561523
vt 0.130859 0.573242
vt 0.289063 0.778320
vt 0.298828 0.784180
vt 0.281250 0.796875
vt 0.294922 0.778320
vt 0.451172 0.846680
vt 0.460938 0.881836
vt 0.406250 0.883789
vt 0.406250 0.846680
vt 0.197266 0.563477
vt 0.197266 0.559570
vt 0.193359 0.536133
vt 0.197266 0.559570
vt 0.195313 0.515625
vt 0.132813 0.518555
vt 0.279297 0.818359
vt 0.283203 0.806641
vt 0.287109 0.811523
vt 0.281250 0.818359
vt 0.203125 0.557617
vt 0.197266 0.559570
vt 0.193359 0.536133
vt 0.199219 0.536133
vt 0.195313 0.515625
vt 0.199219 0.514648
vt 0.531250 0.901367
vt 0.529297 0.909180
vt 0.406250 0.910156
vt 0.406250 0.901367
vt 0.343750 0.878906
vt 0.349609 0.850586
vt 0.351563 0.852539
vt 0.347656 0.875977
vt 0.312500 0.784180
vt 0.353516 0.798828
vt 0.406250 0.780273
vt 0.406250 0.798828
vt 0.316406 0.778320
vt 0.406250 0.896484
vt 0.349609 0.885742
vt 0.406250 0.886719
vt 0.287109 0.893555
vt 0.191406 0.575195
vt 0.197266 0.563477
vt 0.287109 0.849609
vt 0.281250 0.821727
vt 0.353516 0.829102
vt 0.349609 0.850586
vt 0.343750 0.878906
vt 0.281250 0.847656
vt 0.361328 0.843750
vt 0.117188 0.521484
vt 0.460938 0.852539
vt 0.464844 0.850586
vt 0.451172 0.843750
vt 0.451172 0.846680
vt 0.406250 0.846680
vt 0.406250 0.842773
vt 0.347656 0.875977
vt 0.363281 0.846680
vt 0.351563 0.881836
vt 0.351563 0.852539
vt 0.349609 0.885742
vt 0.406250 0.878906
vt 0.406250 0.886719
vt 0.343750 0.878906
vt 0.283203 0.806641
vt 0.279297 0.818359
vt 0.277344 0.806641
vt 0.298828 0.799805
vt 0.406250 0.828125
vt 0.406250 0.802734
vt 0.460938 0.801758
vt 0.460938 0.829102
vt 0.281250 0.818359
vt 0.287109 0.811523
vt 0.300781 0.803711
vt 0.353516 0.801758
vt 0.281250 0.821727
vt 0.531250 0.818359
vt 0.533203 0.821727
vt 0.464844 0.850586
vt 0.533203 0.818359
vt 0.531250 0.818359
vt 0.525391 0.811523
vt 0.529297 0.806641
vt 0.451172 0.843750
vt 0.406250 0.842773
vt 0.990234 0.448719
vt 0.990234 0.448719
vt 0.990234 0.448719
vt 0.990234 0.448719
vt 0.107422 0.561523
vt 0.121094 0.561523
vt 0.525391 0.849609
vt 0.525391 0.893555
vt 0.468750 0.878906
vt 0.130859 0.573242
vt 0.121094 0.561523
vt 0.533203 0.796875
vt 0.517578 0.778320
vt 0.523438 0.778320
vt 0.117188 0.521484
vt 0.197266 0.563477
vt 0.199219 0.536133
vt 0.199219 0.514648
vt 0.195313 0.515625
vt 0.193359 0.536133
vt 0.203125 0.557617
vt 0.197266 0.559570
vt 0.513672 0.799805
vt 0.511719 0.803711
vt 0.281250 0.901367
vt 0.747435 0.516856
vt 0.745555 0.528768
vt 0.747339 0.526453
vt 0.989372 0.955257
vt 0.988460 0.958774
vt 0.974851 0.956755
vt 0.974851 0.953695
vt 0.496094 0.778320
vt 0.460938 0.798828
vt 0.462891 0.885742
vt 0.533203 0.847656
vt 0.349609 0.885742
vt 0.351563 0.881836
vt 0.406250 0.883789
vt 0.406250 0.886719
vt 0.123047 0.573242
vt 0.107422 0.561523
vt 0.361328 0.843750
vt 0.363281 0.846680
vt 0.460938 0.852539
vt 0.464844 0.875977
vt 0.468750 0.878906
vt 0.462891 0.885742
vt 0.535156 0.806641
vt 0.533203 0.818359
vt 0.529297 0.806641
vt 0.513672 0.799805
vt 0.511719 0.803711
vt 0.525391 0.811523
vt 0.533203 0.821727
vt 0.298828 0.799805
vt 0.300781 0.803711
vt 0.353516 0.798828
vt 0.353516 0.801758
vt 0.747918 0.506728
vt 0.747339 0.507258
vt 0.747918 0.507258
vt 0.747435 0.505377
vt 0.283203 0.909180
vt 0.747387 0.509139
vt 0.745555 0.504943
vt 0.747339 0.526453
vt 0.747918 0.526453
vt 0.747966 0.524572
vt 0.747918 0.526983
vt 0.747435 0.528334
vt 0.747918 0.526453
vt 0.748400 0.516856
vt 0.747966 0.524572
vt 0.990234 0.448719
vt 0.990234 0.448719
vt 0.962283 0.963527
vt 0.961306 0.958774
vt 0.974851 0.962746
vt 0.747966 0.509139
vt 0.987418 0.963527
vt 0.971855 0.967630
vt 0.974851 0.967434
vt 0.963260 0.968281
vt 0.960394 0.955257
vt 0.977911 0.967630
vt 0.986507 0.968281
vt 0.981178 0.963139
vt 0.982162 0.954481
vt 0.981703 0.957772
vt 0.967623 0.954476
vt 0.968567 0.963136
vt 0.968078 0.957765
vt 0.468750 0.901367
vt 0.465820 0.895020
vt 0.467773 0.909668
vt 0.343750 0.901367
vt 0.346680 0.895020
vt 0.344727 0.909668
vt 0.969073 0.965505
s 1
usemtl carskin1
f 2160/2249/1901 2161/2250/1902 2162/2251/1903 2163/2252/1904
f 2164/2253/1905 2165/2254/1906 2162/2251/1903 2166/2255/1907
f 2167/2256/1908 2168/2257/1909 2169/2258/1910 2170/2259/1911
f 2171/2260/1912 2172/2261/1913 2173/2262/1914 2174/2263/1914
f 2175/2264/1915 2176/2265/1916 2177/2266/1917 2178/2267/1918
f 2181/2270/1919 2175/2264/1915 2178/2267/1918 2182/2271/1920
f 2183/2272/1921 2184/2273/1921 2185/2274/1922 2186/2275/1923
f 2187/2276/1924 2188/2277/1925 2189/2278/1926
f 2188/2277/1925 2187/2276/1924 2190/2279/1927
f 2191/2280/1928 2192/2281/1929 2193/2282/1930 2194/2283/1930
f 2178/2267/1918 2177/2266/1917 2197/2286/1931 2198/2287/1932
f 2199/2288/1933 2197/2286/1931 2177/2266/1917 2200/2289/1934
f 2201/2290/1935 2202/2291/1936 2203/2292/1937 2204/2293/1938
f 2205/2294/1939 2206/2295/1939 2207/2296/1940 2208/2297/1941
f 2208/2297/1941 2207/2296/1940 2209/2298/1942 2210/2299/1942
f 2367/2456/1943 2369/2458/1944 2213/2302/1945 2214/2303/1946
f 2215/2304/1947 2216/2305/1948 2217/2306/1949 2218/2307/1950
f 2189/2278/1926 2219/2308/1951 2220/2309/1952
f 2219/2308/1951 2189/2278/1926 2188/2277/1925
f 2220/2309/1952 2221/2310/1953 2222/2311/1954
f 2219/2308/1951 2221/2310/1953 2220/2309/1952
f 2223/2312/1955 2221/2310/1953 2219/2308/1951
f 2224/2313/1956 2226/2315/1957 2308/2397/1958 2368/2457/1959
f 2225/2314/1960 2371/2460/1961 2227/2316/1962
f 2230/2319/1963 2231/2320/1964 2232/2321/1965 2233/2322/1966
f 2225/2314/1960 2227/2316/1962 2234/2323/1967
f 2231/2320/1964 2230/2319/1963 2235/2324/1968
f 2233/2322/1966 2232/2321/1965 2236/2325/1969
f 2200/2289/1934 2177/2266/1917 2176/2265/1916 2237/2326/1970
f 2170/2259/1911 2169/2258/1910 2238/2327/1971 2239/2328/1972
f 2240/2329/1973 2241/2330/1974 2242/2331/1975 2243/2332/1975
f 2244/2333/1976 2245/2334/1977 2246/2335/1978
f 2245/2334/1977 2244/2333/1976 2247/2336/1979
f 2248/2337/1980 2249/2338/1981 2250/2339/1981
f 2249/2338/1981 2248/2337/1980 2251/2340/1982
f 2252/2341/1983 2253/2342/1984 2254/2343/1985
f 2255/2344/1986 2189/2278/1926 2220/2309/1952
f 2252/2341/1983 2189/2278/1926 2255/2344/1986
f 2254/2343/1985 2189/2278/1926 2252/2341/1983
f 2256/2345/1987 2257/2346/1988 2258/2347/1989 2259/2348/1990
f 2260/2349/1991 2232/2321/1965 2231/2320/1964
f 2261/2350/1992 2232/2321/1965 2260/2349/1991
f 2262/2351/1993 2232/2321/1965 2261/2350/1992
f 2263/2352/1994 2232/2321/1965 2262/2351/1993
f 2264/2353/1995 2201/2290/1935 2204/2293/1938
f 2259/2348/1990 2265/2354/1996 2266/2355/1997 2267/2356/1998
f 2268/2357/1999 2269/2358/2000 2270/2359/2001 2271/2360/2002
f 2259/2348/1990 2272/2361/2003 2273/2362/2004 2256/2345/1987
f 2274/2363/2005 2275/2364/2006 2276/2365/2007 2277/2366/2008
f 2186/2275/1923 2185/2274/1922 2180/2269/2009 2179/2268/2009
f 2278/2367/2010 2279/2368/2011 2161/2250/1902 2160/2249/1901
f 2280/2369/2012 2281/2370/2013 2282/2371/2014 2267/2356/1998
f 2283/2372/2015 2228/2317/2016 2229/2318/2016 2284/2373/2017
f 2285/2374/2018 2286/2375/2019 2287/2376/2020
f 2165/2254/1906 2288/2377/2021 2163/2252/1904 2162/2251/1903
f 2290/2379/2022 2291/2380/2023 2292/2381/2023 2293/2382/2024
f 2296/2385/2025 2297/2386/2026 2172/2261/1913 2171/2260/1912
f 2371/2460/1961 2370/2459/2027 2298/2387/2028 2227/2316/1962
f 2198/2287/1932 2289/2378/2029 2182/2271/1920 2178/2267/1918
f 2368/2457/1959 2367/2456/1943 2214/2303/1946 2224/2313/1956
f 2196/2285/2030 2161/2250/1902 2279/2368/2011 2195/2284/2031
f 2285/2374/2018 2306/2395/2032 2286/2375/2019
f 2306/2395/2032 2285/2374/2018 2307/2396/2033
f 2221/2310/1953 2307/2396/2033 2222/2311/1954
f 2307/2396/2033 2221/2310/1953 2306/2395/2032
f 2267/2356/1998 2266/2355/1997 2280/2369/2012
f 2233/2322/1966 2234/2323/1967 2227/2316/1962 2230/2319/1963
f 2256/2345/1987 2273/2362/2004 2236/2325/1969 2232/2321/1965
f 2282/2371/2014 2281/2370/2013 2308/2397/1958
f 2309/2398/2034 2280/2369/2012 2266/2355/1997
f 2272/2361/2003 2259/2348/1990 2267/2356/1998
f 2310/2399/2035 2311/2400/2036 2312/2401/2037 2313/2402/2037
f 2314/2403/2038 2283/2372/2015 2284/2373/2017 2315/2404/2038
f 2216/2305/1948 2316/2405/2039 2317/2406/2040 2217/2306/1949
f 2310/2399/2035 2215/2304/1947 2218/2307/1950 2311/2400/2036
f 2194/2283/1930 2193/2282/1930 2246/2335/1978 2245/2334/1977
f 2192/2281/1929 2318/2407/2041 2319/2408/2042
f 2318/2407/2041 2192/2281/1929 2191/2280/1928
f 2250/2339/1981 2320/2409/2043 2321/2410/2044
f 2320/2409/2043 2250/2339/1981 2249/2338/1981
f 2322/2411/2045 2323/2412/2046 2324/2413/2047
f 2324/2413/2047 2285/2374/2018 2322/2411/2045
f 2325/2414/2048 2285/2374/2018 2324/2413/2047
f 2307/2396/2033 2285/2374/2018 2325/2414/2048
f 2326/2415/2049 2259/2348/1990 2258/2347/1989
f 2327/2416/2050 2259/2348/1990 2326/2415/2049
f 2265/2354/1996 2259/2348/1990 2327/2416/2050
f 2269/2358/2000 2268/2357/1999 2328/2417/2051
f 2202/2291/1936 2329/2418/2052 2330/2419/2053 2203/2292/1937
f 2329/2418/2052 2331/2420/2054 2332/2421/2055 2330/2419/2053
f 2239/2328/1972 2238/2327/1971 2241/2330/1974 2240/2329/1973
f 2161/2250/1902 2196/2285/2030 2166/2255/1907 2162/2251/1903
f 2316/2405/2039 2243/2332/1975 2242/2331/1975 2317/2406/2040
f 2271/2360/2002 2270/2359/2001 2297/2386/2026 2296/2385/2025
f 2333/2422/2056 2334/2423/2057 2335/2424/2058
f 2334/2423/2057 2333/2422/2056 2336/2425/2059
f 2370/2459/2027 2372/2461/2060 2337/2426/2061 2298/2387/2028
f 2232/2321/1965 2263/2352/1994 2257/2346/1988 2256/2345/1987
f 2339/2428/2062 2334/2423/2057 2336/2425/2059
f 2340/2429/2063 2341/2430/2063 2342/2431/2063
f 2343/2432/2064 2301/2390/2065 2344/2433/2066
f 2301/2390/2065 2343/2432/2064 2345/2434/2063
f 2301/2390/2067 2346/2435/2068 2299/2388/2069
f 2346/2435/2068 2301/2390/2067 2347/2436/2070
f 2344/2433/2066 2301/2390/2065 2300/2389/2071
f 2348/2437/2072 2276/2365/2007 2275/2364/2006
f 2294/2383/2073 2290/2379/2022 2293/2382/2024 2295/2384/2073
f 2274/2363/2005 2277/2366/2008 2349/2438/2074
f 2299/2388/2069 2346/2435/2068 2353/2442/2075 2338/2427/2075
f 2313/2402/2037 2312/2401/2037 2168/2257/1909 2167/2256/1908
f 2371/2460/1961 2225/2314/1960 2226/2315/1957 2224/2313/1956
f 2174/2263/1914 2173/2262/1914 2332/2421/2055 2331/2420/2054
f 2281/2370/2013 2211/2300/2076 2367/2456/1943 2368/2457/1959
f 2211/2300/2076 2212/2301/2077 2369/2458/1944 2367/2456/1943
f 2214/2303/1946 2213/2302/1945 2372/2461/2060 2370/2459/2027
f 2224/2313/1956 2214/2303/1946 2370/2459/2027 2371/2460/1961
f 2368/2457/1959 2308/2397/1958 2281/2370/2013
usemtl window
f 2362/2451/2078 2363/2452/2079 2304/2393/2080 2305/2394/2081
f 2355/2444/2082 2373/2462/2083 2352/2441/2084 2356/2445/2085
f 2365/2454/2086 2366/2455/2087 2304/2393/2080 2352/2441/2084
f 2361/2450/2088 2363/2452/2079 2303/2392/2089 2354/2443/2090
f 2361/2450/2088 2359/2448/2091 2356/2445/2085 2352/2441/2084
f 2357/2446/2092 2373/2462/2083 2355/2444/2082
f 2366/2455/2087 2364/2453/2093 2305/2394/2081 2304/2393/2080
f 2354/2443/2090 2360/2449/2094 2359/2448/2091 2361/2450/2088
f 2352/2441/2084 2304/2393/2080 2363/2452/2079 2361/2450/2088
f 2302/2391/2095 2303/2392/2089 2363/2452/2079 2362/2451/2078
f 2351/2440/2096 2358/2447/2097 2364/2453/2093 2366/2455/2087
f 2350/2439/2098 2351/2440/2096 2366/2455/2087 2365/2454/2086
f 2365/2454/2086 2373/2462/2083 2357/2446/2092 2350/2439/2098
g rearDamaged_car03.005
v -0.764165 0.202519 2.372520
v -0.854505 0.205939 2.290880
v -0.841264 0.127594 2.275340
v -0.750636 0.138521 2.359710
v -0.823870 -0.009178 1.836560
v -0.794060 0.011885 2.207560
v -0.905152 0.119381 1.846630
v 0.343740 0.683016 2.393660
v 0.325953 0.661361 2.325358
v 0.356740 0.625590 2.325755
v 0.378910 0.641725 2.385961
v 0.322936 0.150655 2.544693
v 0.322276 0.171811 2.419048
v 0.002452 0.174435 2.425776
v 0.002452 0.153281 2.544466
v 0.769069 0.202519 2.372520
v 0.755539 0.138521 2.359710
v 0.846168 0.127594 2.275340
v 0.859409 0.205939 2.290880
v 0.915881 0.354068 1.849730
v 0.932993 0.284205 1.824290
v 0.765302 0.271884 2.364740
v 0.857815 0.270908 2.281900
v 0.755007 0.341117 2.267690
v 0.765302 0.271884 2.364740
v 0.857815 0.270908 2.281900
v 0.812875 0.342823 2.213180
v -0.701363 0.028020 2.300130
v -0.641159 0.063398 2.334340
v -0.750636 0.138521 2.359710
v -0.664145 0.028592 2.302530
v 0.264220 0.442543 2.391013
v 0.325953 0.661361 2.325358
v 0.002452 0.671880 2.340636
v 0.002452 0.444122 2.388136
v -0.928089 0.284205 1.824290
v -0.936443 0.259349 1.819340
v 0.910056 0.119381 1.846630
v 0.941346 0.259349 1.819340
v 0.828774 -0.009178 1.836560
v 0.798964 0.011885 2.207560
v -0.760399 0.271884 2.364740
v -0.730104 0.202394 2.378880
v -0.704590 0.228025 2.263710
v -0.740444 0.274457 2.265700
v 0.940697 0.246458 1.788290
v 0.941346 0.259349 1.819340
v 0.910056 0.119381 1.846630
v 0.910995 0.115653 1.811400
v 0.828774 -0.009178 1.836560
v 0.835347 -0.014156 1.805140
v 0.748842 0.776192 2.237960
v 0.740357 0.825050 2.214889
v 0.002452 0.828919 2.384446
v 0.002452 0.780355 2.412987
v -0.374007 0.641725 2.292600
v -0.341260 0.470139 2.305900
v -0.323171 0.479997 2.267020
v -0.351836 0.625590 2.228310
v -0.553813 0.063416 2.340870
v -0.318032 0.150655 2.441870
v 0.002452 0.040767 2.479686
v 0.002452 0.153281 2.544466
v -0.534117 0.030597 2.310950
v 0.002452 0.746538 2.416256
v -0.338837 0.683016 2.294020
v 0.002452 0.688566 2.417596
v -0.709621 0.730480 2.250090
v -0.910978 0.354068 1.849730
v -0.928089 0.284205 1.824290
v -0.707471 0.464311 2.267980
v -0.750103 0.341117 2.267700
v -0.317373 0.335194 2.316130
v -0.341260 0.470139 2.305900
v -0.374007 0.641725 2.292600
v -0.749495 0.451401 2.263910
v -0.268314 0.425038 2.314520
v 0.706266 0.028020 2.309181
v 0.328074 0.479997 2.369096
v 0.346163 0.470139 2.405143
v 0.273218 0.425038 2.423159
v 0.264220 0.442543 2.391013
v 0.002452 0.444122 2.388136
v 0.002452 0.422854 2.423726
v -0.351836 0.625590 2.228310
v -0.259316 0.442544 2.281610
v -0.321050 0.661361 2.222970
v -0.323171 0.479997 2.267020
v -0.338837 0.683016 2.294020
v 0.002452 0.641721 2.416176
v 0.002452 0.688566 2.417596
v -0.374007 0.641725 2.292600
v -0.730104 0.202394 2.378880
v -0.760399 0.271884 2.364740
v -0.764165 0.202519 2.372520
v -0.640660 0.160523 2.384990
v 0.002452 0.333821 2.425776
v 0.002452 0.174435 2.425776
v 0.322276 0.171811 2.419048
v 0.322276 0.335194 2.419048
v -0.740444 0.274457 2.265700
v -0.704590 0.228025 2.263710
v -0.629004 0.183974 2.267920
v -0.317373 0.171811 2.316130
v -0.750103 0.341117 2.267700
v 0.745348 0.274457 2.265700
v 0.755007 0.341117 2.267690
v 0.346163 0.470139 2.405143
v 0.765302 0.271884 2.364740
v 0.745348 0.274457 2.265700
v 0.709494 0.228025 2.271936
v 0.735007 0.202394 2.380716
v 0.273218 0.425038 2.423159
v 0.002452 0.422854 2.423726
v -0.553813 0.063416 2.340870
v -0.641159 0.063398 2.334340
v -0.664145 0.023421 2.190940
v -0.534119 0.025466 2.199390
v -0.760399 0.271884 2.364740
v -0.852911 0.270908 2.281900
v 0.712375 0.464311 2.275472
v 0.714525 0.730480 2.257036
v 0.378910 0.641725 2.385961
v -0.807972 0.342823 2.213180
v -0.852911 0.270908 2.281900
v 0.755539 0.138521 2.359710
v 0.669049 0.028592 2.321347
v 0.706266 0.028020 2.309181
v -0.701363 0.028020 2.300130
v 0.932993 0.284205 1.824290
v -0.906092 0.115653 1.811400
v -0.830444 -0.014156 1.805140
v -0.823870 -0.009178 1.836560
v -0.905152 0.119381 1.846630
v -0.935794 0.246458 1.788290
v -0.936443 0.259349 1.819340
v 0.645563 0.160523 2.410158
v 0.633907 0.183974 2.296281
v -0.743938 0.776192 2.237960
v 0.002452 0.020067 2.290096
v 0.828774 -0.009178 1.836560
v 0.669049 0.023421 2.209756
v 0.740357 0.825050 2.214889
v 0.695168 0.977230 2.110279
v 0.002452 0.977202 2.271942
v 0.002452 0.828919 2.384446
v 0.539021 0.030597 2.365583
v 0.322936 0.150655 2.544693
v 0.343740 0.683016 2.393660
v 0.754398 0.451401 2.263910
v -0.338837 0.683016 2.294020
v -0.321050 0.661361 2.222970
v 0.002452 0.671880 2.340636
v 0.002452 0.688566 2.417596
v -0.750103 0.341117 2.267700
v -0.760399 0.271884 2.364740
v -0.268314 0.425038 2.314520
v -0.259316 0.442544 2.281610
v 0.328074 0.479997 2.369096
v 0.356740 0.625590 2.325755
v 0.378910 0.641725 2.385961
v 0.343740 0.683016 2.393660
v 0.769069 0.202519 2.372520
v 0.765302 0.271884 2.364740
v 0.735007 0.202394 2.380716
v 0.645563 0.160523 2.410158
v 0.633907 0.183974 2.296281
v 0.709494 0.228025 2.271936
v 0.755007 0.341117 2.267690
v -0.640660 0.160523 2.384990
v -0.629004 0.183974 2.267920
v -0.318032 0.150655 2.441870
v -0.317373 0.171811 2.316130
v -0.701363 0.028020 2.300130
v -0.664145 0.023421 2.190940
v -0.664145 0.028592 2.302530
v -0.794060 0.011885 2.207560
v -0.735453 0.825050 2.214360
v -0.534119 0.025466 2.199390
v -0.823870 -0.009178 1.836560
v 0.669049 0.023421 2.209756
v 0.669049 0.028592 2.321347
v 0.539021 0.030597 2.365583
v 0.706266 0.028020 2.309181
v 0.798964 0.011885 2.207560
v 0.669049 0.028592 2.321347
v 0.002452 0.040767 2.479686
v 0.539021 0.030597 2.365583
v -0.664145 0.028592 2.302530
v -0.534117 0.030597 2.310950
v -0.638732 1.132860 1.941000
v -0.690264 0.977230 2.098360
v 0.002452 1.159090 2.073022
v -0.534117 0.030597 2.310950
v 0.643635 1.132860 1.966695
v -0.271270 1.271509 1.833900
v 0.002452 1.274495 1.940462
v -0.589694 1.265400 1.783300
v -0.735453 0.825050 2.214360
v 0.276172 1.271509 1.942269
v 0.594597 1.265400 1.822548
v 0.325285 1.145883 2.070922
v 0.373984 0.826971 2.349695
v 0.351232 0.977216 2.244826
v -0.366501 0.826984 2.255680
v -0.318140 1.145975 1.968630
v -0.343906 0.977216 2.146770
v 0.375647 0.778273 2.375738
v 0.358488 0.738509 2.386589
v 0.371404 0.826984 2.350470
v -0.370743 0.778273 2.281750
v -0.353585 0.738509 2.289450
v -0.366501 0.826984 2.255680
v -0.318140 1.145975 1.968630
vn -0.6667 -0.0810 0.7409
vn -0.8658 -0.0612 0.4967
vn -0.7993 -0.4008 0.4478
vn -0.5964 -0.4180 0.6853
vn -0.8626 -0.4917 0.1191
vn -0.7634 -0.5512 0.3367
vn -0.9319 -0.3363 0.1360
vn -0.3692 -0.8605 0.3511
vn -0.3585 -0.8659 0.3488
vn -0.8824 -0.2095 0.4212
vn -0.8694 -0.2561 0.4225
vn 0.0225 0.9843 0.1751
vn 0.0262 0.9840 0.1764
vn -0.0306 0.9849 0.1704
vn -0.0233 0.9851 0.1705
vn 0.6667 -0.0810 0.7409
vn 0.6072 -0.4110 0.6799
vn 0.8046 -0.3941 0.4442
vn 0.8658 -0.0612 0.4967
vn 0.6632 0.1187 0.7390
vn 0.8785 0.1239 0.4613
vn 0.4443 0.7498 0.4904
vn 0.6269 0.6669 0.4029
vn 0.7326 0.5935 0.3334
vn -0.1247 -0.5718 0.8108
vn -0.0954 -0.4715 0.8767
vn -0.1610 -0.3597 0.9190
vn -0.0382 -0.6603 0.7501
vn 0.0732 0.2400 0.9680
vn 0.1176 0.2384 0.9640
vn -0.1721 0.2091 0.9626
vn -0.1632 0.2108 0.9638
vn 0.9319 -0.3363 0.1360
vn 0.9862 -0.0259 0.1636
vn 0.8626 -0.4917 0.1191
vn 0.7729 -0.5416 0.3306
vn 0.8810 0.4109 0.2346
vn 0.6392 0.7248 0.2572
vn 0.6558 0.7099 0.2568
vn 0.9153 0.3331 0.2262
vn 0.9762 -0.2093 0.0568
vn 0.9234 -0.3677 0.1104
vn 0.9212 -0.3726 0.1121
vn 0.8388 -0.5197 0.1624
vn 0.2302 0.3060 0.9238
vn 0.2009 0.4726 0.8581
vn -0.1122 0.4903 0.8643
vn -0.1141 0.3030 0.9461
vn 0.8882 -0.2311 0.3970
vn 0.7041 0.5633 0.4324
vn 0.7336 0.5299 0.4255
vn 0.8937 -0.2105 0.3963
vn -0.1595 -0.5879 0.7930
vn -0.2294 -0.4175 0.8793
vn -0.1136 -0.5364 0.8363
vn -0.1286 -0.4948 0.8594
vn -0.1950 -0.7221 0.6637
vn -0.1279 0.0768 0.9888
vn -0.1327 0.0352 0.9905
vn 0.2203 0.0649 0.9733
vn 0.2101 0.0969 0.9729
vn -0.2160 0.0327 0.9759
vn -0.2313 0.0659 0.9706
vn -0.1113 0.1182 0.9867
vn -0.1069 0.0494 0.9930
vn -0.1095 0.0013 0.9940
vn -0.2096 0.0306 0.9773
vn -0.1012 0.0550 0.9934
vn -0.1082 0.0609 0.9923
vn -0.1069 0.0347 0.9937
vn -0.2286 0.0911 0.9693
vn 0.5484 -0.5591 0.6219
vn -0.7154 0.5402 0.4431
vn -0.6630 0.5955 0.4537
vn -0.1824 0.8529 0.4892
vn -0.1822 0.8529 0.4892
vn -0.1048 0.8701 0.4816
vn -0.0850 0.8703 0.4851
vn -0.0980 0.2322 0.9677
vn -0.2817 0.1904 0.9404
vn -0.2465 0.1980 0.9487
vn -0.0793 0.2415 0.9671
vn -0.3064 0.2127 0.9278
vn -0.1325 -0.0204 0.9910
vn -0.1329 -0.0335 0.9906
vn -0.3038 0.2269 0.9253
vn -0.1803 -0.1285 0.9752
vn -0.1818 0.1193 0.9761
vn -0.1835 -0.0475 0.9819
vn -0.1755 -0.2243 0.9586
vn -0.1614 0.0267 0.9865
vn -0.1540 -0.0000 0.9881
vn 0.1953 -0.0000 0.9807
vn 0.1936 0.0019 0.9811
vn -0.1073 -0.0759 0.9913
vn -0.1029 -0.1118 0.9884
vn -0.1168 -0.0750 0.9903
vn -0.2404 -0.0000 0.9707
vn 0.9707 0.1347 0.1991
vn 0.3277 -0.0491 0.9435
vn 0.3253 0.0220 0.9454
vn 0.3071 0.0366 0.9510
vn -0.8731 0.4243 0.2403
vn -0.9142 0.3341 0.2294
vn -0.6492 0.7130 0.2649
vn -0.5878 0.7640 0.2660
vn 0.0958 0.0242 0.9951
vn -0.1697 0.0539 0.9840
vn -0.2645 -0.9389 0.2203
vn 0.2215 -0.9491 0.2238
vn 0.1395 -0.9608 0.2398
vn -0.1383 -0.9598 0.2441
vn 0.8729 0.4439 0.2027
vn -0.6632 0.1187 0.7390
vn -0.8785 0.1239 0.4613
vn 0.3236 0.0507 0.9448
vn 0.3418 0.0934 0.9351
vn 0.3357 0.0807 0.9385
vn -0.7326 0.5934 0.3334
vn -0.8729 0.4439 0.2027
vn -0.6269 0.6668 0.4029
vn 0.3180 -0.3553 0.8790
vn 0.2688 -0.4990 0.8239
vn 0.2629 -0.4957 0.8277
vn -0.5218 -0.5765 0.6288
vn -0.9212 -0.3726 0.1121
vn -0.8388 -0.5197 0.1624
vn -0.9234 -0.3677 0.1105
vn -0.1349 0.9666 0.2180
vn -0.2112 0.9494 0.2323
vn -0.2014 0.3072 0.9301
vn -0.1089 0.3489 0.9308
vn 0.9779 0.1161 0.1737
vn -0.9862 -0.0258 0.1636
vn -0.9779 0.1161 0.1737
vn 0.2689 -0.5995 0.7538
vn 0.1439 -0.6868 0.7125
vn 0.2749 0.0345 0.9608
vn 0.3342 -0.8793 0.3394
vn 0.3701 -0.8623 0.3456
vn -0.0389 -0.9677 0.2491
vn -0.0337 -0.9676 0.2503
vn -0.4443 0.7498 0.4904
vn 0.0894 0.8716 0.4819
vn 0.1410 0.8653 0.4809
vn 0.1967 0.2320 0.9526
vn 0.2546 0.2295 0.9394
vn 0.0692 -0.1134 0.9911
vn 0.0673 -0.1272 0.9896
vn 0.2338 -0.0509 0.9709
vn 0.2318 0.1209 0.9652
vn 0.2942 -0.1106 0.9493
vn 0.3834 -0.1664 0.9085
vn 0.3440 -0.0523 0.9375
vn 0.3273 -0.1064 0.9389
vn -0.9707 0.1347 0.1991
vn 0.2157 0.9512 0.2208
vn 0.2337 0.9462 0.2237
vn -0.0351 0.9840 0.1748
vn -0.0247 0.9840 0.1764
vn 0.0517 -0.9969 0.0596
vn 0.0860 -0.9945 0.0594
vn 0.0124 -0.9989 0.0463
vn 0.0957 -0.9937 0.0586
vn -0.1975 0.4720 0.8592
vn -0.1035 0.4619 0.8809
vn 0.0945 -0.9943 0.0489
vn 0.0003 -0.9989 0.0463
vn -0.0364 -0.9975 0.0598
vn -0.0759 -0.9952 0.0622
vn -0.0873 -0.9944 0.0589
vn -0.0002 -0.9989 0.0463
vn -0.0009 -0.9981 0.0620
vn -0.0004 -0.9957 0.0926
vn 0.0007 -0.9953 0.0968
vn -0.0111 -0.9993 0.0367
vn -0.0875 -0.9949 0.0495
vn 0.8229 -0.5675 0.0263
vn -0.9762 -0.2093 0.0568
vn -0.8472 -0.5307 0.0244
vn -0.0162 -0.9962 0.0854
vn 0.3266 0.3390 0.8823
vn 0.3101 0.4542 0.8352
vn 0.1804 0.5931 0.7846
vn 0.1647 0.6564 0.7363
vn -0.1009 0.6615 0.7431
vn -0.0937 0.5976 0.7963
vn -0.1832 0.7454 0.6409
vn -0.1513 0.7575 0.6351
vn -0.1050 0.7380 0.6665
vn -0.1229 0.7459 0.6546
vn -0.1377 0.7434 0.6546
vn -0.1777 0.6673 0.7233
vn 0.1463 0.7339 0.6633
vn 0.2709 0.6496 0.7104
vn 0.2466 0.7267 0.6412
vn 0.1217 0.7461 0.6547
vn -0.0966 0.7662 0.6353
vn -0.1875 0.5995 0.7781
vn 0.2405 0.7467 0.6201
vn 0.2881 0.5882 0.7557
vn -0.0968 0.6642 0.7413
vn -0.1004 0.6081 0.7874
vn -0.0892 0.7485 0.6571
vt 0.105469 0.550781
vt 0.119141 0.550781
vt 0.121094 0.538086
vt 0.107422 0.540039
vt 0.195313 0.515625
vt 0.132813 0.518555
vt 0.193359 0.536133
vt 0.462891 0.885742
vt 0.460938 0.881836
vt 0.464844 0.875977
vt 0.468750 0.878906
vt 0.460938 0.798828
vt 0.460938 0.801758
vt 0.406250 0.802734
vt 0.406250 0.798828
vt 0.105469 0.550781
vt 0.107422 0.540039
vt 0.121094 0.538086
vt 0.119141 0.550781
vt 0.191406 0.575195
vt 0.197266 0.563477
vt 0.107422 0.561523
vt 0.121094 0.561523
vt 0.123047 0.573242
vt 0.107422 0.561523
vt 0.121094 0.561523
vt 0.130859 0.573242
vt 0.289063 0.778320
vt 0.298828 0.784180
vt 0.281250 0.796875
vt 0.294922 0.778320
vt 0.451172 0.846680
vt 0.460938 0.881836
vt 0.406250 0.883789
vt 0.406250 0.846680
vt 0.197266 0.563477
vt 0.197266 0.559570
vt 0.193359 0.536133
vt 0.197266 0.559570
vt 0.195313 0.515625
vt 0.132813 0.518555
vt 0.279297 0.818359
vt 0.283203 0.806641
vt 0.287109 0.811523
vt 0.281250 0.818359
vt 0.203125 0.557617
vt 0.197266 0.559570
vt 0.193359 0.536133
vt 0.199219 0.536133
vt 0.195313 0.515625
vt 0.199219 0.514648
vt 0.531250 0.901367
vt 0.529297 0.909180
vt 0.406250 0.910156
vt 0.406250 0.901367
vt 0.343750 0.878906
vt 0.349609 0.850586
vt 0.351563 0.852539
vt 0.347656 0.875977
vt 0.312500 0.784180
vt 0.353516 0.798828
vt 0.406250 0.780273
vt 0.406250 0.798828
vt 0.316406 0.778320
vt 0.406250 0.896484
vt 0.349609 0.885742
vt 0.406250 0.886719
vt 0.287109 0.893555
vt 0.191406 0.575195
vt 0.197266 0.563477
vt 0.287109 0.849609
vt 0.281250 0.821727
vt 0.353516 0.829102
vt 0.349609 0.850586
vt 0.343750 0.878906
vt 0.281250 0.847656
vt 0.361328 0.843750
vt 0.117188 0.521484
vt 0.460938 0.852539
vt 0.464844 0.850586
vt 0.451172 0.843750
vt 0.451172 0.846680
vt 0.406250 0.846680
vt 0.406250 0.842773
vt 0.347656 0.875977
vt 0.363281 0.846680
vt 0.351563 0.881836
vt 0.351563 0.852539
vt 0.349609 0.885742
vt 0.406250 0.878906
vt 0.406250 0.886719
vt 0.343750 0.878906
vt 0.283203 0.806641
vt 0.279297 0.818359
vt 0.277344 0.806641
vt 0.298828 0.799805
vt 0.406250 0.828125
vt 0.406250 0.802734
vt 0.460938 0.801758
vt 0.460938 0.829102
vt 0.281250 0.818359
vt 0.287109 0.811523
vt 0.300781 0.803711
vt 0.353516 0.801758
vt 0.281250 0.821727
vt 0.531250 0.818359
vt 0.533203 0.821727
vt 0.464844 0.850586
vt 0.533203 0.818359
vt 0.531250 0.818359
vt 0.525391 0.811523
vt 0.529297 0.806641
vt 0.451172 0.843750
vt 0.406250 0.842773
vt 0.990234 0.448719
vt 0.990234 0.448719
vt 0.990234 0.448719
vt 0.990234 0.448719
vt 0.107422 0.561523
vt 0.121094 0.561523
vt 0.525391 0.849609
vt 0.525391 0.893555
vt 0.468750 0.878906
vt 0.130859 0.573242
vt 0.121094 0.561523
vt 0.533203 0.796875
vt 0.517578 0.778320
vt 0.523438 0.778320
vt 0.117188 0.521484
vt 0.197266 0.563477
vt 0.199219 0.536133
vt 0.199219 0.514648
vt 0.195313 0.515625
vt 0.193359 0.536133
vt 0.203125 0.557617
vt 0.197266 0.559570
vt 0.513672 0.799805
vt 0.511719 0.803711
vt 0.281250 0.901367
vt 0.747435 0.516856
vt 0.745555 0.528768
vt 0.747339 0.526453
vt 0.989372 0.955257
vt 0.988460 0.958774
vt 0.974851 0.956755
vt 0.974851 0.953695
vt 0.496094 0.778320
vt 0.460938 0.798828
vt 0.462891 0.885742
vt 0.533203 0.847656
vt 0.349609 0.885742
vt 0.351563 0.881836
vt 0.406250 0.883789
vt 0.406250 0.886719
vt 0.123047 0.573242
vt 0.107422 0.561523
vt 0.361328 0.843750
vt 0.363281 0.846680
vt 0.460938 0.852539
vt 0.464844 0.875977
vt 0.468750 0.878906
vt 0.462891 0.885742
vt 0.535156 0.806641
vt 0.533203 0.818359
vt 0.529297 0.806641
vt 0.513672 0.799805
vt 0.511719 0.803711
vt 0.525391 0.811523
vt 0.533203 0.821727
vt 0.298828 0.799805
vt 0.300781 0.803711
vt 0.353516 0.798828
vt 0.353516 0.801758
vt 0.747918 0.506728
vt 0.747339 0.507258
vt 0.747918 0.507258
vt 0.747435 0.505377
vt 0.283203 0.909180
vt 0.747387 0.509139
vt 0.745555 0.504943
vt 0.747339 0.526453
vt 0.747918 0.526453
vt 0.747966 0.524572
vt 0.747918 0.526983
vt 0.747435 0.528334
vt 0.747918 0.526453
vt 0.748400 0.516856
vt 0.747966 0.524572
vt 0.990234 0.448719
vt 0.990234 0.448719
vt 0.962283 0.963527
vt 0.961306 0.958774
vt 0.974851 0.962746
vt 0.747966 0.509139
vt 0.987418 0.963527
vt 0.971855 0.967630
vt 0.974851 0.967434
vt 0.963260 0.968281
vt 0.960394 0.955257
vt 0.977911 0.967630
vt 0.986507 0.968281
vt 0.981178 0.963139
vt 0.982162 0.954481
vt 0.981703 0.957772
vt 0.967623 0.954476
vt 0.968567 0.963136
vt 0.968078 0.957765
vt 0.468750 0.901367
vt 0.465820 0.895020
vt 0.467773 0.909668
vt 0.343750 0.901367
vt 0.346680 0.895020
vt 0.344727 0.909668
vt 0.969073 0.965505
s 1
usemtl carskin1.003
f 2374/2463/2099 2375/2464/2100 2376/2465/2101 2377/2466/2102
f 2378/2467/2103 2379/2468/2104 2376/2465/2101 2380/2469/2105
f 2381/2470/2106 2382/2471/2107 2383/2472/2108 2384/2473/2109
f 2385/2474/2110 2386/2475/2111 2387/2476/2112 2388/2477/2113
f 2389/2478/2114 2390/2479/2115 2391/2480/2116 2392/2481/2117
f 2395/2484/2118 2389/2478/2114 2392/2481/2117 2396/2485/2119
f 2397/2486/2120 2398/2487/2120 2399/2488/2121 2400/2489/2122
f 2401/2490/2123 2402/2491/2124 2403/2492/2125
f 2402/2491/2124 2401/2490/2123 2404/2493/2126
f 2405/2494/2127 2406/2495/2128 2407/2496/2129 2408/2497/2130
f 2392/2481/2117 2391/2480/2116 2411/2500/2131 2412/2501/2132
f 2413/2502/2133 2411/2500/2131 2391/2480/2116 2414/2503/2134
f 2415/2504/2135 2416/2505/2136 2417/2506/2137 2418/2507/2138
f 2419/2508/2139 2420/2509/2139 2421/2510/2140 2422/2511/2141
f 2422/2511/2141 2421/2510/2140 2423/2512/2142 2424/2513/2142
f 2581/2670/2143 2583/2672/2144 2427/2516/2145 2428/2517/2146
f 2429/2518/2147 2430/2519/2148 2431/2520/2149 2432/2521/2150
f 2403/2492/2125 2433/2522/2151 2434/2523/2152
f 2433/2522/2151 2403/2492/2125 2402/2491/2124
f 2434/2523/2152 2435/2524/2153 2436/2525/2154
f 2433/2522/2151 2435/2524/2153 2434/2523/2152
f 2437/2526/2155 2435/2524/2153 2433/2522/2151
f 2438/2527/2156 2440/2529/2157 2522/2611/2158 2582/2671/2159
f 2439/2528/2160 2585/2674/2161 2441/2530/2162
f 2444/2533/2163 2445/2534/2164 2446/2535/2165 2447/2536/2166
f 2439/2528/2160 2441/2530/2162 2448/2537/2167
f 2445/2534/2164 2444/2533/2163 2449/2538/2168
f 2447/2536/2166 2446/2535/2165 2450/2539/2169
f 2414/2503/2134 2391/2480/2116 2390/2479/2115 2451/2540/2170
f 2384/2473/2109 2383/2472/2108 2452/2541/2171 2453/2542/2172
f 2454/2543/2173 2455/2544/2174 2456/2545/2175 2457/2546/2176
f 2458/2547/2177 2459/2548/2178 2460/2549/2179
f 2459/2548/2178 2458/2547/2177 2461/2550/2180
f 2462/2551/2181 2463/2552/2182 2464/2553/2183
f 2463/2552/2182 2462/2551/2181 2465/2554/2184
f 2466/2555/2185 2467/2556/2186 2468/2557/2187
f 2469/2558/2188 2403/2492/2125 2434/2523/2152
f 2466/2555/2185 2403/2492/2125 2469/2558/2188
f 2468/2557/2187 2403/2492/2125 2466/2555/2185
f 2470/2559/2189 2471/2560/2190 2472/2561/2191 2473/2562/2192
f 2474/2563/2193 2446/2535/2165 2445/2534/2164
f 2475/2564/2194 2446/2535/2165 2474/2563/2193
f 2476/2565/2195 2446/2535/2165 2475/2564/2194
f 2477/2566/2196 2446/2535/2165 2476/2565/2195
f 2478/2567/2197 2415/2504/2135 2418/2507/2138
f 2473/2562/2192 2479/2568/2198 2480/2569/2199 2481/2570/2200
f 2482/2571/2201 2483/2572/2202 2484/2573/2203 2485/2574/2204
f 2473/2562/2192 2486/2575/2205 2487/2576/2206 2470/2559/2189
f 2488/2577/2207 2489/2578/2208 2490/2579/2209 2491/2580/2210
f 2400/2489/2122 2399/2488/2121 2394/2483/2211 2393/2482/2211
f 2492/2581/2212 2493/2582/2213 2375/2464/2100 2374/2463/2099
f 2494/2583/2214 2495/2584/2215 2496/2585/2216 2481/2570/2200
f 2497/2586/2217 2442/2531/2218 2443/2532/2218 2498/2587/2219
f 2499/2588/2220 2500/2589/2221 2501/2590/2222
f 2379/2468/2104 2502/2591/2223 2377/2466/2102 2376/2465/2101
f 2504/2593/2224 2505/2594/2225 2506/2595/2225 2507/2596/2226
f 2510/2599/2227 2511/2600/2228 2386/2475/2111 2385/2474/2110
f 2585/2674/2161 2584/2673/2229 2512/2601/2230 2441/2530/2162
f 2412/2501/2132 2503/2592/2231 2396/2485/2119 2392/2481/2117
f 2582/2671/2159 2581/2670/2143 2428/2517/2146 2438/2527/2156
f 2410/2499/2232 2375/2464/2100 2493/2582/2213 2409/2498/2233
f 2499/2588/2220 2520/2609/2234 2500/2589/2221
f 2520/2609/2234 2499/2588/2220 2521/2610/2235
f 2435/2524/2153 2521/2610/2235 2436/2525/2154
f 2521/2610/2235 2435/2524/2153 2520/2609/2234
f 2481/2570/2200 2480/2569/2199 2494/2583/2214
f 2447/2536/2166 2448/2537/2167 2441/2530/2162 2444/2533/2163
f 2470/2559/2189 2487/2576/2206 2450/2539/2169 2446/2535/2165
f 2496/2585/2216 2495/2584/2215 2522/2611/2158
f 2523/2612/2236 2494/2583/2214 2480/2569/2199
f 2486/2575/2205 2473/2562/2192 2481/2570/2200
f 2524/2613/2237 2525/2614/2238 2526/2615/2239 2527/2616/2240
f 2528/2617/2241 2497/2586/2217 2498/2587/2219 2529/2618/2241
f 2430/2519/2148 2530/2619/2242 2531/2620/2243 2431/2520/2149
f 2524/2613/2237 2429/2518/2147 2432/2521/2150 2525/2614/2238
f 2408/2497/2130 2407/2496/2129 2460/2549/2179 2459/2548/2178
f 2406/2495/2128 2532/2621/2244 2533/2622/2245
f 2532/2621/2244 2406/2495/2128 2405/2494/2127
f 2464/2553/2183 2534/2623/2246 2535/2624/2247
f 2534/2623/2246 2464/2553/2183 2463/2552/2182
f 2536/2625/2248 2537/2626/2249 2538/2627/2250
f 2538/2627/2250 2499/2588/2220 2536/2625/2248
f 2539/2628/2251 2499/2588/2220 2538/2627/2250
f 2521/2610/2235 2499/2588/2220 2539/2628/2251
f 2540/2629/2252 2473/2562/2192 2472/2561/2191
f 2541/2630/2253 2473/2562/2192 2540/2629/2252
f 2479/2568/2198 2473/2562/2192 2541/2630/2253
f 2483/2572/2202 2482/2571/2201 2542/2631/2254
f 2416/2505/2136 2543/2632/2255 2544/2633/2256 2417/2506/2137
f 2543/2632/2255 2545/2634/2257 2546/2635/2258 2544/2633/2256
f 2453/2542/2172 2452/2541/2171 2455/2544/2174 2454/2543/2173
f 2375/2464/2100 2410/2499/2232 2380/2469/2105 2376/2465/2101
f 2530/2619/2242 2457/2546/2176 2456/2545/2175 2531/2620/2243
f 2485/2574/2204 2484/2573/2203 2511/2600/2228 2510/2599/2227
f 2547/2636/2259 2548/2637/2260 2549/2638/2261
f 2548/2637/2260 2547/2636/2259 2550/2639/2262
f 2584/2673/2229 2586/2675/2263 2551/2640/2264 2512/2601/2230
f 2446/2535/2165 2477/2566/2196 2471/2560/2190 2470/2559/2189
f 2553/2642/2265 2548/2637/2260 2550/2639/2262
f 2554/2643/2266 2555/2644/2266 2556/2645/2266
f 2557/2646/2267 2515/2604/2268 2558/2647/2269
f 2515/2604/2268 2557/2646/2267 2559/2648/2270
f 2515/2604/2271 2560/2649/2272 2513/2602/2273
f 2560/2649/2272 2515/2604/2271 2561/2650/2274
f 2558/2647/2269 2515/2604/2268 2514/2603/2275
f 2562/2651/2276 2490/2579/2209 2489/2578/2208
f 2508/2597/2277 2504/2593/2224 2507/2596/2226 2509/2598/2277
f 2488/2577/2207 2491/2580/2210 2563/2652/2278
f 2513/2602/2273 2560/2649/2272 2567/2656/2279 2552/2641/2279
f 2527/2616/2240 2526/2615/2239 2382/2471/2107 2381/2470/2106
f 2585/2674/2161 2439/2528/2160 2440/2529/2157 2438/2527/2156
f 2388/2477/2113 2387/2476/2112 2546/2635/2258 2545/2634/2257
f 2495/2584/2215 2425/2514/2280 2581/2670/2143 2582/2671/2159
f 2425/2514/2280 2426/2515/2281 2583/2672/2144 2581/2670/2143
f 2428/2517/2146 2427/2516/2145 2586/2675/2263 2584/2673/2229
f 2438/2527/2156 2428/2517/2146 2584/2673/2229 2585/2674/2161
f 2582/2671/2159 2522/2611/2158 2495/2584/2215
usemtl window.003
f 2576/2665/2282 2577/2666/2283 2518/2607/2284 2519/2608/2285
f 2569/2658/2286 2587/2676/2287 2566/2655/2288 2570/2659/2289
f 2579/2668/2290 2580/2669/2291 2518/2607/2284 2566/2655/2288
f 2575/2664/2292 2577/2666/2283 2517/2606/2293 2568/2657/2294
f 2575/2664/2292 2573/2662/2295 2570/2659/2289 2566/2655/2288
f 2571/2660/2296 2587/2676/2287 2569/2658/2286
f 2580/2669/2291 2578/2667/2297 2519/2608/2285 2518/2607/2284
f 2568/2657/2294 2574/2663/2298 2573/2662/2295 2575/2664/2292
f 2566/2655/2288 2518/2607/2284 2577/2666/2283 2575/2664/2292
f 2516/2605/2299 2517/2606/2293 2577/2666/2283 2576/2665/2282
f 2565/2654/2300 2572/2661/2301 2578/2667/2297 2580/2669/2291
f 2564/2653/2302 2565/2654/2300 2580/2669/2291 2579/2668/2290
f 2579/2668/2290 2587/2676/2287 2571/2660/2296 2564/2653/2302
