# Exported by ZModeler 2.2.6 (Build 981) with WavefrontOBJ filter (Build 45)
# 

mtllib car04.mtl

v 0.887958 -0.136812 -1.84864
v 0.891632 -0.107964 -2.10424
v 0.934909 -0.13426 -1.84555
v 0.720259 -0.111614 -2.29071
v 0.85175 -0.11033 -2.27808
v 0.817326 -0.10933 -2.31162
v 0.414568 -0.10933 -2.40382
v -0.950966 -0.13426 -1.84555
v -0.907687 -0.107964 -2.10424
v -0.904012 -0.136812 -1.84864
v -0.736308 -0.111614 -2.29071
v -0.867803 -0.11033 -2.27808
v -0.833378 -0.10933 -2.31162
v -0.430604 -0.10933 -2.40382
v 0.414568 -0.10933 -2.40382
v 0.384199 -0.106484 -2.45186
v -0.400227 -0.106484 -2.45186
v 0.253506 -0.108984 -2.48188
v -0.269531 -0.108984 -2.48188
v -0.870824 -0.428642 -1.93223
v 0.720259 -0.415719 -2.25293
v 0.854787 -0.428642 -1.93223
v -0.736294 -0.415719 -2.25293
v 0.392294 -0.415719 -2.35281
v -0.736294 -0.415719 -2.25293
v -0.408322 -0.415719 -2.35281
v 0.720259 -0.415719 -2.25293
v -0.736294 -0.415719 -2.25293
v -0.870824 -0.428642 -1.93223
v -0.904012 -0.136812 -1.84864
v -0.736308 -0.111614 -2.29071
v 0.720259 -0.415719 -2.25293
v 0.414568 -0.10933 -2.40382
v 0.720259 -0.111614 -2.29071
v 0.392294 -0.415719 -2.35281
v -0.430604 -0.10933 -2.40382
v -0.408322 -0.415719 -2.35281
v -0.736294 -0.415719 -2.25293
v -0.736308 -0.111614 -2.29071
v 0.720259 -0.415719 -2.25293
v 0.887958 -0.136812 -1.84864
v 0.854787 -0.428642 -1.93223
v 0.720259 -0.111614 -2.29071
v -0.595462 -0.428642 -1.93223
v -0.904004 -0.136812 -1.84864
v -0.870824 -0.428642 -1.93223
v -0.595462 -0.136812 -1.84864
v -0.971036 -0.114798 -1.83007
v -0.950966 -0.13426 -1.84555
v -0.595461 -0.114798 -1.83007
v -0.9928 0.0119893 -1.70439
v -0.595461 0.0119893 -1.70439
v -1.01052 0.0539801 -1.51714
v -0.595461 0.0539801 -1.51714
v -0.595461 0.0119893 -1.32938
v -1.01709 0.0119893 -1.32938
v -1.00798 -0.114798 -1.17928
v -0.595461 -0.114798 -1.17928
v -0.595461 -0.296442 -1.09125
v -0.983689 -0.296442 -1.09125
v -0.603072 -0.476402 -1.09064
v -0.941983 -0.476402 -1.09064
v 0.854835 -0.428642 -1.93223
v 0.888017 -0.136812 -1.84864
v 0.579463 -0.428642 -1.93223
v 0.579463 -0.136812 -1.84864
v 0.934981 -0.13426 -1.84555
v 0.955051 -0.114798 -1.83007
v 0.579463 -0.114798 -1.83007
v 0.976817 0.0119893 -1.70439
v 0.579463 0.0119893 -1.70439
v 0.994533 0.0539801 -1.51714
v 0.579462 0.0539801 -1.51714
v 0.579462 0.0119893 -1.32938
v 1.00111 0.0119893 -1.32938
v 0.992001 -0.114798 -1.17928
v 0.579462 -0.114798 -1.17928
v 0.967705 -0.296442 -1.09125
v 0.579463 -0.296442 -1.09125
v 0.925997 -0.476402 -1.09064
v 0.587074 -0.476402 -1.09064
v -0.008002 -0.428642 -1.93223
v -0.603072 -0.476402 -1.09064
v -0.595462 -0.428642 -1.93223
v -0.00800152 -0.476402 -1.09064
v 0.579463 -0.428642 -1.93223
v 0.587074 -0.476402 -1.09064
v -0.595462 -0.428642 -1.93223
v -0.595461 0.0527263 -1.08722
v -0.595461 0.0527263 -1.79718
v -0.603072 -0.476402 -1.09064
v 0.579463 -0.428642 -1.93223
v 0.579462 0.0527263 -1.08722
v 0.587074 -0.476402 -1.09064
v 0.579463 0.0527263 -1.79718
v 0.92598 -0.476402 -1.09064
v 0.923929 -0.476402 0.991623
v -0.941983 -0.476402 -1.09064
v -0.939932 -0.476402 0.991623
v -0.257841 -0.364121 2.55232
v -0.643691 -0.368167 2.47946
v -0.845213 -0.445189 1.86447
v 0.829176 -0.445189 1.86447
v 0.627658 -0.368167 2.47946
v 0.241816 -0.364121 2.55232
v 0.955034 -0.114798 1.73808
v 0.932259 -0.0829895 2.13632
v 0.878311 -0.114206 1.74322
v 0.627658 -0.0830163 2.5011
v 0.854123 -0.0791718 2.45696
v 0.802041 -0.080302 2.57401
v 0.696241 -0.080302 2.61707
v 0.562125 -0.080302 2.62979
v 0.241816 -0.0789705 2.57396
v 0.540995 -0.0814898 2.65916
v 0.226817 -0.0814898 2.66576
v -0.894365 -0.114206 1.74322
v -0.948315 -0.0829895 2.13632
v -0.971091 -0.114798 1.73808
v -0.643703 -0.0830163 2.5011
v -0.870176 -0.0791718 2.45696
v -0.818092 -0.080302 2.57401
v -0.712289 -0.080302 2.61707
v -0.578167 -0.080302 2.62979
v -0.257846 -0.0789705 2.57396
v -0.557037 -0.0814898 2.65916
v -0.242847 -0.0814898 2.66576
v -0.257841 -0.0789705 2.57396
v 0.226817 -0.0814898 2.66576
v -0.242842 -0.0814898 2.66576
v 0.241816 -0.0789705 2.57396
v 0.829176 -0.445189 1.86447
v 0.627658 -0.0830163 2.5011
v 0.627658 -0.368167 2.47946
v 0.878311 -0.114206 1.74322
v -0.643691 -0.368167 2.47946
v -0.643703 -0.0830163 2.5011
v -0.845213 -0.445189 1.86447
v -0.894365 -0.114206 1.74322
v -0.845213 -0.445189 1.86447
v 0.878311 -0.114206 1.74322
v 0.829176 -0.445189 1.86447
v -0.894357 -0.114206 1.74322
v -0.971036 -0.114798 1.73808
v -0.9928 0.0119893 1.6124
v 0.976798 0.0119893 1.6124
v 0.955034 -0.114798 1.73808
v 0.994514 0.0539801 1.42515
v -1.01052 0.0539801 1.42515
v -1.01709 0.0119893 1.23739
v 1.00109 0.0119893 1.23739
v 0.991983 -0.114798 1.08729
v -1.00798 -0.114798 1.08729
v 0.967687 -0.296442 0.999261
v -0.983689 -0.296442 0.999261
v 0.923929 -0.476402 0.991623
v -0.939932 -0.476402 0.991623
v 0.649065 -0.445189 1.86447
v -0.665099 -0.445189 1.86447
v 0.658617 -0.476402 0.991623
v -0.674625 -0.476402 0.991623
v 0.649103 -0.216503 1.83984
v 0.65863 -0.476402 0.991623
v 0.650103 -0.21957 0.988105
v 0.649103 -0.445189 1.86447
v 0.649103 0.0508847 1.62874
v 0.650103 0.0478177 1.17809
v -0.666099 -0.21957 0.988105
v -0.674625 -0.476402 0.991623
v -0.665099 -0.216503 1.83984
v -0.665099 -0.445189 1.86447
v -0.666099 0.0478177 1.17809
v -0.665099 0.0508847 1.62874
v 0.627658 -0.368167 2.47946
v 0.241816 -0.0789705 2.57396
v 0.241816 -0.364121 2.55232
v 0.627658 -0.0830163 2.5011
v -0.257841 -0.0789705 2.57396
v -0.257841 -0.364121 2.55232
v -0.643691 -0.368167 2.47946
v -0.643703 -0.0830163 2.5011
v -0.653237 -0.055376 2.56494
v -0.653237 0.199947 2.56494
v 0.637223 -0.055376 2.56494
v 0.637223 0.199947 2.56494
v -0.783595 -0.055376 1.74779
v -0.653237 -0.055376 2.56494
v 0.767582 -0.055376 1.74779
v 0.637223 -0.055376 2.56494
v 0.767582 -0.055376 1.74779
v 0.746904 0.361254 2.07893
v 0.790428 0.364269 1.61798
v 0.637223 0.199947 2.56494
v 0.657426 0.324107 2.59752
v 0.637223 -0.055376 2.56494
v -0.653237 0.199947 2.56494
v -0.76291 0.361254 2.07893
v -0.673435 0.324107 2.59752
v -0.783595 -0.055376 1.74779
v -0.806464 0.364269 1.61798
v -0.653237 -0.055376 2.56494
v -0.783595 -0.055376 1.74779
v -0.630451 0.389406 1.66714
v -0.806464 0.364269 1.61798
v -0.303085 0.399403 1.6958
v 0.287059 0.399403 1.6958
v 0.767582 -0.055376 1.74779
v 0.614419 0.389406 1.66714
v 0.790428 0.364269 1.61798
v 0.878145 -0.394273 0.870167
v 0.877778 -0.394273 -0.735458
v -0.894141 -0.394273 0.870167
v -0.893774 -0.394273 -0.735458
v -0.772675 -0.394273 -1.05464
v 0.756676 -0.394273 -1.05464
v -0.627085 0.651142 -0.22718
v -0.814309 0.275659 -0.746902
v -0.59504 0.656997 -0.228591
v -0.76446 0.273583 -0.810601
v 0.579039 0.656997 -0.228591
v 0.798314 0.275659 -0.746902
v 0.611084 0.651142 -0.22718
v 0.748464 0.273583 -0.810601
v 0.878656 -0.394273 0.344085
v 0.924495 0.0304135 0.231615
v 0.878693 -0.394273 0.251927
v 0.924458 0.0304135 0.323774
v 0.821588 0.302042 0.266682
v 0.821551 0.302042 0.358841
v 0.576489 0.733006 0.364523
v 0.576449 0.733006 0.456682
v 0.539013 0.733117 0.352717
v 0.53897 0.733117 0.467903
v -0.894742 -0.394273 0.251927
v -0.940545 0.0304135 0.231615
v -0.894706 -0.394273 0.344085
v -0.940509 0.0304135 0.323774
v -0.837635 0.302042 0.266682
v -0.837599 0.302042 0.358841
v -0.592528 0.733006 0.364523
v -0.592489 0.733006 0.456682
v -0.555052 0.733117 0.352717
v -0.555009 0.733117 0.467903
v -0.566011 0.67226 1.16877
v -0.66457 0.627374 1.12434
v -0.607391 0.706234 1.02871
v -0.733603 0.335233 1.56518
v -0.814328 0.333158 1.2375
v -0.838494 -0.110668 1.03791
v -0.894195 -0.394273 0.870167
v -0.951285 -0.0987064 0.931661
v -0.951285 0.0216149 1.03867
v -0.915852 0.20876 1.18147
v -0.711911 0.358518 1.31532
v -0.814377 0.333158 1.2375
v -0.711906 0.358518 1.31532
v -0.466771 0.365368 1.62868
v 0.695867 0.358518 1.31532
v 0.450739 0.365368 1.62868
v 0.717606 0.335233 1.56518
v 0.79833 0.333158 1.2375
v -0.814377 0.333158 1.2375
v -0.73365 0.335233 1.56518
v 0.591391 0.706234 1.02871
v 0.648572 0.627374 1.12434
v 0.55001 0.67226 1.16877
v 0.717608 0.335233 1.56518
v 0.798335 0.333158 1.2375
v 0.935297 -0.0987064 0.931661
v 0.878205 -0.394273 0.870167
v 0.822502 -0.110668 1.03791
v 0.935297 0.0216149 1.03867
v 0.899863 0.20876 1.18147
v 0.695915 0.358518 1.31532
v 0.798384 0.333158 1.2375
v -0.59504 0.656997 -0.228591
v -0.594755 0.695427 -0.114369
v -0.627085 0.651142 -0.22718
v 0.611084 0.651142 -0.22718
v 0.578752 0.695427 -0.114369
v 0.579037 0.656997 -0.228591
v -0.271839 0.679992 -0.251997
v 0.25582 0.679992 -0.251997
v 0.542042 0.720867 0.0649965
v -0.558048 0.720867 0.0649965
v 0.539013 0.733117 0.352717
v -0.555018 0.733117 0.352717
v 0.53897 0.733117 0.467903
v -0.554976 0.733117 0.467903
v 0.542692 0.730047 0.770637
v -0.558698 0.730047 0.770637
v -0.607391 0.706234 1.02871
v 0.253584 0.683068 1.19898
v -0.269603 0.683068 1.19898
v -0.566011 0.67226 1.16877
v 0.591391 0.706234 1.02871
v 0.550008 0.67226 1.16877
v 0.678853 -0.451871 1.64626
v 0.622975 -0.352924 2.45828
v 0.594368 -0.523185 1.70152
v 0.538489 -0.470554 2.40302
v 0.425397 -0.523185 1.70152
v 0.678853 -0.451871 1.64626
v 0.356159 -0.454607 1.64626
v 0.622975 -0.352924 2.45828
v 0.30028 -0.355661 2.45828
v 0.369518 -0.470554 2.40302
v 0.356159 -0.454607 1.64626
v 0.30028 -0.355661 2.45828
v -0.118254 0.682058 -0.204154
v -0.00798828 0.65063 -0.257032
v -0.118254 0.599034 -0.216199
v 0.102277 0.599034 -0.216199
v 0.102277 0.682058 -0.204154
v -0.377591 0.221659 -0.690771
v -0.416078 0.257703 -0.443237
v -0.377591 0.0870622 -0.690771
v -0.416078 0.171746 -0.428545
v -0.416078 0.257703 -0.443237
v -0.377591 0.221659 -0.690771
v -0.499072 0.257703 -0.443237
v -0.537558 0.221659 -0.690771
v -0.377591 0.0870622 -0.690771
v -0.416078 0.171746 -0.428545
v -0.537558 0.0870622 -0.690771
v -0.499072 0.171746 -0.428545
v -0.499072 0.257703 -0.443237
v -0.537558 0.221659 -0.690771
v -0.499072 0.171746 -0.428545
v -0.537558 0.0870622 -0.690771
v -0.385699 0.28508 -0.931962
v -0.833363 0.297426 -0.83785
v -0.76446 0.273583 -0.810601
v -0.570671 0.305424 -0.931481
v -0.269531 0.312422 -0.986941
v -0.59504 0.656997 -0.228591
v -0.295871 0.703836 -0.279246
v -0.271839 0.679992 -0.251997
v -0.648511 0.68084 -0.25584
v 0.279851 0.703836 -0.279246
v 0.25582 0.679992 -0.251997
v 0.369686 0.28508 -0.931962
v 0.253512 0.312422 -0.986941
v 0.74846 0.273583 -0.810601
v 0.817365 0.297426 -0.83785
v 0.554666 0.305424 -0.931481
v 0.579036 0.656997 -0.228591
v 0.632509 0.68084 -0.25584
v -0.76446 0.273583 -0.810601
v -0.648511 0.68084 -0.25584
v -0.59504 0.656997 -0.228591
v -0.833363 0.297426 -0.83785
v 0.579036 0.656997 -0.228591
v 0.632509 0.68084 -0.25584
v 0.74846 0.273583 -0.810601
v 0.817365 0.297426 -0.83785
v -0.733603 0.335233 1.56518
v -0.630451 0.389406 1.66714
v -0.466768 0.365368 1.62868
v -0.806464 0.364269 1.61798
v -0.269603 0.683068 1.19898
v -0.622043 0.701296 1.22157
v -0.566011 0.67226 1.16877
v -0.295871 0.712104 1.25178
v -0.303085 0.399403 1.6958
v 0.253584 0.683068 1.19898
v 0.279852 0.712104 1.25178
v 0.287066 0.399403 1.6958
v 0.450751 0.365368 1.62868
v 0.614451 0.389406 1.66714
v 0.717606 0.335233 1.56518
v 0.790469 0.364269 1.61798
v 0.550008 0.67226 1.16877
v 0.606042 0.701296 1.22157
v -0.566011 0.67226 1.16877
v -0.806464 0.364269 1.61798
v -0.733603 0.335233 1.56518
v -0.622043 0.701296 1.22157
v 0.717606 0.335233 1.56518
v 0.790469 0.364269 1.61798
v 0.550008 0.67226 1.16877
v 0.606042 0.701296 1.22157
v -0.772675 -0.0418359 -1.05209
v -0.772675 -0.394273 -1.05464
v 0.756676 -0.0418359 -1.05209
v 0.756676 -0.394273 -1.05464
v 0.877778 -0.394273 -0.735458
v 0.918028 0.0213828 -0.768739
v 0.756676 -0.394273 -1.05464
v 0.756676 -0.0418359 -1.05209
v -0.772675 -0.0418359 -1.05209
v -0.934022 0.0213828 -0.768739
v -0.772675 -0.394273 -1.05464
v -0.893774 -0.394273 -0.735458
v 0.918028 0.0213828 -0.768739
v -0.772675 -0.0418359 -1.05209
v 0.756676 -0.0418359 -1.05209
v -0.934022 0.0213828 -0.768739
v -0.78272 0.0724642 -0.559769
v 0.766721 0.0724642 -0.559769
v -0.78272 0.257256 -0.559769
v -0.78272 0.0724642 -0.559769
v 0.766721 0.257256 -0.559769
v 0.766721 0.0724642 -0.559769
v -0.78272 0.257256 -0.559769
v -0.76446 0.273583 -0.810601
v -0.814309 0.275659 -0.746902
v -0.385699 0.28508 -0.931962
v 0.798314 0.275659 -0.746902
v 0.748464 0.273583 -0.810601
v 0.766723 0.257256 -0.559769
v 0.369688 0.28508 -0.931962
v -0.934022 0.0213828 -0.768739
v -0.78272 0.257256 -0.559769
v -0.814309 0.275659 -0.746902
v -0.78272 0.0724642 -0.559769
v 0.798311 0.275659 -0.746902
v 0.766721 0.257256 -0.559769
v 0.918028 0.0213828 -0.768739
v 0.766721 0.0724642 -0.559769
v -0.00810651 -0.110668 1.03791
v -0.00809186 0.358518 1.31532
v 0.822446 -0.110668 1.03791
v 0.695867 0.358518 1.31532
v -0.00810651 -0.0771133 0.748828
v -0.00810651 -0.110668 1.03791
v 0.822446 -0.0771133 0.748828
v 0.822446 -0.110668 1.03791
v -0.838482 -0.394589 0.73076
v -0.838482 -0.0771133 0.748828
v 0.822446 -0.394589 0.73076
v 0.822446 -0.0771133 0.748828
v 0.822446 -0.394589 0.73076
v 0.822446 -0.0771133 0.748828
v 0.878145 -0.394273 0.870167
v 0.822446 -0.110668 1.03791
v -0.838482 -0.394589 0.73076
v -0.894141 -0.394273 0.870167
v -0.838482 -0.0771133 0.748828
v -0.838482 -0.110668 1.03791
v 0.708212 -0.189697 -0.556647
v 0.656464 -0.207668 0.0848308
v 0.708119 -0.437184 -0.600449
v 0.696974 -0.437185 0.306221
v 0.588814 0.487605 0.262258
v 0.616057 0.478138 0.395636
v 0.696974 -0.437185 0.306221
v 0.616057 0.478138 0.395636
v 0.146587 -0.437185 0.306221
v 0.227504 0.478138 0.395636
v 0.616057 0.478138 0.395636
v 0.588814 0.487605 0.262258
v 0.227504 0.478138 0.395636
v 0.254747 0.487605 0.262257
v 0.656464 -0.207668 0.0848308
v 0.187098 -0.207668 0.0848298
v 0.708212 -0.189697 -0.556647
v 0.151173 -0.189697 -0.556648
v 0.708119 -0.437184 -0.600449
v 0.117172 -0.437184 -0.60045
v -0.167193 -0.189697 -0.556648
v -0.203119 -0.207668 0.0848298
v -0.133193 -0.437184 -0.60045
v -0.162608 -0.437185 0.306221
v -0.270768 0.487605 0.262257
v -0.243525 0.478138 0.395636
v -0.243525 0.478138 0.395636
v -0.632078 0.478138 0.395636
v -0.162608 -0.437185 0.306221
v -0.712995 -0.437185 0.306221
v 0.227504 0.478138 0.395636
v 0.254747 0.487605 0.262257
v 0.146587 -0.437185 0.306221
v 0.187098 -0.207668 0.0848298
v 0.117172 -0.437184 -0.60045
v 0.151173 -0.189697 -0.556648
v -0.133193 -0.437184 -0.60045
v -0.724139 -0.437184 -0.600449
v -0.167193 -0.189697 -0.556648
v -0.724232 -0.189697 -0.556647
v -0.203119 -0.207668 0.0848298
v -0.672485 -0.207668 0.0848308
v -0.270768 0.487605 0.262257
v -0.604835 0.487605 0.262258
v -0.243525 0.478138 0.395636
v -0.632078 0.478138 0.395636
v -0.632078 0.478138 0.395636
v -0.604835 0.487605 0.262258
v -0.712995 -0.437185 0.306221
v -0.672485 -0.207668 0.0848308
v -0.724139 -0.437184 -0.600449
v -0.724232 -0.189697 -0.556647
v -0.838467 -0.110668 1.03791
v -0.00792886 0.358518 1.31532
v -0.0079142 -0.110668 1.03791
v -0.711888 0.358518 1.31532
v -0.838467 -0.0771133 0.748828
v -0.0079142 -0.110668 1.03791
v -0.0079142 -0.0771133 0.748828
v -0.838467 -0.110668 1.03791
v -0.440085 0.104468 -2.3658
v -0.826276 0.0995936 -2.26078
v -0.00800759 0.158788 -1.4998
v 0.810287 0.0995936 -2.26078
v 0.424081 0.104468 -2.3658
v 0.637223 0.199947 2.56494
v 0.64027 0.27664 2.64138
v 0.657426 0.324107 2.59752
v 0.623869 0.196948 2.66627
v -0.653237 0.199947 2.56494
v -0.656278 0.27664 2.64138
v -0.639878 0.196948 2.66627
v -0.673435 0.324107 2.59752
v -0.607391 0.706234 1.02871
v -0.584914 0.764564 0.819805
v -0.558698 0.730047 0.770637
v -0.630225 0.739297 1.06162
v -0.581451 0.767821 0.412492
v -0.554976 0.733117 0.467903
v -0.66457 0.627374 1.12434
v -0.682792 0.655622 1.19846
v -0.814328 0.333158 1.2375
v -0.871212 0.343439 1.32308
v -0.894652 -0.394273 0.344085
v -0.952711 -0.428413 0.927097
v -0.894141 -0.394273 0.870167
v -0.953222 -0.428413 0.298006
v -0.940452 0.0304135 0.323774
v -0.953222 -0.428413 0.298006
v -0.894652 -0.394273 0.344085
v -1.00798 -0.114797 0.265441
v -0.592453 0.733006 0.456682
v -0.896119 0.310423 0.312762
v -0.837549 0.302042 0.358841
v -0.656922 0.733006 0.410603
v -0.989757 0.183451 0.290374
v -0.554976 0.733117 0.467903
v -0.581451 0.767821 0.412492
v -0.999334 0.0150415 0.277269
v -0.915797 0.20876 1.18147
v -0.871212 0.343439 1.32308
v -0.814328 0.333158 1.2375
v -0.974367 0.211444 1.26268
v -0.894141 -0.394273 0.870167
v -1.0098 -0.114797 0.993388
v -0.951228 -0.0987064 0.931661
v -0.952711 -0.428413 0.927097
v -1.0098 0.0128717 1.10875
v -0.951228 0.0216149 1.03867
v -0.558048 0.720867 0.0649965
v -0.618426 0.72783 -0.13423
v -0.594755 0.695427 -0.114369
v -0.58427 0.754824 0.0591254
v -0.648511 0.68084 -0.25584
v -0.627085 0.651142 -0.22718
v -0.833363 0.297426 -0.83785
v -0.814309 0.275659 -0.746902
v -0.555018 0.733117 0.352717
v -0.581451 0.767821 0.412492
v -0.893774 -0.394273 -0.735458
v -0.953222 -0.428413 0.298006
v -0.894688 -0.394273 0.251927
v -0.952308 -0.428413 -0.803763
v -0.814309 0.275659 -0.746902
v -0.987738 0.139961 -0.835818
v -0.934022 0.0213828 -0.768739
v -0.992576 0.0127128 -0.839655
v -0.997355 -0.114797 -0.843446
v -0.952308 -0.428413 -0.803763
v -0.893774 -0.394273 -0.735458
v -0.940489 0.0304135 0.231615
v -0.999334 0.0150415 0.277269
v -0.989757 0.183451 0.290374
v -0.894688 -0.394273 0.251927
v -1.00798 -0.114797 0.265441
v -0.953222 -0.428413 0.298006
v -0.837585 0.302042 0.266682
v -0.656922 0.733006 0.410603
v -0.592493 0.733006 0.364523
v -0.896119 0.310423 0.312762
v -0.581451 0.767821 0.412492
v -0.555018 0.733117 0.352717
v -0.833363 0.297426 -0.83785
v -0.912322 0.267432 -0.794349
v -0.987738 0.139961 -0.835818
v 0.878145 -0.394273 0.870167
v 0.936717 -0.428413 0.927097
v 0.878656 -0.394273 0.344085
v 0.937228 -0.428413 0.298006
v 0.878656 -0.394273 0.344085
v 0.937228 -0.428413 0.298006
v 0.924458 0.0304135 0.323774
v 0.991985 -0.114797 0.265441
v 0.821551 0.302042 0.358841
v 0.880123 0.310423 0.312762
v 0.576449 0.733006 0.456682
v 0.64092 0.733006 0.410603
v 0.973764 0.183451 0.290374
v 0.53897 0.733117 0.467903
v 0.565446 0.767821 0.412492
v 0.983341 0.0150415 0.277269
v 0.57875 0.695427 -0.114369
v 0.602423 0.72783 -0.13423
v 0.542042 0.720867 0.0649965
v 0.568265 0.754824 0.0591254
v 0.611082 0.651142 -0.22718
v 0.632509 0.68084 -0.25584
v 0.798311 0.275659 -0.746902
v 0.817365 0.297426 -0.83785
v 0.539013 0.733117 0.352717
v 0.565446 0.767821 0.412492
v 0.878693 -0.394273 0.251927
v 0.937228 -0.428413 0.298006
v 0.877778 -0.394273 -0.735458
v 0.936314 -0.428413 -0.803763
v 0.918028 0.0213828 -0.768739
v 0.971745 0.139961 -0.835818
v 0.798311 0.275659 -0.746902
v 0.981362 -0.114797 -0.843446
v 0.976583 0.0127128 -0.839655
v 0.877778 -0.394273 -0.735458
v 0.936314 -0.428413 -0.803763
v 0.973764 0.183451 0.290374
v 0.983341 0.0150415 0.277269
v 0.924495 0.0304135 0.231615
v 0.991985 -0.114797 0.265441
v 0.878693 -0.394273 0.251927
v 0.937228 -0.428413 0.298006
v 0.576489 0.733006 0.364523
v 0.64092 0.733006 0.410603
v 0.821588 0.302042 0.266682
v 0.880123 0.310423 0.312762
v 0.539013 0.733117 0.352717
v 0.565446 0.767821 0.412492
v 0.896327 0.267432 -0.794349
v 0.817365 0.297426 -0.83785
v 0.971745 0.139961 -0.835818
v 0.542696 0.730047 0.770637
v 0.568914 0.764564 0.819805
v 0.591391 0.706234 1.02871
v 0.614226 0.739297 1.06162
v 0.538974 0.733117 0.467903
v 0.56545 0.767821 0.412492
v 0.648572 0.627374 1.12434
v 0.666795 0.655622 1.19846
v 0.798335 0.333158 1.2375
v 0.855221 0.343439 1.32308
v 0.798335 0.333158 1.2375
v 0.855221 0.343439 1.32308
v 0.899808 0.20876 1.18147
v 0.958381 0.211444 1.26268
v 0.93524 -0.0987064 0.931661
v 0.993813 -0.114797 0.993388
v 0.878152 -0.394273 0.870167
v 0.936724 -0.428413 0.927097
v 0.93524 0.0216149 1.03867
v 0.993813 0.0128717 1.10875
v 0.817373 0.207984 -1.54959
v 0.810287 0.0995936 -2.26078
v 0.81735 0.297426 -0.83785
v -0.268593 0.137604 -2.3895
v -0.41455 0.13352 -2.36186
v -0.440085 0.104468 -2.3658
v 0.398521 0.13352 -2.36186
v 0.252567 0.137604 -2.3895
v 0.424056 0.104468 -2.3658
v -0.269534 0.312422 -0.986941
v 0.253506 0.312422 -0.986941
v 0.554639 0.305424 -0.931481
v 0.81735 0.297426 -0.83785
v -0.83337 0.297426 -0.83785
v -0.570681 0.305424 -0.931481
v -0.826276 0.0995936 -2.26078
v -0.833363 0.207984 -1.54959
v -0.83337 0.297426 -0.83785
v -0.313298 0.0605962 -0.40661
v -0.313298 0.370587 -0.461269
v -0.456283 0.0605962 -0.40661
v -0.456283 0.370587 -0.461269
v -0.599269 0.0605962 -0.40661
v -0.599269 0.370587 -0.461269
v -0.118254 0.682058 -0.204154
v -0.118254 0.599034 -0.216199
v 0.102277 0.682058 -0.204154
v 0.102277 0.599034 -0.216199
v -0.856981 0.274648 -0.552503
v -0.900168 0.307423 0.231858
v -0.8509 0.307141 0.207908
v -0.906249 0.27493 -0.571771
v -0.789423 0.399836 -0.570975
v -0.906249 0.27493 -0.571771
v -0.856981 0.274648 -0.552503
v -0.838649 0.417899 -0.590243
v -0.8509 0.307141 0.207908
v -0.652344 0.732329 0.354995
v -0.606765 0.714266 0.338754
v -0.900168 0.307423 0.231858
v -0.670482 0.640782 -0.214692
v -0.838649 0.417899 -0.590243
v -0.789423 0.399836 -0.570975
v -0.695788 0.658845 -0.23396
v -0.633712 0.682023 -0.116556
v -0.67185 0.700086 -0.124562
v -0.599556 0.709017 0.0603975
v -0.652239 0.72708 0.0603975
v -0.606765 0.714266 0.338754
v -0.652344 0.732329 0.354995
v -0.838649 0.417899 -0.590243
v -0.912322 0.267432 -0.789968
v -0.906249 0.27493 -0.571771
v -0.879008 0.30288 -0.689454
v -0.927865 0.356204 -0.655806
v -0.848705 0.32268 -0.65664
v -0.904242 0.381232 -0.622992
v -0.857881 0.277624 -0.642446
v -0.91635 0.341116 -0.608798
v -0.599556 0.709017 0.0603975
v -0.633712 0.682023 -0.116556
v -0.558048 0.720867 0.0649965
v -0.594755 0.695427 -0.114369
v -0.627085 0.651142 -0.22718
v -0.670482 0.640782 -0.214692
v -0.789423 0.399836 -0.570975
v -0.814309 0.275659 -0.746902
v -0.856981 0.274648 -0.552503
v -0.934022 0.0213828 -0.768739
v -0.8509 0.307141 0.207908
v -0.940489 0.0304135 0.231615
v -0.837585 0.302042 0.266682
v -0.606765 0.714266 0.338754
v -0.592493 0.733006 0.364523
v -0.555018 0.733117 0.352717
v -0.894688 -0.394273 0.251927
v -0.893774 -0.394273 -0.735458
v -0.594755 0.695427 -0.114369
v -0.618426 0.72783 -0.13423
v -0.558048 0.720867 0.0649965
v -0.58427 0.754824 0.0591254
v -0.627085 0.651142 -0.22718
v -0.648511 0.68084 -0.25584
v -0.814309 0.275659 -0.746902
v -0.833363 0.297426 -0.83347
v -0.555018 0.733117 0.352717
v -0.581451 0.767821 0.408946
v -0.894688 -0.394273 0.251927
v -0.953222 -0.418959 0.29446
v -0.893774 -0.394273 -0.735458
v -0.952308 -0.418959 -0.799382
v -0.934022 0.0213828 -0.768739
v -0.987738 0.139961 -0.831438
v -0.814309 0.275659 -0.746902
v -0.997355 -0.114797 -0.839065
v -0.992576 0.0127128 -0.835275
v -0.893774 -0.394273 -0.735458
v -0.952308 -0.418959 -0.799382
v -0.989757 0.183451 0.286828
v -0.999334 0.0150415 0.273723
v -0.940489 0.0304135 0.231615
v -1.00798 -0.114797 0.261895
v -0.894688 -0.394273 0.251927
v -0.953222 -0.418959 0.29446
v -0.592493 0.733006 0.364523
v -0.649845 0.733006 0.407057
v -0.837585 0.302042 0.266682
v -0.896119 0.310423 0.309216
v -0.555018 0.733117 0.352717
v -0.581451 0.767821 0.408946
v -0.912322 0.267432 -0.789968
v -0.833363 0.297426 -0.83347
v -0.987738 0.139961 -0.831438
v -1.01117 0.135566 0.0655338
v -0.998343 0.116342 0.00859988
v -1.01116 0.135634 0.170968
v -0.998342 0.116354 0.214756
v -1.04384 0.319967 -0.531525
v -0.91396 0.319967 -0.588417
v -1.07282 0.389906 -0.518952
v -0.880668 0.389906 -0.602611
v -1.04384 0.458441 -0.531525
v -0.91396 0.458441 -0.588417
v -0.84432 0.31364 0.415527
v -0.883044 0.346272 1.24635
v -0.833776 0.34599 1.201
v -0.893588 0.313922 0.399771
v -0.602308 0.715765 0.472763
v -0.893588 0.313922 0.399771
v -0.84432 0.31364 0.415527
v -0.647936 0.733828 0.463376
v -0.833776 0.34599 1.201
v -0.707795 0.633882 1.11802
v -0.655634 0.615819 1.09786
v -0.883044 0.346272 1.24635
v -0.666896 0.7078 1.01632
v -0.614213 0.689737 1.00876
v -0.651086 0.731071 0.819805
v -0.605493 0.713008 0.819805
v -0.647936 0.733828 0.463376
v -0.602308 0.715765 0.472763
v -0.881578 0.330715 0.982867
v -0.649138 0.712717 0.944482
v -0.88182 0.331122 0.944791
v -0.643831 0.709677 0.984143
v -0.847711 0.331123 0.944786
v -0.88182 0.331122 0.944791
v -0.608598 0.70314 0.944491
v -0.649138 0.712717 0.944482
v -0.615078 0.700105 0.984143
v -0.881578 0.330715 0.982867
v -0.848057 0.330711 0.983063
v -0.643831 0.709677 0.984143
v -0.894652 -0.394273 0.344085
v -0.951228 -0.0987064 0.931661
v -0.894141 -0.394273 0.870167
v -0.940452 0.0304135 0.323774
v -0.951228 0.0216149 1.03867
v -0.915797 0.20876 1.18147
v -0.84432 0.31364 0.415527
v -0.833776 0.34599 1.201
v -0.837549 0.302042 0.358841
v -0.814558 0.333158 1.2375
v -0.664758 0.627374 1.12434
v -0.655634 0.615819 1.09786
v -0.607562 0.706234 1.02871
v -0.614213 0.689737 1.00876
v -0.558855 0.730047 0.770637
v -0.605493 0.713008 0.819805
v -0.555132 0.733117 0.467903
v -0.602308 0.715765 0.472763
v -0.592453 0.733006 0.456682
v -0.615078 0.700105 0.984143
v -0.848057 0.330711 0.983063
v -0.608598 0.70314 0.944491
v -0.847711 0.331123 0.944786
v -0.558855 0.730047 0.770637
v -0.584914 0.764564 0.819805
v -0.607562 0.706234 1.02871
v -0.630225 0.739297 1.05518
v -0.555132 0.733117 0.467903
v -0.581451 0.767821 0.416627
v -0.664758 0.627374 1.12434
v -0.682792 0.655622 1.19203
v -0.814558 0.333158 1.2375
v -0.871212 0.343439 1.31665
v -0.894141 -0.394273 0.870167
v -0.952711 -0.418959 0.920666
v -0.894652 -0.394273 0.344085
v -0.953222 -0.418959 0.302141
v -0.894652 -0.394273 0.344085
v -0.953222 -0.418959 0.302141
v -0.940452 0.0304135 0.323774
v -1.00798 -0.114797 0.269576
v -0.837549 0.302042 0.358841
v -0.896119 0.310423 0.316897
v -0.592453 0.733006 0.456682
v -0.649845 0.733006 0.414738
v -0.989757 0.183451 0.294509
v -0.555132 0.733117 0.467903
v -0.581451 0.767821 0.416627
v -0.999334 0.0150415 0.281404
v -0.814558 0.333158 1.2375
v -0.871212 0.343439 1.31665
v -0.915797 0.20876 1.18147
v -0.974367 0.211444 1.25625
v -0.951228 -0.0987064 0.931661
v -1.0098 -0.114797 0.986957
v -0.894141 -0.394273 0.870167
v -0.952711 -0.418959 0.920666
v -0.951228 0.0216149 1.03867
v -1.0098 0.0128717 1.10232
v -1.01117 0.135566 0.975534
v -0.998343 0.116342 0.9186
v -1.01116 0.135634 1.08097
v -0.998342 0.116354 1.12476
v 0.834909 0.307141 0.207908
v 0.884179 0.307423 0.231858
v 0.84099 0.274648 -0.552503
v 0.89026 0.27493 -0.571771
v 0.84099 0.274648 -0.552503
v 0.89026 0.27493 -0.571771
v 0.77343 0.399836 -0.570975
v 0.822657 0.417899 -0.590243
v 0.590765 0.714266 0.338754
v 0.636346 0.732329 0.354995
v 0.834909 0.307141 0.207908
v 0.884179 0.307423 0.231858
v 0.77343 0.399836 -0.570975
v 0.822657 0.417899 -0.590243
v 0.654485 0.640782 -0.214692
v 0.679792 0.658845 -0.23396
v 0.617713 0.682023 -0.116556
v 0.655853 0.700086 -0.124562
v 0.583556 0.709017 0.0603975
v 0.636241 0.72708 0.0603975
v 0.590765 0.714266 0.338754
v 0.636346 0.732329 0.354995
v 0.89026 0.27493 -0.571771
v 0.896333 0.267432 -0.789968
v 0.822657 0.417899 -0.590243
v 0.89902 0.379922 -0.623819
v 0.85266 0.276313 -0.643272
v 0.911129 0.339806 -0.609624
v 0.873787 0.301569 -0.69028
v 0.922644 0.354894 -0.656632
v 0.843484 0.32137 -0.657466
v 0.542047 0.720867 0.0649965
v 0.617713 0.682023 -0.116556
v 0.583556 0.709017 0.0603975
v 0.578755 0.695427 -0.114369
v 0.611086 0.651142 -0.22718
v 0.654485 0.640782 -0.214692
v 0.77343 0.399836 -0.570975
v 0.798316 0.275659 -0.746902
v 0.84099 0.274648 -0.552503
v 0.918034 0.0213828 -0.768739
v 0.834909 0.307141 0.207908
v 0.924501 0.0304135 0.231615
v 0.821594 0.302042 0.266682
v 0.590765 0.714266 0.338754
v 0.576493 0.733006 0.364523
v 0.539017 0.733117 0.352717
v 0.877785 -0.394273 -0.735458
v 0.878699 -0.394273 0.251927
v 0.542047 0.720867 0.0649965
v 0.602427 0.72783 -0.13423
v 0.578755 0.695427 -0.114369
v 0.568269 0.754824 0.0591254
v 0.632513 0.68084 -0.25584
v 0.611086 0.651142 -0.22718
v 0.817371 0.297426 -0.83347
v 0.798316 0.275659 -0.746902
v 0.539017 0.733117 0.352717
v 0.56545 0.767821 0.408946
v 0.877785 -0.394273 -0.735458
v 0.937235 -0.418959 0.29446
v 0.878699 -0.394273 0.251927
v 0.936321 -0.418959 -0.799382
v 0.798316 0.275659 -0.746902
v 0.971752 0.139961 -0.831438
v 0.918034 0.0213828 -0.768739
v 0.97659 0.0127128 -0.835275
v 0.981369 -0.114797 -0.839065
v 0.936321 -0.418959 -0.799382
v 0.877785 -0.394273 -0.735458
v 0.924501 0.0304135 0.231615
v 0.983349 0.0150415 0.273723
v 0.973771 0.183451 0.286828
v 0.878699 -0.394273 0.251927
v 0.991992 -0.114797 0.261895
v 0.937235 -0.418959 0.29446
v 0.821594 0.302042 0.266682
v 0.633847 0.733006 0.407057
v 0.576493 0.733006 0.364523
v 0.88013 0.310423 0.309216
v 0.56545 0.767821 0.408946
v 0.539017 0.733117 0.352717
v 0.817371 0.297426 -0.83347
v 0.896333 0.267432 -0.789968
v 0.971752 0.139961 -0.831438
v 0.995141 0.135634 0.170968
v 0.982322 0.116342 0.00859988
v 0.995149 0.135566 0.0655338
v 0.982321 0.116354 0.214756
v 0.908739 0.457131 -0.589243
v 0.875447 0.388595 -0.603437
v 1.03861 0.457131 -0.532351
v 1.06759 0.388595 -0.519778
v 0.908739 0.318656 -0.589243
v 1.03861 0.318656 -0.532351
v 0.817784 0.34599 1.201
v 0.867054 0.346272 1.24635
v 0.828329 0.31364 0.415527
v 0.877598 0.313922 0.399771
v 0.828329 0.31364 0.415527
v 0.877598 0.313922 0.399771
v 0.586308 0.715765 0.472763
v 0.631937 0.733828 0.463376
v 0.639636 0.615819 1.09786
v 0.691799 0.633882 1.11802
v 0.817784 0.34599 1.201
v 0.867054 0.346272 1.24635
v 0.598214 0.689737 1.00876
v 0.650899 0.7078 1.01632
v 0.589493 0.713008 0.819805
v 0.635088 0.731071 0.819805
v 0.586308 0.715765 0.472763
v 0.631937 0.733828 0.463376
v 0.865768 0.331122 0.944791
v 0.633094 0.712717 0.944482
v 0.865526 0.330715 0.982867
v 0.627788 0.709677 0.984143
v 0.592557 0.70314 0.944491
v 0.865768 0.331122 0.944791
v 0.831661 0.331123 0.944786
v 0.633094 0.712717 0.944482
v 0.832007 0.330711 0.983063
v 0.865526 0.330715 0.982867
v 0.599036 0.700105 0.984143
v 0.627788 0.709677 0.984143
v 0.878152 -0.394273 0.870167
v 0.93524 -0.0987064 0.931661
v 0.878663 -0.394273 0.344085
v 0.924465 0.0304135 0.323774
v 0.93524 0.0216149 1.03867
v 0.899808 0.20876 1.18147
v 0.828329 0.31364 0.415527
v 0.817784 0.34599 1.201
v 0.821558 0.302042 0.358841
v 0.798566 0.333158 1.2375
v 0.64876 0.627374 1.12434
v 0.639636 0.615819 1.09786
v 0.591563 0.706234 1.02871
v 0.598214 0.689737 1.00876
v 0.542854 0.730047 0.770637
v 0.589493 0.713008 0.819805
v 0.539131 0.733117 0.467903
v 0.576453 0.733006 0.456682
v 0.586308 0.715765 0.472763
v 0.592557 0.70314 0.944491
v 0.832007 0.330711 0.983063
v 0.599036 0.700105 0.984143
v 0.831661 0.331123 0.944786
v 0.591563 0.706234 1.02871
v 0.568914 0.764564 0.819805
v 0.542854 0.730047 0.770637
v 0.614226 0.739297 1.05518
v 0.56545 0.767821 0.416627
v 0.539131 0.733117 0.467903
v 0.64876 0.627374 1.12434
v 0.666795 0.655622 1.19203
v 0.798566 0.333158 1.2375
v 0.855221 0.343439 1.31665
v 0.878663 -0.394273 0.344085
v 0.936724 -0.418959 0.920666
v 0.878152 -0.394273 0.870167
v 0.937235 -0.418959 0.302141
v 0.924465 0.0304135 0.323774
v 0.937235 -0.418959 0.302141
v 0.878663 -0.394273 0.344085
v 0.991992 -0.114797 0.269576
v 0.576453 0.733006 0.456682
v 0.88013 0.310423 0.316897
v 0.821558 0.302042 0.358841
v 0.633847 0.733006 0.414738
v 0.973771 0.183451 0.294509
v 0.539131 0.733117 0.467903
v 0.56545 0.767821 0.416627
v 0.983349 0.0150415 0.281404
v 0.899808 0.20876 1.18147
v 0.855221 0.343439 1.31665
v 0.798566 0.333158 1.2375
v 0.958381 0.211444 1.25625
v 0.878152 -0.394273 0.870167
v 0.993813 -0.114797 0.986957
v 0.93524 -0.0987064 0.931661
v 0.936724 -0.418959 0.920666
v 0.993813 0.0128717 1.10232
v 0.93524 0.0216149 1.03867
v 0.981627 0.117923 1.12476
v 0.981628 0.117912 0.9186
v 0.994447 0.137203 1.08097
v 0.994454 0.137135 0.975534
v 0.44315 -0.465566 2.63259
v 0.477961 -0.448141 2.62253
v 0.408339 -0.446278 2.63259
v 0.477961 -0.408347 2.62253
v 0.408339 -0.41021 2.63259
v 0.44315 -0.390922 2.63259
v -0.440085 0.104468 -2.3658
v -0.44777 0.0724756 -2.37592
v -0.826782 0.067977 -2.28502
v -0.826276 0.0995936 -2.26078
v 0.810746 0.067977 -2.28502
v 0.431741 0.0724756 -2.37592
v 0.424056 0.104468 -2.3658
v 0.81024 0.0995936 -2.26078
v -0.199663 0.0289857 2.64338
v 0.202873 0.176453 2.63371
v -0.218897 0.176453 2.63371
v 0.183639 0.0289857 2.64338
v -0.242842 -0.0814898 2.66576
v -0.605617 -0.0100058 2.67697
v -0.557026 -0.0814898 2.65916
v -0.24183 -0.0105057 2.68663
v 0.540995 -0.0814898 2.65916
v 0.589585 -0.0100058 2.67697
v 0.226817 -0.0814898 2.66576
v 0.225805 -0.0105057 2.68663
v -0.244711 0.0125563 2.68306
v 0.228685 0.0125563 2.68306
v -0.199663 0.0289857 2.64338
v 0.183639 0.0289857 2.64338
v -0.218897 0.176453 2.63371
v 0.253487 0.201447 2.6673
v -0.269512 0.201447 2.6673
v 0.202873 0.176453 2.63371
v -0.199663 0.0289857 2.64338
v -0.269512 0.201447 2.6673
v -0.244711 0.0125563 2.68306
v -0.218897 0.176453 2.63371
v 0.228685 0.0125563 2.68306
v 0.253487 0.201447 2.6673
v 0.183639 0.0289857 2.64338
v 0.202873 0.176453 2.63371
v -0.941983 -0.476402 -1.09064
v -0.953222 -0.428413 0.298006
v -0.952308 -0.428413 -0.803763
v -0.983689 -0.296442 -1.09125
v -0.997355 -0.114797 -0.843446
v -1.00798 -0.114798 -1.17928
v -0.9928 0.0119893 -1.70439
v -1.01052 0.0539801 -1.51714
v -0.967493 0.106547 -1.52212
v -0.928013 0.067977 -2.05315
v -0.971036 -0.114798 -1.83007
v -0.92776 -0.0816231 -2.10424
v -0.888027 0.067977 -2.22141
v -0.887015 0.0975942 -2.20227
v -0.826782 0.067977 -2.28502
v -0.826276 0.0995936 -2.26078
v -0.833363 0.207984 -1.54959
v -0.912322 0.178807 -1.54146
v -0.912322 0.267432 -0.794349
v -0.987738 0.139961 -0.835818
v -0.833363 0.297426 -0.83785
v -0.992576 0.0127128 -0.839655
v -1.01709 0.0119893 -1.32938
v -0.983689 -0.296442 0.999261
v -0.952711 -0.428413 0.927097
v -0.939932 -0.476402 0.991623
v -0.630225 0.739297 1.06162
v -0.682792 0.655622 1.19846
v -0.622043 0.701296 1.22157
v -0.929027 0.208446 2.13683
v -0.954335 -0.0105057 2.13427
v -0.863026 0.203247 2.50976
v -0.893598 0.0125594 2.50193
v -0.76291 0.361254 2.07893
v -0.756937 0.304924 2.57147
v -0.673435 0.324107 2.59752
v -0.806464 0.364269 1.61798
v -0.871212 0.343439 1.32308
v -0.974367 0.211444 1.26268
v -0.964174 0.210225 1.64227
v -0.897604 -0.00887547 2.50414
v -0.948262 -0.0829895 2.13632
v -0.9928 0.0119893 1.6124
v -0.971036 -0.114798 1.73808
v -1.01052 0.0539801 1.42515
v -1.01709 0.0119893 1.23739
v -1.0098 0.0128717 1.10875
v -1.00798 -0.114798 1.08729
v -1.0098 -0.114797 0.993388
v -0.61204 0.0125594 2.68103
v -0.244711 0.0125563 2.68306
v -0.639878 0.196948 2.66627
v -0.269512 0.201447 2.6673
v 0.623869 0.196948 2.66627
v 0.228694 0.0125563 2.68306
v 0.596031 0.0125594 2.68103
v 0.253497 0.201447 2.6673
v 0.936321 -0.428413 -0.803763
v 0.937235 -0.428413 0.298006
v 0.925995 -0.476402 -1.09064
v 0.967703 -0.296442 -1.09125
v 0.981369 -0.114797 -0.843446
v 0.991999 -0.114798 -1.17928
v 0.951506 0.106547 -1.52212
v 0.99453 0.0539801 -1.51714
v 0.976814 0.0119893 -1.70439
v 0.912025 0.067977 -2.05315
v 0.955049 -0.114798 -1.83007
v 0.911771 -0.0816231 -2.10424
v 0.871025 0.0975942 -2.20227
v 0.872038 0.067977 -2.22141
v 0.810791 0.067977 -2.28502
v 0.810285 0.0995936 -2.26078
v 0.817371 0.207984 -1.54959
v 0.896333 0.178807 -1.54146
v 0.971752 0.139961 -0.835818
v 0.896333 0.267432 -0.794349
v 0.817371 0.297426 -0.83785
v 0.97659 0.0127128 -0.839655
v 1.00111 0.0119893 -1.32938
v 0.923945 -0.476402 0.991623
v 0.936724 -0.428413 0.927097
v 0.967703 -0.296442 0.999261
v 0.606043 0.701296 1.22157
v 0.666795 0.655622 1.19846
v 0.614226 0.739297 1.06162
v 0.847035 0.203247 2.50976
v 0.938348 -0.0105057 2.13427
v 0.913039 0.208446 2.13683
v 0.877608 0.0125594 2.50193
v 0.657437 0.324107 2.59752
v 0.740943 0.304924 2.57147
v 0.746916 0.361254 2.07893
v 0.855221 0.343439 1.32308
v 0.790471 0.364269 1.61798
v 0.948187 0.210225 1.64227
v 0.958381 0.211444 1.26268
v 0.881614 -0.00887547 2.50414
v 0.932274 -0.0829895 2.13632
v 0.976814 0.0119893 1.6124
v 0.955049 -0.114798 1.73808
v 0.99453 0.0539801 1.42515
v 1.00111 0.0119893 1.23739
v 0.993813 0.0128717 1.10875
v 0.991999 -0.114798 1.08729
v 0.993813 -0.114797 0.993388
v -0.596174 0.747956 1.07509
v -0.584914 0.764564 0.819805
v 0.580174 0.747956 1.07509
v 0.568914 0.764564 0.819805
v -0.584914 0.764564 0.819805
v -0.295871 0.784817 0.412492
v -0.581451 0.767821 0.412492
v -0.295871 0.78106 0.819805
v -0.295871 0.75443 1.12318
v -0.596174 0.747956 1.07509
v -0.622043 0.701296 1.22157
v -0.295871 0.712104 1.25178
v -0.648511 0.68084 -0.25584
v -0.295871 0.749325 -0.140336
v -0.295871 0.703836 -0.279246
v -0.618426 0.72783 -0.13423
v -0.295871 0.774319 0.0591254
v -0.58427 0.754824 0.0591254
v 0.279852 0.75443 1.12318
v 0.279852 0.712104 1.25178
v 0.279852 0.78106 0.819805
v 0.279852 0.784817 0.412492
v 0.279852 0.774319 0.0591254
v 0.279852 0.749325 -0.140336
v 0.279852 0.703836 -0.279246
v 0.56545 0.767821 0.412492
v 0.568914 0.764564 0.819805
v 0.606043 0.701296 1.22157
v 0.580174 0.747956 1.07509
v 0.632513 0.68084 -0.25584
v 0.602427 0.72783 -0.13423
v 0.568269 0.754824 0.0591254
v -0.605617 -0.0100058 2.67697
v -0.244711 0.0125563 2.68306
v -0.61204 0.0125594 2.68103
v -0.739728 -0.0100058 2.66424
v -0.738209 0.0125594 2.66831
v -0.845523 -0.0100058 2.62118
v -0.844501 0.0125563 2.61539
v -0.893598 0.0125594 2.50193
v -0.897604 -0.00887547 2.50414
v 0.596008 0.0125594 2.68103
v 0.228685 0.0125563 2.68306
v 0.589585 -0.0100058 2.67697
v 0.723693 -0.0100058 2.66424
v 0.722175 0.0125594 2.66831
v 0.829487 -0.0100058 2.62118
v 0.828464 0.0125563 2.61539
v 0.87756 0.0125594 2.50193
v 0.881566 -0.00887547 2.50414
v -0.24183 -0.0105057 2.68663
v 0.225805 -0.0105057 2.68663
v 0.891632 -0.107964 -2.10424
v 0.911756 -0.0816231 -2.10424
v 0.934909 -0.13426 -1.84555
v 0.955034 -0.114798 -1.83007
v 0.414568 -0.10933 -2.40382
v 0.414568 -0.0829895 -2.41929
v 0.817326 -0.10933 -2.31162
v 0.817326 -0.0829895 -2.3271
v 0.85175 -0.11033 -2.27808
v 0.871874 -0.0839893 -2.27808
v 0.891597 -0.107964 -2.10424
v 0.911721 -0.0816231 -2.10424
v -0.950966 -0.13426 -1.84555
v -0.927812 -0.0816231 -2.10424
v -0.907687 -0.107964 -2.10424
v -0.971091 -0.114798 -1.83007
v -0.833378 -0.10933 -2.31162
v -0.430604 -0.0829895 -2.41929
v -0.430604 -0.10933 -2.40382
v -0.833378 -0.0829895 -2.3271
v -0.867803 -0.11033 -2.27808
v -0.887928 -0.0839893 -2.27808
v -0.907652 -0.107964 -2.10424
v -0.927777 -0.0816231 -2.10424
v -0.578125 -0.080302 2.62979
v -0.557026 -0.0814898 2.65916
v -0.605617 -0.0100058 2.67697
v -0.578125 -0.080302 2.62979
v -0.605617 -0.0100058 2.67697
v -0.712236 -0.080302 2.61707
v -0.739728 -0.0100058 2.66424
v -0.818031 -0.080302 2.57401
v -0.845523 -0.0100058 2.62118
v -0.870111 -0.0791718 2.45696
v -0.897604 -0.00887547 2.50414
v -0.948262 -0.0829895 2.13632
v 0.589618 -0.0100058 2.67697
v 0.541026 -0.0814898 2.65916
v 0.562125 -0.080302 2.62979
v 0.696241 -0.080302 2.61707
v 0.589618 -0.0100058 2.67697
v 0.562125 -0.080302 2.62979
v 0.723735 -0.0100058 2.66424
v 0.802041 -0.080302 2.57401
v 0.829534 -0.0100058 2.62118
v 0.854123 -0.0791718 2.45696
v 0.881616 -0.00887547 2.50414
v 0.932276 -0.0829895 2.13632
v -0.653237 0.199947 2.56494
v -0.269512 0.201447 2.6673
v 0.637223 0.199947 2.56494
v 0.253487 0.201447 2.6673
v -0.639878 0.196948 2.66627
v -0.269512 0.201447 2.6673
v 0.253497 0.201447 2.6673
v 0.623869 0.196948 2.66627
v -0.652344 0.732329 0.354995
v -0.896119 0.310423 0.309216
v -0.649845 0.733006 0.407057
v -0.900168 0.307423 0.231858
v -1.07282 0.389906 -0.518952
v -1.03325 0.352984 -0.677667
v -1.04384 0.319967 -0.531525
v -0.91396 0.319967 -0.588417
v -0.94027 0.352345 -0.693648
v -0.880668 0.389906 -0.602611
v -0.94027 0.419743 -0.693648
v -0.91396 0.458441 -0.588417
v -1.03325 0.419743 -0.677667
v -1.04384 0.458441 -0.531525
v -0.618426 0.72783 -0.13423
v -0.652239 0.72708 0.0603975
v -0.58427 0.754824 0.0591254
v -0.67185 0.700086 -0.124562
v -0.648511 0.68084 -0.25584
v -0.695788 0.658845 -0.23396
v -0.838649 0.417899 -0.590243
v -0.833363 0.297426 -0.83347
v -0.912322 0.267432 -0.789968
v -0.581451 0.767821 0.408946
v -0.652344 0.732329 0.354995
v -0.649845 0.733006 0.407057
v -0.906249 0.27493 -0.571771
v -0.987738 0.139961 -0.831438
v -0.989757 0.183451 0.286828
v -0.900168 0.307423 0.231858
v -0.896119 0.310423 0.309216
v -0.999334 0.0150415 0.273723
v -1.00798 -0.114797 0.261895
v -0.992576 0.0127128 -0.835275
v -0.997355 -0.114797 -0.839065
v -0.953222 -0.418959 0.29446
v -0.952308 -0.418959 -0.799382
v -0.998342 0.116354 0.214756
v -0.988118 0.182461 0.174909
v -1.01116 0.135634 0.170968
v -1.01117 0.135566 0.0655338
v -0.988118 0.182461 0.0484474
v -0.998343 0.116342 0.00859988
v -0.893588 0.313922 0.399771
v -0.649845 0.733006 0.414738
v -0.896119 0.310423 0.316897
v -0.647936 0.733828 0.463376
v -0.707795 0.633882 1.11802
v -0.630225 0.739297 1.05518
v -0.666896 0.7078 1.01632
v -0.651086 0.731071 0.819805
v -0.584914 0.764564 0.819805
v -0.974367 0.211444 1.25625
v -0.871212 0.343439 1.31665
v -0.883044 0.346272 1.24635
v -1.00798 -0.114797 0.269576
v -0.952711 -0.418959 0.920666
v -1.0098 -0.114797 0.986957
v -0.953222 -0.418959 0.302141
v -1.0098 0.0128717 1.10232
v -0.893588 0.313922 0.399771
v -0.989757 0.183451 0.294509
v -0.896119 0.310423 0.316897
v -0.647936 0.733828 0.463376
v -0.581451 0.767821 0.416627
v -0.649845 0.733006 0.414738
v -0.682792 0.655622 1.19203
v -0.999334 0.0150415 0.281404
v -0.998342 0.116354 1.12476
v -0.988118 0.182461 1.08491
v -1.01116 0.135634 1.08097
v -1.01117 0.135566 0.975534
v -0.988118 0.182461 0.958447
v -0.998343 0.116342 0.9186
v 0.633847 0.733006 0.407057
v 0.88013 0.310423 0.309216
v 0.636346 0.732329 0.354995
v 0.884179 0.307423 0.231858
v 0.908739 0.457131 -0.589243
v 1.03861 0.457131 -0.532351
v 1.02803 0.418433 -0.678493
v 1.06759 0.388595 -0.519778
v 1.02803 0.351674 -0.678493
v 1.03861 0.318656 -0.532351
v 0.908739 0.318656 -0.589243
v 0.935049 0.351035 -0.694475
v 0.875447 0.388595 -0.603437
v 0.935049 0.418433 -0.694475
v 0.568269 0.754824 0.0591254
v 0.636241 0.72708 0.0603975
v 0.602427 0.72783 -0.13423
v 0.655853 0.700086 -0.124562
v 0.632513 0.68084 -0.25584
v 0.679792 0.658845 -0.23396
v 0.817371 0.297426 -0.83347
v 0.822657 0.417899 -0.590243
v 0.896333 0.267432 -0.789968
v 0.633847 0.733006 0.407057
v 0.636346 0.732329 0.354995
v 0.56545 0.767821 0.408946
v 0.971752 0.139961 -0.831438
v 0.89026 0.27493 -0.571771
v 0.973771 0.183451 0.286828
v 0.884179 0.307423 0.231858
v 0.88013 0.310423 0.309216
v 0.983349 0.0150415 0.273723
v 0.981369 -0.114797 -0.839065
v 0.97659 0.0127128 -0.835275
v 0.991992 -0.114797 0.261895
v 0.937235 -0.418959 0.29446
v 0.936321 -0.418959 -0.799382
v 0.995141 0.135634 0.170968
v 0.972097 0.182461 0.174909
v 0.982321 0.116354 0.214756
v 0.995149 0.135566 0.0655338
v 0.972097 0.182461 0.0484474
v 0.982322 0.116342 0.00859988
v 0.88013 0.310423 0.316897
v 0.633847 0.733006 0.414738
v 0.877598 0.313922 0.399771
v 0.631937 0.733828 0.463376
v 0.650899 0.7078 1.01632
v 0.614226 0.739297 1.05518
v 0.691799 0.633882 1.11802
v 0.635088 0.731071 0.819805
v 0.568914 0.764564 0.819805
v 0.867054 0.346272 1.24635
v 0.855221 0.343439 1.31665
v 0.958381 0.211444 1.25625
v 0.993813 -0.114797 0.986957
v 0.936724 -0.418959 0.920666
v 0.991992 -0.114797 0.269576
v 0.937235 -0.418959 0.302141
v 0.993813 0.0128717 1.10232
v 0.877598 0.313922 0.399771
v 0.88013 0.310423 0.316897
v 0.973771 0.183451 0.294509
v 0.631937 0.733828 0.463376
v 0.633847 0.733006 0.414738
v 0.56545 0.767821 0.416627
v 0.666795 0.655622 1.19203
v 0.983349 0.0150415 0.281404
v 0.981628 0.117912 0.9186
v 0.971403 0.184031 0.958447
v 0.994454 0.137135 0.975534
v 0.971403 0.184031 1.08491
v 0.994447 0.137203 1.08097
v 0.981627 0.117923 1.12476
v 0.414568 -0.10933 -2.40382
v 0.384199 -0.106484 -2.45186
v 0.414568 -0.0829895 -2.41929
v -0.430604 -0.0829895 -2.41929
v -0.400235 -0.106484 -2.45186
v -0.430604 -0.10933 -2.40382
v -0.268925 0.121056 -2.41351
v -0.41455 0.13352 -2.36186
v -0.268593 0.137604 -2.3895
v -0.40355 0.116972 -2.39177
v -0.440085 0.104468 -2.3658
v -0.269531 -0.0871978 -2.48634
v -0.400227 -0.106484 -2.45186
v -0.400227 -0.0846983 -2.45632
v -0.269531 -0.108984 -2.48188
v -0.44777 0.0724756 -2.37592
v -0.430596 -0.0829895 -2.41929
v 0.252567 0.137604 -2.3895
v 0.398521 0.13352 -2.36186
v 0.2529 0.121056 -2.41351
v 0.424056 0.104468 -2.3658
v 0.387522 0.116972 -2.39177
v 0.384199 -0.0846983 -2.45632
v 0.384199 -0.106484 -2.45186
v 0.253506 -0.0871978 -2.48634
v 0.253506 -0.108984 -2.48188
v 0.431741 0.0724756 -2.37592
v 0.414568 -0.0829895 -2.41929
v -0.430596 -0.0829895 -2.41929
v -0.833363 -0.0829895 -2.3271
v -0.44777 0.0724756 -2.37592
v -0.826782 0.067977 -2.28502
v 0.431741 0.0724756 -2.37592
v 0.817326 -0.0829895 -2.3271
v 0.414568 -0.0829895 -2.41929
v 0.810746 0.067977 -2.28502
v -0.888027 0.067977 -2.22141
v -0.92776 -0.0816231 -2.10424
v -0.928013 0.067977 -2.05315
v 0.911975 0.067977 -2.05315
v 0.911721 -0.0816231 -2.10424
v 0.87199 0.067977 -2.22141
v -0.826782 0.067977 -2.28502
v -0.833363 -0.0829895 -2.3271
v -0.887912 -0.0839893 -2.27808
v 0.817326 -0.0829895 -2.3271
v 0.810746 0.067977 -2.28502
v 0.871874 -0.0839893 -2.27808
v -0.748333 0.245438 2.62663
v -0.746255 0.197941 2.65164
v -0.639878 0.196948 2.66627
v -0.656278 0.27664 2.64138
v -0.825583 0.196955 2.59752
v -0.673435 0.324107 2.59752
v -0.756937 0.304924 2.57147
v -0.863026 0.203247 2.50976
v -0.893598 0.0125594 2.50193
v -0.844501 0.0125563 2.61539
v -0.738209 0.0125594 2.66831
v -0.61204 0.0125594 2.68103
v 0.623869 0.196948 2.66627
v 0.730248 0.197941 2.65164
v 0.732326 0.245438 2.62663
v 0.64027 0.27664 2.64138
v 0.809578 0.196955 2.59752
v 0.740931 0.304924 2.57147
v 0.657426 0.324107 2.59752
v 0.847021 0.203247 2.50976
v 0.828496 0.0125563 2.61539
v 0.877594 0.0125594 2.50193
v 0.722202 0.0125594 2.66831
v 0.596031 0.0125594 2.68103
v -0.400227 -0.0846983 -2.45632
v -0.268925 0.121056 -2.41351
v -0.269531 -0.0871978 -2.48634
v -0.40355 0.116972 -2.39177
v 0.253506 -0.0871978 -2.48634
v 0.2529 0.121056 -2.41351
v 0.384199 -0.0846983 -2.45632
v 0.387522 0.116972 -2.39177
v 0.408339 -0.440947 2.3742
v 0.44315 -0.462437 2.3742
v 0.408339 -0.446278 2.63259
v 0.44315 -0.465566 2.63259
v 0.477961 -0.443344 2.3742
v 0.477961 -0.448141 2.62253
v 0.477961 -0.399761 2.3742
v 0.477961 -0.408347 2.62253
v 0.44315 -0.380668 2.3742
v 0.44315 -0.390922 2.63259
v 0.408339 -0.402158 2.3742
v 0.408339 -0.41021 2.63259
v -0.630451 0.389406 1.66714
v -0.622043 0.701296 1.22157
v -0.806464 0.364269 1.61798
v -0.295871 0.712104 1.25178
v -0.303085 0.399403 1.6958
v 0.790428 0.364269 1.61798
v 0.60601 0.701296 1.22157
v 0.614419 0.389406 1.66714
v 0.279844 0.712104 1.25178
v 0.287059 0.399403 1.6958
v -0.880771 0.265303 -0.571771
v -0.695122 0.649217 -0.23396
v -0.812446 0.408271 -0.590243
v -0.87469 0.297795 0.231858
v -0.658352 0.690458 -0.124562
v -0.624196 0.717452 0.0603975
v -0.631404 0.722701 0.354995
v -0.857566 0.336644 1.21649
v -0.680029 0.624253 1.11542
v -0.86811 0.304294 0.399771
v -0.638853 0.698171 1.01632
v -0.630133 0.721443 0.819805
v -0.626948 0.7242 0.463376
v 0.796453 0.408271 -0.590243
v 0.679126 0.649217 -0.23396
v 0.864781 0.265303 -0.571771
v 0.8587 0.297795 0.231858
v 0.642354 0.690458 -0.124562
v 0.608197 0.717452 0.0603975
v 0.615406 0.722701 0.354995
v 0.85212 0.304294 0.399771
v 0.664032 0.624253 1.11542
v 0.841575 0.336644 1.21649
v 0.622854 0.698171 1.01632
v 0.614134 0.721443 0.819805
v 0.610949 0.7242 0.463376
v -0.648511 0.68084 -0.25584
v -0.570671 0.305424 -0.931481
v -0.833363 0.297426 -0.83785
v -0.269531 0.312422 -0.986941
v -0.295871 0.703836 -0.279246
v 0.817326 0.297426 -0.83785
v 0.554639 0.305424 -0.931481
v 0.632478 0.68084 -0.25584
v 0.253506 0.312422 -0.986941
v 0.279844 0.703836 -0.279246
v -0.269531 -0.384423 -2.46764
v -0.805018 -0.296942 -2.38358
v -0.29332 -0.296988 -2.46764
v -0.7377 -0.384922 -2.38206
v 0.277294 -0.296988 -2.46764
v 0.788982 -0.296942 -2.38358
v 0.253505 -0.384423 -2.46764
v 0.721666 -0.384922 -2.38206
v 0.277294 -0.296988 -2.46764
v 0.253505 -0.384423 -2.46764
v -0.29332 -0.296988 -2.46764
v -0.269531 -0.384423 -2.46764
v -0.873348 -0.297442 -2.27521
v -0.875373 -0.445409 -1.94812
v -0.931049 -0.265449 -1.93744
v -0.830325 -0.430912 -2.24467
v -0.845004 -0.463905 -1.94812
v -0.774143 -0.444409 -2.27418
v -0.802487 -0.429912 -2.31031
v -0.845004 -0.296942 -2.35814
v -0.764526 -0.429912 -2.33169
v -0.7377 -0.443409 -2.29454
v -0.882966 -0.256451 -2.32151
v -0.870818 -0.118482 -2.40598
v -0.854115 -0.256451 -2.41717
v -0.903211 -0.116982 -2.30675
v -0.931049 -0.265449 -1.93744
v -0.971036 -0.114798 -1.83007
v 0.915011 -0.265449 -1.93744
v 0.859335 -0.445409 -1.94812
v 0.857311 -0.297442 -2.27521
v 0.814289 -0.430912 -2.24467
v 0.828968 -0.463905 -1.94812
v 0.758108 -0.444409 -2.27418
v 0.786452 -0.429912 -2.31031
v 0.828968 -0.296942 -2.35814
v 0.748491 -0.429912 -2.33169
v 0.721666 -0.443409 -2.29454
v 0.838078 -0.256451 -2.41717
v 0.854781 -0.118482 -2.40598
v 0.866928 -0.256451 -2.32151
v 0.887174 -0.116982 -2.30675
v 0.915011 -0.265449 -1.93744
v 0.954997 -0.114798 -1.83007
v -0.92776 -0.0816231 -2.10424
v -0.903211 -0.116982 -2.30675
v -0.971036 -0.114798 -1.83007
v 0.954997 -0.114798 -1.83007
v 0.887174 -0.116982 -2.30675
v 0.911721 -0.0816231 -2.10424
v -0.887912 -0.0839893 -2.27808
v -0.870818 -0.118482 -2.40598
v -0.833363 -0.0829895 -2.3271
v 0.871874 -0.0839893 -2.27808
v 0.854781 -0.118482 -2.40598
v 0.817326 -0.0829895 -2.3271
v -0.845004 -0.296942 -2.35814
v -0.882966 -0.256451 -2.32151
v -0.854115 -0.256451 -2.41717
v -0.873348 -0.297442 -2.27521
v -0.931049 -0.265449 -1.93744
v 0.838078 -0.256451 -2.41717
v 0.866928 -0.256451 -2.32151
v 0.828968 -0.296942 -2.35814
v 0.857311 -0.297442 -2.27521
v 0.915011 -0.265449 -1.93744
v -0.805018 -0.296942 -2.38358
v -0.7377 -0.384922 -2.38206
v -0.764526 -0.429912 -2.33169
v -0.845004 -0.296942 -2.35814
v -0.764526 -0.429912 -2.33169
v -0.802487 -0.429912 -2.31031
v -0.805018 -0.296942 -2.38358
v -0.854115 -0.256451 -2.41717
v -0.830832 -0.118981 -2.43549
v -0.814129 -0.256451 -2.44566
v -0.870818 -0.118482 -2.40598
v -0.764526 -0.429912 -2.33169
v -0.269531 -0.44041 -2.38266
v -0.7377 -0.443409 -2.29454
v -0.269531 -0.427413 -2.42591
v -0.269531 -0.384423 -2.46764
v -0.7377 -0.384922 -2.38206
v -0.269531 -0.118981 -2.54752
v -0.269531 -0.256451 -2.56025
v 0.748491 -0.429912 -2.33169
v 0.721666 -0.384922 -2.38206
v 0.788982 -0.296942 -2.38358
v 0.786452 -0.429912 -2.31031
v 0.748491 -0.429912 -2.33169
v 0.828968 -0.296942 -2.35814
v 0.788982 -0.296942 -2.38358
v 0.798093 -0.256451 -2.44566
v 0.814796 -0.118981 -2.43549
v 0.838078 -0.256451 -2.41717
v 0.854781 -0.118482 -2.40598
v 0.721666 -0.443409 -2.29454
v 0.253505 -0.44041 -2.38266
v 0.748491 -0.429912 -2.33169
v 0.253505 -0.427413 -2.42591
v 0.253505 -0.384423 -2.46764
v 0.721666 -0.384922 -2.38206
v 0.253505 -0.118981 -2.54752
v 0.253505 -0.256451 -2.56025
v -0.833363 -0.0829895 -2.3271
v -0.830832 -0.118981 -2.43549
v -0.870818 -0.118482 -2.40598
v 0.854781 -0.118482 -2.40598
v 0.814796 -0.118981 -2.43549
v 0.817326 -0.0829895 -2.3271
v -0.269531 -0.118981 -2.54752
v -0.400227 -0.106484 -2.45186
v -0.269531 -0.108984 -2.48188
v 0.253505 -0.108984 -2.48188
v 0.253505 -0.118981 -2.54752
v -0.430596 -0.0829895 -2.41929
v 0.384199 -0.106484 -2.45186
v 0.414568 -0.0829895 -2.41929
v -0.805018 -0.296942 -2.38358
v -0.854115 -0.256451 -2.41717
v -0.814129 -0.256451 -2.44566
v -0.845004 -0.296942 -2.35814
v 0.798093 -0.256451 -2.44566
v 0.838078 -0.256451 -2.41717
v 0.788982 -0.296942 -2.38358
v 0.828968 -0.296942 -2.35814
v -0.29332 -0.296988 -2.46764
v -0.269531 -0.256451 -2.56025
v 0.277294 -0.296988 -2.46764
v 0.253505 -0.256451 -2.56025
v -0.440085 0.104468 -2.35791
v -0.470684 0.246595 -1.56766
v -0.41455 0.13352 -2.354
v -0.50873 0.23198 -1.55672
v -0.573708 0.304924 -0.930971
v 0.398521 0.13352 -2.354
v 0.454654 0.246595 -1.56766
v 0.424056 0.104468 -2.35791
v 0.4927 0.23198 -1.55672
v 0.557677 0.304924 -0.930971
v -0.470684 0.246595 -1.56766
v -0.573708 0.304924 -0.930971
v -0.269531 0.312422 -0.986941
v -0.818367 0.0995936 -2.25378
v -0.50873 0.23198 -1.55672
v -0.440085 0.104468 -2.35791
v -0.825385 0.207984 -1.54959
v -0.825385 0.297426 -0.83785
v -0.271834 0.252201 -1.56766
v -0.41455 0.13352 -2.354
v -0.268593 0.137604 -2.38141
v 0.253506 0.312422 -0.986941
v 0.557677 0.304924 -0.930971
v 0.454654 0.246595 -1.56766
v 0.424056 0.104468 -2.35791
v 0.4927 0.23198 -1.55672
v 0.802331 0.0995936 -2.25378
v 0.809349 0.207984 -1.54959
v 0.809349 0.297426 -0.83785
v 0.255808 0.252201 -1.56766
v 0.252567 0.137604 -2.38141
v 0.398521 0.13352 -2.354
v -0.440085 0.304927 -2.21598
v -0.470684 0.430267 -1.56766
v -0.41455 0.333979 -2.21207
v -0.50873 0.415651 -1.55672
v -0.573708 0.304924 -0.930971
v 0.398521 0.250402 -2.29556
v 0.454654 0.355129 -1.56766
v 0.424056 0.22135 -2.29947
v 0.4927 0.340513 -1.55672
v 0.557677 0.304924 -0.930971
v -0.470684 0.430267 -1.56766
v -0.573708 0.304924 -0.930971
v -0.269531 0.312422 -0.986941
v -0.818367 0.145512 -2.25378
v -0.50873 0.415651 -1.55672
v -0.440085 0.304927 -2.21598
v -0.825385 0.391656 -1.54959
v -0.825385 0.297426 -0.83785
v -0.271834 0.435873 -1.56766
v -0.41455 0.333979 -2.21207
v -0.268593 0.223945 -2.2854
v 0.253506 0.312422 -0.986941
v 0.557677 0.304924 -0.930971
v 0.454654 0.355129 -1.56766
v 0.424056 0.22135 -2.29947
v 0.4927 0.340513 -1.55672
v 0.802331 0.216476 -2.19534
v 0.809349 0.391656 -1.54959
v 0.809349 0.297426 -0.83785
v 0.255808 0.360734 -1.56766
v 0.252567 0.254486 -2.32297
v 0.398521 0.250402 -2.29556
v -0.198044 -0.488676 -2.46764
v -0.805018 -0.296942 -2.38358
v -0.23354 -0.40619 -2.46764
v -0.7377 -0.384922 -2.38206
v 0.273799 -0.372524 -2.46764
v 0.780435 -0.456506 -2.38358
v 0.247519 -0.438099 -2.46764
v 0.705817 -0.537033 -2.38206
v 0.273799 -0.372524 -2.46764
v 0.247519 -0.438099 -2.46764
v -0.23354 -0.40619 -2.46764
v -0.198044 -0.488676 -2.46764
v -0.873348 -0.297442 -2.27521
v -0.875373 -0.445409 -1.94812
v -0.931049 -0.265449 -1.93744
v -0.830325 -0.430912 -2.24467
v -0.845004 -0.463905 -1.94812
v -0.774143 -0.444409 -2.27418
v -0.802487 -0.429912 -2.31031
v -0.845004 -0.296942 -2.35814
v -0.764526 -0.429912 -2.33169
v -0.7377 -0.443409 -2.29454
v -0.882966 -0.256451 -2.32151
v -0.870818 -0.118482 -2.40598
v -0.854115 -0.256451 -2.41717
v -0.903211 -0.116982 -2.30675
v -0.931049 -0.265449 -1.93744
v -0.971036 -0.114798 -1.83007
v 0.908616 -0.43836 -1.93744
v 0.837631 -0.611669 -1.94812
v 0.848411 -0.464162 -2.27521
v 0.794042 -0.592519 -2.24467
v 0.805802 -0.6269 -1.94812
v 0.736949 -0.600069 -2.27418
v 0.766419 -0.588606 -2.31031
v 0.820239 -0.460695 -2.35814
v 0.72863 -0.584629 -2.33169
v 0.700759 -0.595255 -2.29454
v 0.83281 -0.421342 -2.41717
v 0.861368 -0.285749 -2.40598
v 0.861529 -0.424365 -2.32151
v 0.893743 -0.28765 -2.30675
v 0.908616 -0.43836 -1.93744
v 0.961447 -0.292582 -1.83007
v -0.92776 -0.0816231 -2.10424
v -0.903211 -0.116982 -2.30675
v -0.971036 -0.114798 -1.83007
v 0.961447 -0.292582 -1.83007
v 0.893743 -0.28765 -2.30675
v 0.921237 -0.255024 -2.10424
v -0.887912 -0.0839893 -2.27808
v -0.870818 -0.118482 -2.40598
v -0.833363 -0.0829895 -2.3271
v 0.881366 -0.253204 -2.27808
v 0.861368 -0.285749 -2.40598
v 0.827152 -0.246494 -2.3271
v -0.845004 -0.296942 -2.35814
v -0.882966 -0.256451 -2.32151
v -0.854115 -0.256451 -2.41717
v -0.873348 -0.297442 -2.27521
v -0.931049 -0.265449 -1.93744
v 0.83281 -0.421342 -2.41717
v 0.861529 -0.424365 -2.32151
v 0.820239 -0.460695 -2.35814
v 0.848411 -0.464162 -2.27521
v 0.908616 -0.43836 -1.93744
v -0.805018 -0.296942 -2.38358
v -0.7377 -0.384922 -2.38206
v -0.764526 -0.429912 -2.33169
v -0.845004 -0.296942 -2.35814
v -0.764526 -0.429912 -2.33169
v -0.802487 -0.429912 -2.31031
v -0.805018 -0.296942 -2.38358
v -0.854115 -0.256451 -2.41717
v -0.830832 -0.118981 -2.43549
v -0.814129 -0.256451 -2.44566
v -0.870818 -0.118482 -2.40598
v -0.764526 -0.429912 -2.33169
v -0.190374 -0.544022 -2.38266
v -0.7377 -0.443409 -2.29454
v -0.192155 -0.531174 -2.42591
v -0.198044 -0.488676 -2.46764
v -0.7377 -0.384922 -2.38206
v -0.23441 -0.22627 -2.54752
v -0.215577 -0.362168 -2.56025
v 0.72863 -0.584629 -2.33169
v 0.705817 -0.537033 -2.38206
v 0.780435 -0.456506 -2.38358
v 0.766419 -0.588606 -2.31031
v 0.72863 -0.584629 -2.33169
v 0.820239 -0.460695 -2.35814
v 0.780435 -0.456506 -2.38358
v 0.793006 -0.417153 -2.44566
v 0.821522 -0.282058 -2.43549
v 0.83281 -0.421342 -2.41717
v 0.861368 -0.285749 -2.40598
v 0.700759 -0.595255 -2.29454
v 0.245003 -0.494017 -2.38266
v 0.72863 -0.584629 -2.33169
v 0.245587 -0.481036 -2.42591
v 0.247519 -0.438099 -2.46764
v 0.705817 -0.537033 -2.38206
v 0.261036 -0.193151 -2.54752
v 0.252564 -0.330304 -2.56025
v -0.833363 -0.0829895 -2.3271
v -0.830832 -0.118981 -2.43549
v -0.870818 -0.118482 -2.40598
v 0.861368 -0.285749 -2.40598
v 0.821522 -0.282058 -2.43549
v 0.827152 -0.246494 -2.3271
v -0.23441 -0.22627 -2.54752
v -0.365324 -0.23561 -2.45186
v -0.23578 -0.216387 -2.48188
v 0.261653 -0.183176 -2.48188
v 0.261036 -0.193151 -2.54752
v -0.398565 -0.217425 -2.41929
v 0.392199 -0.190442 -2.45186
v 0.423946 -0.169269 -2.41929
v -0.805018 -0.296942 -2.38358
v -0.854115 -0.256451 -2.41717
v -0.814129 -0.256451 -2.44566
v -0.845004 -0.296942 -2.35814
v 0.793006 -0.417153 -2.44566
v 0.83281 -0.421342 -2.41717
v 0.780435 -0.456506 -2.38358
v 0.820239 -0.460695 -2.35814
v -0.23354 -0.40619 -2.46764
v -0.215577 -0.362168 -2.56025
v 0.273799 -0.372524 -2.46764
v 0.252564 -0.330304 -2.56025
v -0.30132 0.399403 1.6958
v -0.758395 0.361254 2.07893
v -0.28514 0.381512 2.10059
v -0.626728 0.389406 1.66714
v -0.801687 0.364269 1.61798
v -0.669454 0.324107 2.59752
v -0.267967 0.328153 2.60737
v -0.6524 0.27664 2.64138
v -0.636098 0.203327 2.66627
v -0.267948 0.207827 2.6673
v -0.268425 0.286265 2.65112
v 0.269114 0.381512 2.10059
v 0.74236 0.361254 2.07893
v 0.285294 0.399403 1.6958
v 0.610696 0.389406 1.66714
v 0.785652 0.364269 1.61798
v 0.653421 0.324107 2.59752
v 0.251941 0.328153 2.60737
v 0.636368 0.27664 2.64138
v 0.252399 0.286265 2.65112
v 0.251922 0.207827 2.6673
v 0.620065 0.203327 2.66627
v -0.557026 -0.0819897 2.80569
v -0.242842 -0.0814898 2.66576
v -0.557026 -0.0814898 2.65916
v -0.242842 -0.0819897 2.81434
v -0.839836 -0.30234 2.63394
v -0.838933 -0.425413 2.11189
v -0.768166 -0.362177 2.6026
v -0.898658 -0.339432 2.13632
v -0.875373 -0.445409 1.85612
v 0.540995 -0.0814898 2.65916
v 0.226817 -0.0814898 2.66576
v 0.540995 -0.0819897 2.80569
v 0.226817 -0.0819897 2.81434
v 0.752131 -0.362177 2.6026
v 0.822896 -0.425413 2.11189
v 0.8238 -0.30234 2.63394
v 0.882621 -0.339432 2.13632
v 0.859335 -0.445409 1.85612
v -0.703791 -0.292942 2.78585
v -0.235094 -0.34943 2.72784
v -0.243192 -0.290943 2.80875
v -0.691156 -0.35243 2.70648
v -0.768166 -0.362177 2.6026
v -0.839836 -0.30234 2.63394
v 0.227167 -0.290943 2.80875
v 0.219069 -0.34943 2.72784
v 0.687757 -0.292942 2.78585
v 0.675122 -0.35243 2.70648
v 0.752131 -0.362177 2.6026
v 0.8238 -0.30234 2.63394
v -0.589926 -0.0559955 2.78331
v -0.557026 -0.0814898 2.65916
v -0.605617 -0.0100058 2.67697
v -0.557026 -0.0819897 2.80569
v -0.881189 -0.0559955 2.61543
v -0.948262 -0.0829895 2.13632
v -0.894703 -0.0819897 2.62003
v -0.897604 -0.00887547 2.50414
v -0.845523 -0.0100058 2.62118
v 0.589585 -0.0100058 2.67697
v 0.540995 -0.0814898 2.65916
v 0.573894 -0.0559955 2.78331
v 0.540995 -0.0819897 2.80569
v 0.878665 -0.0819897 2.62003
v 0.932223 -0.0829895 2.13632
v 0.865152 -0.0559955 2.61543
v 0.881566 -0.00887547 2.50414
v 0.829487 -0.0100058 2.62118
v -0.751876 -0.0559955 2.766
v -0.739728 -0.0100058 2.66424
v -0.751876 -0.0819897 2.78686
v -0.589926 -0.0559955 2.78331
v -0.557026 -0.0819897 2.80569
v -0.605617 -0.0100058 2.67697
v 0.735841 -0.0559955 2.766
v 0.723693 -0.0100058 2.66424
v 0.735841 -0.0819897 2.78686
v 0.540995 -0.0819897 2.80569
v 0.573894 -0.0559955 2.78331
v 0.589585 -0.0100058 2.67697
v -0.898658 -0.339432 2.13632
v -0.894703 -0.0819897 2.62003
v -0.948262 -0.0829895 2.13632
v -0.839836 -0.30234 2.63394
v -0.931049 -0.265449 1.84544
v -0.971036 -0.114798 1.73808
v -0.875373 -0.445409 1.85612
v 0.932223 -0.0829895 2.13632
v 0.878665 -0.0819897 2.62003
v 0.882621 -0.339432 2.13632
v 0.8238 -0.30234 2.63394
v 0.915011 -0.265449 1.84544
v 0.954997 -0.114798 1.73808
v 0.859335 -0.445409 1.85612
v -0.703791 -0.292942 2.78585
v -0.894703 -0.0819897 2.62003
v -0.839836 -0.30234 2.63394
v -0.751876 -0.0819897 2.78686
v -0.557026 -0.0819897 2.80569
v -0.243192 -0.290943 2.80875
v -0.242842 -0.0819897 2.81434
v 0.8238 -0.30234 2.63394
v 0.878665 -0.0819897 2.62003
v 0.687757 -0.292942 2.78585
v 0.735841 -0.0819897 2.78686
v 0.540995 -0.0819897 2.80569
v 0.227167 -0.290943 2.80875
v 0.226817 -0.0819897 2.81434
v -0.30132 0.399403 1.6958
v -0.758395 0.46914 2.07893
v -0.28514 0.410671 2.10059
v -0.626728 0.389406 1.66714
v -0.801687 0.364269 1.61798
v -0.669454 0.431994 2.59752
v -0.267967 0.357311 2.60737
v -0.6524 0.384527 2.64138
v -0.636098 0.311214 2.66627
v -0.267948 0.236986 2.6673
v -0.268425 0.315424 2.65112
v 0.269114 0.410671 2.10059
v 0.74236 0.46914 2.07893
v 0.285294 0.399403 1.6958
v 0.610696 0.389406 1.66714
v 0.785652 0.364269 1.61798
v 0.653421 0.431994 2.59752
v 0.251941 0.357311 2.60737
v 0.636368 0.384527 2.64138
v 0.252399 0.315424 2.65112
v 0.251922 0.236986 2.6673
v 0.620065 0.311214 2.66627
v -0.670508 -0.124562 2.84438
v -0.335852 -0.0696204 2.72336
v -0.654044 -0.124065 2.69877
v -0.352544 -0.0701175 2.871
v -0.953903 -0.313738 2.6396
v -0.870537 -0.436215 2.11189
v -0.885868 -0.380825 2.61573
v -0.920825 -0.344394 2.13632
v -0.875373 -0.445409 1.85612
v 0.413981 -0.240295 2.78713
v 0.119752 -0.119336 2.67392
v 0.397517 -0.240792 2.93274
v 0.103059 -0.119833 2.82156
v 0.599418 -0.541755 2.75112
v 0.802439 -0.612127 2.38933
v 0.689978 -0.489841 2.82487
v 0.867763 -0.532951 2.42127
v 0.864986 -0.635867 2.13899
v -0.835498 -0.318793 2.80581
v -0.363332 -0.336875 2.78273
v -0.374243 -0.27786 2.86292
v -0.82038 -0.379284 2.72764
v -0.885868 -0.380825 2.61573
v -0.953903 -0.313738 2.6396
v 0.0820516 -0.327649 2.81356
v 0.0769593 -0.384951 2.73156
v 0.522569 -0.466095 2.92687
v 0.512716 -0.523911 2.84588
v 0.599418 -0.541755 2.75112
v 0.689978 -0.489841 2.82487
v -0.697776 -0.0952309 2.81878
v -0.654044 -0.124065 2.69877
v -0.696533 -0.0478386 2.7119
v -0.670508 -0.124562 2.84438
v -0.96678 -0.0643994 2.61952
v -0.943004 -0.0841418 2.13632
v -0.983382 -0.0888171 2.62227
v -0.965578 -0.0158065 2.50765
v -0.927344 -0.0224434 2.62975
v 0.467519 -0.174356 2.81108
v 0.413981 -0.240295 2.78713
v 0.435266 -0.218427 2.91447
v 0.397517 -0.240792 2.93274
v 0.768929 -0.276536 2.81976
v 0.943751 -0.2832 2.42984
v 0.758825 -0.249257 2.814
v 0.792466 -0.20414 2.70579
v 0.727777 -0.199751 2.81629
v -0.855864 -0.0780878 2.78354
v -0.827627 -0.0336424 2.68432
v -0.860935 -0.103936 2.80396
v -0.697776 -0.0952309 2.81878
v -0.670508 -0.124562 2.84438
v -0.696533 -0.0478386 2.7119
v 0.597229 -0.235569 2.9153
v 0.601459 -0.188552 2.81338
v 0.592159 -0.261417 2.93573
v 0.397517 -0.240792 2.93274
v 0.435266 -0.218427 2.91447
v 0.467519 -0.174356 2.81108
v -0.920825 -0.344394 2.13632
v -0.983382 -0.0888171 2.62227
v -0.943004 -0.0841418 2.13632
v -0.953903 -0.313738 2.6396
v -0.931049 -0.265449 1.84544
v -0.971036 -0.114798 1.73808
v -0.875373 -0.445409 1.85612
v 0.943751 -0.2832 2.42984
v 0.768929 -0.276536 2.81976
v 0.867763 -0.532951 2.42127
v 0.689978 -0.489841 2.82487
v 0.940126 -0.462812 2.13671
v 1.00751 -0.31724 2.03626
v 0.864986 -0.635867 2.13899
v -0.835498 -0.318793 2.80581
v -0.983382 -0.0888171 2.62227
v -0.953903 -0.313738 2.6396
v -0.860935 -0.103936 2.80396
v -0.670508 -0.124562 2.84438
v -0.374243 -0.27786 2.86292
v -0.352544 -0.0701175 2.871
v 0.689978 -0.489841 2.82487
v 0.768929 -0.276536 2.81976
v 0.522569 -0.466095 2.92687
v 0.592159 -0.261417 2.93573
v 0.397517 -0.240792 2.93274
v 0.0820516 -0.327649 2.81356
v 0.103059 -0.119833 2.82156
v 0.119752 -0.119336 2.67392
v -0.335852 -0.0696204 2.72336
v 0.103059 -0.119833 2.82156
v -0.352544 -0.0701175 2.871
v -0.363332 -0.336875 2.78273
v 0.0820516 -0.327649 2.81356
v -0.374243 -0.27786 2.86292
v 0.0769593 -0.384951 2.73156
v 0.103059 -0.119833 2.82156
v -0.374243 -0.27786 2.86292
v 0.0820516 -0.327649 2.81356
v -0.352544 -0.0701175 2.871


vn 0.100518 -0.988825 -0.11016
vn 0.0700606 -0.995106 -0.0697247
vn 0.0612319 -0.991925 -0.111075
vn 0.0437058 -0.997859 -0.0487323
vn 0.011325 -0.99981 -0.0162586
vn 0.013048 -0.998743 -0.0485001
vn 0.0121018 -0.998531 -0.0528685
vn -0.0612296 -0.99193 -0.111075
vn -0.0700576 -0.995108 -0.0697246
vn -0.100514 -0.988824 -0.11016
vn -0.0437039 -0.997858 -0.048732
vn -0.0113246 -0.999809 -0.0162584
vn -0.0130475 -0.99874 -0.0484999
vn -0.00403387 -0.998371 -0.0570445
vn -0 -0.998258 -0.0591306
vn -0 -0.999937 -0.011791
vn -0 -0.99937 0.0356816
vn -0 -0.996561 0.0829675
vn -0 -0.99656 0.0829674
vn -0 -0.999194 -0.0402653
vn -0 -0.999194 -0.0402653
vn -0 -0.999196 -0.0402653
vn -0 -0.999193 -0.0402652
vn -0 -1.00001 0
vn -0 -1.00001 0
vn -0 -1.00001 0
vn -0 -1.00001 0
vn -0.928136 -0.0192417 -0.371753
vn -0.922225 0.00586594 -0.386622
vn -0.928136 -0.0192417 -0.371753
vn -0.933226 -0.0443324 -0.356556
vn 0.315588 -0.146795 -0.937478
vn 0.212761 -0.154375 -0.964836
vn 0.343925 -0.11575 -0.931848
vn 0.0964703 -0.170281 -0.980663
vn -0.159775 -0.157549 -0.974507
vn -0.144876 -0.172738 -0.974256
vn -0.315578 -0.146807 -0.937478
vn -0.343913 -0.115766 -0.93185
vn 0.928142 -0.0191938 -0.371743
vn 0.928142 -0.0191938 -0.371743
vn 0.922225 0.00591786 -0.386612
vn 0.933237 -0.0442885 -0.356545
vn -0 -0.275376 0.961344
vn 0.00483083 -0.46067 0.887561
vn -0 -0.275375 0.961341
vn -0 -0.532059 0.84671
vn 0.00473892 -0.651601 0.758548
vn 0.018936 -0.610278 0.791965
vn -0 -0.684722 0.728812
vn -0 -0.823975 0.566629
vn -0 -0.917925 0.39677
vn -0 -1.00001 0.00028999
vn -0 -1.00001 0.000289608
vn -0 -0.895746 -0.444584
vn -0 -0.895744 -0.444584
vn -0 -0.613378 -0.789796
vn -0 -0.613378 -0.789796
vn -0 -0.298488 -0.954419
vn -0 -0.150999 -0.988538
vn -0 -0.00343265 -0.999998
vn -0 -0.00343265 -0.999999
vn -0 -0.275376 0.961344
vn -0.00483065 -0.460671 0.887562
vn -0 -0.275376 0.961343
vn -0 -0.532058 0.846709
vn -0.0189353 -0.610283 0.79197
vn -0.00473874 -0.651601 0.758549
vn -0 -0.684722 0.728811
vn -0 -0.823977 0.56663
vn -0 -0.91792 0.396768
vn -0 -1.00001 0.000290803
vn -0 -1 0.000290632
vn -0 -0.895743 -0.444583
vn -0 -0.895743 -0.444582
vn -0 -0.613376 -0.789794
vn -0 -0.613377 -0.789794
vn -0 -0.150999 -0.988537
vn -0 -0.298487 -0.954417
vn -0 -0.00343264 -0.999995
vn -0 -0.00343264 -0.999996
vn -0 -0.998399 -0.0566587
vn -0 -0.998401 -0.0566588
vn -0 -0.998403 -0.056659
vn -0 -0.998397 -0.0566586
vn -0 -0.998398 -0.0566587
vn -0 -0.998397 -0.0566586
vn -0.999972 0.00721942 -0.00411112
vn -0.999972 0.00721942 -0.00411112
vn -1 2.01079e-006 3.35817e-007
vn -0.999865 0.0144363 -0.00822227
vn 0.999972 0.00721965 -0.0041114
vn 0.999972 0.00721965 -0.0041114
vn 0.999865 0.0144368 -0.00822273
vn 1 1.91052e-006 2.51863e-007
vn -0 -1.00001 0
vn -0 -1.00001 0
vn -0 -1.00001 0
vn -0 -1.00001 0
vn -0.00463891 -0.992651 0.120953
vn -0.0139162 -0.991581 0.128749
vn -0.00695837 -0.992395 0.122904
vn 0.004639 -0.992651 0.120953
vn 0.0139165 -0.991581 0.128749
vn 0.00695856 -0.992399 0.122904
vn -0.00235958 -0.996837 0.0794849
vn 0.0330947 -0.997951 0.054765
vn 0.0395023 -0.996501 0.0737131
vn 0.020122 -0.999524 0.0234791
vn 0.0183894 -0.999811 0.00726794
vn 0.0121013 -0.999896 0.00827955
vn 0.00488884 -0.999784 0.020508
vn -0.000841065 -1 0.000335562
vn -0.00173489 -0.999868 -0.0162304
vn 0.00099524 -0.999455 -0.0330507
vn -0.000578939 -0.999623 -0.0275277
vn -0.0395008 -0.996499 0.073713
vn -0.0330938 -0.997958 0.0547653
vn 0.00235949 -0.996834 0.0794846
vn -0.0201213 -0.999524 0.0234791
vn -0.0183887 -0.999812 0.00726794
vn -0.0121008 -0.999895 0.00827954
vn -0.00488862 -0.99978 0.0205079
vn 0.000841007 -1.00001 0.000335536
vn 0.00173481 -0.999868 -0.0162305
vn -0.000995207 -0.999458 -0.0330508
vn 0.000578919 -0.999625 -0.0275277
vn -0 -0.999634 -0.0274334
vn -0 -0.999634 -0.0274334
vn -0 -0.99963 -0.0274333
vn -0 -0.999637 -0.0274335
vn 0.948966 -0.0246693 0.314422
vn 0.948966 -0.0246693 0.314422
vn 0.949127 -0.0238283 0.313995
vn 0.948804 -0.0255103 0.31485
vn -0.949127 -0.023868 0.314006
vn -0.948966 -0.0247115 0.314435
vn -0.948966 -0.0247115 0.314435
vn -0.948804 -0.025555 0.314863
vn -0 -0.343985 -0.938981
vn -0.0109069 -0.578856 -0.815359
vn -0 -0.343986 -0.938985
vn 0.0181492 -0.600293 -0.799577
vn 0.0532739 -0.698362 -0.713769
vn 0.011066 -0.849432 -0.527596
vn -0.0183927 -0.826945 -0.561991
vn -0.0532436 -0.698365 -0.713767
vn -0 -1 -0.000290499
vn -0 -1 -0.000290644
vn -0 -0.895745 0.444583
vn -0 -0.895744 0.444583
vn -0 -0.667566 0.744552
vn -0 -0.556133 0.831103
vn -0 -0.310609 0.950545
vn -0 -0.176906 0.984235
vn -0 -0.0424065 0.999105
vn -0 -0.0424066 0.999107
vn -0 -0.999362 0.0357371
vn -0 -0.999365 0.0357372
vn -0 -0.999365 0.0357372
vn -0 -0.999368 0.0357373
vn 0.999925 0.0117648 0.00436651
vn 0.999838 0.017185 0.00596415
vn 0.999941 0.010846 0.0014857
vn 0.999948 0.00117087 0.0108722
vn 1 -0.000330167 0.00170105
vn 0.999997 -0.00158506 0.00223081
vn -0.999941 0.0108455 0.0014857
vn -0.999838 0.0171842 0.00596391
vn -0.999925 0.0117642 0.00436636
vn -0.999948 0.00117082 0.0108717
vn -0.999997 -0.00158506 0.00223081
vn -1 -0.000330167 0.00170105
vn 0.184301 -0.0743738 0.980053
vn 0.123338 -0.0750926 0.989525
vn 0.0616683 -0.075526 0.995236
vn 0.184301 -0.0743738 0.980053
vn -0.0925442 -0.0753474 0.992858
vn -0.0925455 -0.0753455 0.992858
vn -0.184295 -0.0743777 0.980055
vn -0.184292 -0.0743815 0.980056
vn 1.84756e-007 0 -1.00001
vn 1.84756e-007 0 -1.00001
vn 1.84756e-007 0 -1.00001
vn 1.84756e-007 0 -1.00001
vn -0 1.00001 0
vn -0 1.00001 0
vn -0 1.00001 0
vn -0 1.00001 0
vn -0.990798 0.0506146 -0.125551
vn -0.984814 0.0750008 -0.156605
vn -0.995281 0.0251645 -0.0938109
vn -0.977216 0.09938 -0.187551
vn -0.968271 0.197673 -0.152909
vn -0.981274 0.038037 -0.188844
vn 0.977222 0.0993569 -0.187544
vn 0.98481 0.0749938 -0.156616
vn 0.968284 0.197628 -0.152911
vn 0.990791 0.0506239 -0.125581
vn 0.995268 0.0251993 -0.0938731
vn 0.981273 0.0380285 -0.188835
vn -0.0974905 0.177511 0.979282
vn -0.194213 0.239359 0.951316
vn -0.294492 0.267735 0.91739
vn -0.0459018 0.1612 0.985856
vn 0.0305943 0.145376 0.988908
vn 0.130021 0.198497 0.971446
vn 0.194217 0.239369 0.951313
vn 0.294498 0.267749 0.917381
vn -0 1.00001 0
vn -0 1.00001 0
vn -0 1.00001 0
vn -0 1 0
vn -0 1 0
vn -0 1 0
vn 0.174645 -0.826924 0.534512
vn 0.323682 -0.822291 0.468054
vn 0.323682 -0.822291 0.468054
vn 0.464092 -0.795743 0.389122
vn -0.323673 -0.822293 0.468055
vn -0.323673 -0.822293 0.468055
vn -0.174639 -0.826922 0.534511
vn -0.464081 -0.795749 0.389125
vn -0.99424 0.107209 -0.000391609
vn -0.998865 -0.0477706 -0.00039343
vn -0.994241 0.107209 -0.000391609
vn -0.978681 -0.205425 -0.00038548
vn -0.915642 -0.401999 -0.00036065
vn -0.893628 -0.448813 -0.000362878
vn -0.658826 -0.752296 -0.000271874
vn -0.331091 -0.943607 -0.000142762
vn -0.00295019 -0.999999 -1.18515e-006
vn -0.00295043 -0.999997 -1.09772e-006
vn 0.994241 0.107212 -0.000391609
vn 0.998861 -0.047771 -0.000393855
vn 0.99424 0.107212 -0.00039193
vn 0.978674 -0.205429 -0.000385697
vn 0.915638 -0.40201 -0.000360461
vn 0.893623 -0.448825 -0.000362486
vn 0.658817 -0.752304 -0.000271658
vn 0.331083 -0.943605 -0.000142759
vn 0.00295011 -1 -1.18512e-006
vn 0.00295035 -1 -1.09769e-006
vn 0.519321 -0.766772 -0.377328
vn 0.640293 -0.695201 -0.326696
vn 0.512898 -0.787181 -0.342466
vn 0.699452 -0.641302 -0.315449
vn 0.838718 -0.50515 -0.203416
vn 0.52486 0.433959 -0.73226
vn 0.674826 0.272996 -0.685632
vn 0.649801 0.403103 -0.64442
vn 0.570595 0.49031 -0.658809
vn 0.49033 0.260004 -0.831855
vn 0.461889 0.151962 -0.873825
vn 0.621965 -0.162364 -0.766038
vn -0.139868 0.989311 0.041372
vn -0.0437266 0.998969 0.0123708
vn 0.10493 0.994152 0.0255285
vn 0.0656189 0.997414 0.0295291
vn 0.208793 0.975257 0.0727192
vn 0.285487 0.956231 0.0642737
vn -0.285463 0.956238 0.0642702
vn -0.208778 0.97526 0.0727162
vn -0.512886 -0.78719 -0.34247
vn -0.640282 -0.695212 -0.326701
vn -0.519309 -0.766781 -0.377332
vn -0.699442 -0.641313 -0.315454
vn -0.83871 -0.505163 -0.203421
vn -0.649787 0.403108 -0.644429
vn -0.674818 0.273002 -0.685647
vn -0.524849 0.433964 -0.732268
vn -0.570582 0.490316 -0.658815
vn -0.490316 0.260003 -0.831859
vn -0.461878 0.151961 -0.873831
vn -0.621952 -0.162368 -0.766046
vn 0.137253 -0.938936 0.315555
vn 0.0552381 -0.976991 0.206027
vn 0.184049 -0.931752 0.313021
vn -0.184036 -0.931751 0.313021
vn -0.0552595 -0.97818 0.20028
vn -0.137244 -0.938932 0.315554
vn 0.0302283 -0.982995 0.181161
vn -0.0453734 -0.975373 0.215847
vn -0 -0.994164 0.107915
vn -0 -0.997169 0.0752489
vn -0 -0.999601 0.0283638
vn -0 -0.999904 0.0141819
vn -0 -0.999997 -0.00337996
vn -0 -0.999978 -0.00675993
vn -0 -0.999305 -0.0374155
vn -0 -0.997906 -0.0646833
vn 0.0152652 -0.987991 -0.153776
vn -0.0203488 -0.984484 -0.174308
vn 0.0305325 -0.980534 -0.19397
vn 0.0609266 -0.965743 -0.252252
vn -0.0152703 -0.989598 -0.143076
vn -0.0609234 -0.965746 -0.252253
vn 0.688985 -0.712248 0.134201
vn 0.737587 -0.664226 0.121559
vn 0.443644 -0.884792 -0.142635
vn 0.191241 -0.84356 0.501848
vn -0.1641 -0.927735 -0.33525
vn 0.0026464 -0.618354 -0.7859
vn 0.00529263 -0.624172 -0.781271
vn 0.00362378 -0.427312 0.904101
vn 0.0018119 -0.430373 0.902653
vn -0.481852 -0.82246 0.3023
vn -0.785149 -0.619315 0.000809709
vn -0.855601 -0.517627 0.00419633
vn -0.224018 0.558189 -0.798904
vn -9.45728e-009 0.159461 -0.987212
vn -0.220339 -0.270731 -0.937102
vn 0.220339 -0.270732 -0.9371
vn 0.224018 0.558189 -0.798903
vn 0.988132 -5.05619e-007 0.153635
vn 0.989265 0.0117709 0.145696
vn 0.989265 0.0117709 0.145696
vn 0.990202 0.02354 0.137729
vn -0 0.989566 -0.144092
vn 3.49119e-008 0.989569 -0.144093
vn 3.49119e-008 0.989569 -0.144093
vn 6.98239e-008 0.989573 -0.144093
vn -0 -0.951611 0.307315
vn -0 -0.951615 0.307316
vn -0 -0.951615 0.307316
vn -0 -0.951618 0.307317
vn -0.988367 0.0256271 0.149938
vn -0.988972 0.0128149 0.147588
vn -0.988972 0.0128149 0.147588
vn -0.989411 4.43828e-007 0.145213
vn 0.078874 0.880037 0.468315
vn 0.112152 0.902871 0.415034
vn 0.121341 0.878581 0.461931
vn 0.0970269 0.870812 0.481956
vn 0.0300737 0.868197 0.495316
vn 0.00510307 -0.749067 -0.662481
vn 0.00340208 -0.750245 -0.661162
vn 0.00182894 -0.751778 -0.659415
vn 0.00471932 -0.747964 -0.663728
vn -0.00255144 -0.75083 -0.660498
vn -0.00274331 -0.751379 -0.659873
vn -0.063065 0.883615 0.463951
vn -0.0451321 0.853176 0.519668
vn -0.121337 0.878581 0.461932
vn -0.112148 0.902871 0.415032
vn -0.0970226 0.870811 0.481954
vn -0.00510284 -0.749066 -0.66248
vn -0.00471911 -0.747965 -0.663728
vn 0.511152 0.638389 -0.575485
vn 0.511152 0.638389 -0.575485
vn 0.558577 0.608618 -0.563542
vn 0.462058 0.666073 -0.585547
vn -0.558568 0.608627 -0.56355
vn -0.511143 0.638396 -0.575491
vn -0.511143 0.638396 -0.575491
vn -0.462047 0.666079 -0.585552
vn 0.0112259 0.878287 -0.478003
vn 0.0126261 0.877567 -0.479291
vn 0.00775175 0.884221 -0.467014
vn 0.00687587 0.880173 -0.474604
vn -0.0101942 -0.879531 0.475734
vn -0.0152908 -0.881142 0.472617
vn -0.0156141 -0.883022 0.46909
vn -0.00498926 -0.877256 0.480007
vn 0.00771437 0.884157 -0.467133
vn 0.00764528 -0.878717 0.477288
vn 0.00748355 -0.877766 0.479046
vn -0.00514249 0.886774 -0.462188
vn -0.0103347 0.881593 -0.4719
vn -0.0126252 0.87757 -0.479292
vn -0.0112252 0.878291 -0.478005
vn -0.00687564 0.880173 -0.474604
vn 0.0156132 -0.883018 0.469088
vn 0.01529 -0.88114 0.472616
vn 0.686055 0.374314 0.623876
vn 0.686055 0.374314 0.623876
vn 0.635571 0.434541 0.638147
vn 0.732166 0.311701 0.60563
vn -0.635562 0.434551 0.63816
vn -0.686043 0.374321 0.623887
vn -0.686043 0.374321 0.623887
vn -0.732152 0.311705 0.605638
vn -0 -0.0072318 0.999977
vn -0 -0.0072318 0.999977
vn -0 -0.0072318 0.999977
vn -0 -0.0072318 0.999977
vn -0.928424 0.118108 0.35226
vn -0.902931 0.0575429 0.425926
vn -0.902931 0.0575429 0.425926
vn -0.86864 -0.00358302 0.495442
vn 0.868648 -0.00358294 0.495432
vn 0.902933 0.0575413 0.425914
vn 0.902933 0.0575413 0.425914
vn 0.928434 0.118106 0.352254
vn -0 -0.974513 0.224333
vn -0 -0.976009 0.21776
vn -0 -0.976003 0.217758
vn -0 -0.97298 0.230898
vn -0 -0.971403 0.237453
vn -0 -0.971406 0.237454
vn -0 0 1.00001
vn -0 0 1.00001
vn -0 0 1.00001
vn -0 0 1.00001
vn 0.0316249 0.996904 0.07202
vn 0.0633032 0.995581 0.0694117
vn 0.135971 0.987931 0.0742039
vn -0.0048524 0.997583 0.0693999
vn -0.135968 0.987943 0.0742036
vn -0.063301 0.99558 0.069411
vn -0.0421819 0.996576 0.0711587
vn 0.00323477 0.997463 0.0711164
vn -0.889342 0.211166 0.405565
vn -0.889342 0.211166 0.405565
vn -0.894342 0.404675 0.190763
vn -0.809982 0 0.586458
vn 0.894342 0.404688 0.190769
vn 0.889342 0.211172 0.405578
vn 0.889342 0.211172 0.405578
vn 0.809982 0 0.586476
vn -0 0.508946 -0.860807
vn -0 0.508947 -0.860809
vn -0 0.508947 -0.860809
vn -0 0.508949 -0.860811
vn -0 0.993336 0.115298
vn -0 0.993336 0.115298
vn -0 0.993336 0.115298
vn -0 0.993336 0.115298
vn -0 0.0568193 -0.998392
vn -0 0.0568193 -0.998392
vn -0 0.0568193 -0.998392
vn -0 0.0568193 -0.998392
vn 0.928407 0.0211133 -0.370989
vn 0.978393 0.103293 -0.179131
vn 0.978393 0.103293 -0.179131
vn 0.983326 0.180716 0.0209758
vn -0.928492 0.0210998 -0.370753
vn -0.978421 0.103217 -0.179013
vn -0.978421 0.103217 -0.179013
vn -0.983341 0.180587 0.0209609
vn 0.996692 -0.0145328 0.0799953
vn 0.995443 0.0949787 0.00927951
vn 0.995244 0.0857584 0.0462962
vn 0.98749 0.134902 -0.0817303
vn 0.985699 0.10918 -0.128383
vn 0.975795 0.105005 -0.191855
vn -1.07258e-006 -0.0972255 0.995277
vn -1.43743e-006 -0.0972249 0.995273
vn -1.43743e-006 -0.0972249 0.995273
vn -1.80228e-006 -0.0972243 0.995269
vn -4.36361e-007 0.997492 0.0707987
vn 4.36169e-007 0.938176 -0.346171
vn -4.71948e-007 0.997496 0.0707989
vn 1.43592e-006 0.624277 -0.781211
vn 1.57492e-006 0.616166 -0.787621
vn 6.89422e-007 0.926426 -0.376487
vn 6.75528e-007 0.919579 -0.392918
vn 1.73124e-006 0.570395 -0.821379
vn 2.12642e-006 0.17428 -0.984704
vn 2.37489e-006 0.17428 -0.984701
vn 0.990327 0.125614 0.0589818
vn 0.989008 0.147617 0.00880139
vn 0.985313 0.164626 0.0454044
vn 0.98713 0.141158 -0.0752233
vn 0.9857 0.10918 -0.128385
vn 0.975795 0.105004 -0.191855
vn 1.81395e-006 -0.0972243 0.995269
vn 1.44327e-006 -0.0972249 0.995273
vn 1.44327e-006 -0.0972249 0.995273
vn 1.07258e-006 -0.0972255 0.995277
vn -0.975795 0.105004 -0.191855
vn -0.9857 0.10918 -0.128385
vn -0.98713 0.141158 -0.0752233
vn -0.989008 0.147617 0.00880139
vn -0.985313 0.164626 0.0454044
vn -0.990327 0.125614 0.0589818
vn -2.37652e-006 0.17428 -0.984701
vn -2.12723e-006 0.17428 -0.984704
vn -1.73166e-006 0.570395 -0.821379
vn -6.75261e-007 0.919579 -0.392918
vn -6.95682e-007 0.926426 -0.376487
vn -1.58144e-006 0.616166 -0.787621
vn -1.44225e-006 0.624277 -0.781211
vn -4.35889e-007 0.938176 -0.346171
vn 4.72283e-007 0.997496 0.0707989
vn 4.36361e-007 0.997492 0.0707987
vn -0.975795 0.105005 -0.191855
vn -0.985699 0.10918 -0.128383
vn -0.98749 0.134902 -0.0817303
vn -0.995443 0.0949787 0.00927951
vn -0.995244 0.0857584 0.0462962
vn -0.996692 -0.0145328 0.0799953
vn -0 0.508947 -0.860809
vn -0 0.508947 -0.860809
vn -0 0.508946 -0.860807
vn -0 0.508949 -0.860811
vn -0 0.993336 0.115298
vn -0 0.993336 0.115298
vn -0 0.993336 0.115298
vn -0 0.993336 0.115298
vn 0.00478142 0.997945 0.0639053
vn 0.00478142 0.997945 0.0639053
vn 0.000481067 0.91628 -0.205611
vn -0.00478124 0.997946 0.0639053
vn -0.00478124 0.997946 0.0639053
vn -0.972978 0.181255 -0.143071
vn -0.972978 0.181255 -0.143071
vn -0.9664 0.199716 -0.161857
vn -0.978844 0.162661 -0.124181
vn 0.97298 0.181223 -0.143118
vn 0.97298 0.181223 -0.143118
vn 0.978846 0.162633 -0.124232
vn 0.966402 0.19968 -0.161899
vn -0.900315 -0.287631 -0.32667
vn -0.872157 -0.46775 -0.143385
vn -0.837221 -0.541213 -0.0784698
vn -0.927524 -0.110031 -0.357221
vn -0.793482 -0.60844 -0.0137637
vn -0.782538 -0.62241 -0.0159325
vn -0.908318 0.138522 -0.394677
vn -0.88579 0.238672 -0.39801
vn -0.844092 0.289686 -0.451224
vn -0.790817 0.255234 -0.5563
vn -0.503526 0.863986 0.000448941
vn -0.503526 0.863986 0.000448941
vn -0.503231 0.864163 0.000488739
vn -0.503822 0.863808 0.000409143
vn -0.582448 -0.0118832 0.812788
vn -0.613996 -0.0272136 0.78884
vn -0.608092 -0.0276339 0.793399
vn -0.617205 -0.0288468 0.786274
vn -0.495895 0.547636 0.673938
vn -0.581152 0.19449 0.790212
vn -0.540148 0.166439 0.824953
vn -0.368158 0.737184 0.566597
vn -0.549203 0.104192 0.829175
vn -0.188358 0.923806 0.333337
vn -0.344174 0.712933 0.610965
vn -0.614943 -0.028606 0.788056
vn -0.619492 0.624024 -0.476265
vn -0.583054 0.672423 -0.455958
vn -0.573574 0.676129 -0.462468
vn -0.657337 0.570871 -0.491962
vn -0.714734 0.0125349 -0.699286
vn -0.728493 0.173965 -0.662606
vn -0.728954 0.328113 -0.600811
vn -0.703431 0.0221221 -0.710421
vn -0.695739 0.490615 -0.52465
vn -0.692419 0.503117 -0.517148
vn -0.815858 -0.553991 0.165781
vn -0.831673 -0.482253 0.275232
vn -0.863531 -0.38623 0.324268
vn -0.788088 -0.608217 0.094834
vn -0.871853 -0.302128 0.385493
vn -0.928514 -0.12205 0.350682
vn -0.940088 -0.0369138 0.338933
vn -0.673599 0.443148 0.591528
vn -0.78207 -0.622375 0.0319034
vn -0.769976 -0.637398 0.0295877
vn -0.503771 0.863842 -0.000442246
vn -0.503771 0.863842 -0.000442246
vn -0.504091 0.863655 -0.000466797
vn -0.503452 0.864029 -0.000417696
vn -0.565061 0.197231 0.801142
vn -0.677325 0.105084 0.728151
vn -0.727151 0.0352996 0.685571
vn -0.77169 0.0100894 0.635927
vn -0.757386 -0.00596438 0.652944
vn -0.748337 -0.0212015 0.662983
vn -0.754096 -0.0204585 0.656448
vn -0.48331 0.0952336 -0.870261
vn -0.626464 0.1039 -0.772497
vn -0.495814 0.283561 -0.82083
vn -0.428521 -0.130473 -0.894063
vn -0.501597 -0.049736 -0.863674
vn -0.541586 -0.179829 -0.821197
vn -0.46818 0.417024 -0.779037
vn -0.47006 0.582214 -0.663383
vn -0.359112 0.709146 -0.606765
vn -0.501717 0.474094 -0.723552
vn -0.266128 0.808215 -0.525331
vn -0.176109 0.815494 -0.551336
vn -0.209051 0.94023 0.268824
vn -0.398446 0.560674 0.725875
vn -0.432916 -0.0368855 0.900688
vn 0.503219 0.864169 0.000488898
vn 0.503516 0.863994 0.000449113
vn 0.503516 0.863994 0.000449113
vn 0.503813 0.86382 0.000409327
vn 0.608076 -0.027634 0.793402
vn 0.613989 -0.027214 0.788854
vn 0.582438 -0.0118829 0.812795
vn 0.617198 -0.0288469 0.786286
vn 0.540138 0.16644 0.824962
vn 0.581142 0.194491 0.790222
vn 0.495886 0.547637 0.673945
vn 0.368151 0.737185 0.566602
vn 0.549193 0.104194 0.829183
vn 0.188353 0.923806 0.333337
vn 0.344164 0.712933 0.610965
vn 0.614932 -0.0286057 0.788062
vn 0.863522 -0.386238 0.324275
vn 0.831667 -0.482266 0.275239
vn 0.815849 -0.554003 0.165784
vn 0.788077 -0.608229 0.0948355
vn 0.928506 -0.122053 0.350689
vn 0.871846 -0.302134 0.385502
vn 0.673593 0.443151 0.591534
vn 0.940088 -0.0369148 0.338942
vn 0.782065 -0.622391 0.0319041
vn 0.769963 -0.637407 0.029588
vn 0.504077 0.86366 -0.000466815
vn 0.503759 0.863849 -0.000442265
vn 0.503759 0.863849 -0.000442265
vn 0.503441 0.864038 -0.000417714
vn 0.727143 0.0352998 0.685581
vn 0.677313 0.105084 0.728156
vn 0.565047 0.197232 0.801144
vn 0.757376 -0.00596449 0.652952
vn 0.771684 0.0100896 0.635938
vn 0.754089 -0.020459 0.656462
vn 0.74833 -0.0212019 0.662995
vn 0.495807 0.283565 -0.820842
vn 0.626454 0.103901 -0.772506
vn 0.483298 0.0952343 -0.870263
vn 0.501587 -0.049736 -0.86368
vn 0.428511 -0.130474 -0.894069
vn 0.541573 -0.17983 -0.821203
vn 0.359104 0.709149 -0.606768
vn 0.47005 0.582218 -0.663387
vn 0.468172 0.417028 -0.779046
vn 0.501704 0.474095 -0.723555
vn 0.176103 0.815493 -0.551336
vn 0.266121 0.808216 -0.525332
vn 0.398437 0.560676 0.72588
vn 0.209045 0.940233 0.268825
vn 0.432906 -0.0368858 0.900695
vn 0.837215 -0.541227 -0.0784725
vn 0.872151 -0.467763 -0.143389
vn 0.90031 -0.287639 -0.326679
vn 0.927518 -0.110032 -0.35723
vn 0.78253 -0.622424 -0.0159328
vn 0.793473 -0.608454 -0.0137641
vn 0.90832 0.138529 -0.39469
vn 0.885784 0.238679 -0.39802
vn 0.844083 0.289693 -0.451234
vn 0.790807 0.25524 -0.556314
vn 0.573561 0.676138 -0.462474
vn 0.58304 0.672431 -0.455963
vn 0.619479 0.624032 -0.476271
vn 0.657322 0.570877 -0.491968
vn 0.728945 0.32812 -0.600824
vn 0.728479 0.173968 -0.662616
vn 0.714725 0.0125356 -0.699302
vn 0.703418 0.022123 -0.710433
vn 0.692403 0.503123 -0.517154
vn 0.695722 0.49062 -0.524656
vn -0.240037 0.959762 -0.145748
vn -0.304684 0.94204 -0.140539
vn -0.152198 0.980638 -0.123237
vn 0.00152718 0.986803 0.161956
vn -0.393466 0.863704 0.314963
vn -0.712951 0.571507 0.406317
vn 0.393473 0.863708 0.314955
vn -0.00101814 0.986803 0.16196
vn 0.712958 0.571503 0.406298
vn -0.0413417 0.795447 -0.604622
vn 0.0620311 0.800368 -0.596294
vn 0.144149 0.829157 -0.54012
vn 0.20753 0.834132 -0.511038
vn -0.207554 0.834112 -0.511061
vn -0.144157 0.82915 -0.540134
vn 0.304693 0.942032 -0.140538
vn 0.240048 0.959761 -0.145744
vn 0.152204 0.980642 -0.123231
vn -8.21061e-007 0.17365 0.984821
vn -4.1053e-007 0.17365 0.984821
vn -0 0.17365 0.984821
vn 2.73687e-007 0.17365 0.984821
vn 4.1053e-007 0.17365 0.984821
vn -0 0.173651 0.984821
vn -0 -0.143576 0.989648
vn -0 -0.143576 0.989648
vn -0 -0.143576 0.989648
vn -0 -0.143576 0.989648
vn 0.00330469 0.999136 -0.041567
vn 0.00330469 0.999136 -0.041567
vn -0.0149721 0.998985 -0.042567
vn 0.0215804 0.998951 -0.040553
vn -0.30867 0.282913 0.908125
vn -0.30867 0.282913 0.908125
vn -0.343982 0.316094 0.884182
vn -0.272457 0.248908 0.929419
vn -0.279245 0.427791 -0.859665
vn -0.279245 0.427791 -0.859665
vn -0.167418 0.391233 -0.904943
vn -0.386635 0.457553 -0.800729
vn -0.646021 -0.525176 0.553951
vn -0.604713 -0.536138 0.58897
vn -0.471752 -0.649275 0.596577
vn -0.648804 -0.57996 0.49265
vn -0.560184 -0.737959 0.376331
vn -0.414915 -0.870331 0.265278
vn -0.368714 -0.919859 0.133837
vn -0.336735 -0.939321 0.0654754
vn -0.343881 -0.938928 0.0129576
vn -0.363297 -0.931533 0.01647
vn -0.903469 0.428535 0.0104209
vn -0.903469 0.428535 0.0104209
vn -0.903469 0.428535 0.0104209
vn -0.776834 -0.419125 -0.469978
vn -0.122099 0.432361 -0.8934
vn 0.591941 0.748264 -0.299526
vn 0.756773 0.462855 0.461601
vn 0.265047 -0.259043 0.9288
vn -0.53382 -0.721463 0.441064
vn 0.290205 -0.955472 0.0534371
vn 0.29671 -0.93815 0.178445
vn 0.285189 -0.956107 0.0673569
vn 0.311885 -0.934496 0.171631
vn 0.250339 -0.88267 0.397789
vn 0.314106 -0.876741 0.364241
vn 0.463663 -0.766945 0.443653
vn 0.683341 -0.636808 0.357116
vn 0.910392 -0.392947 0.129582
vn 0.96928 -0.239981 0.0539774
vn 0.931818 -0.344166 -0.115181
vn 0.992522 -0.108201 -0.0566325
vn 0.888678 -0.409516 -0.20629
vn 0.63964 -0.767256 0.0466837
vn 0.608838 -0.762878 0.21759
vn 0.265476 -0.943054 0.200428
vn 0.994232 0.107267 0.000920679
vn 0.994776 0.102045 0.00324028
vn 0.863531 0.38623 -0.324268
vn 0.831673 0.482253 -0.275232
vn 0.815858 0.553991 -0.165781
vn 0.78851 0.607663 -0.0949157
vn 0.926892 0.125404 -0.353771
vn 0.871796 0.301486 -0.38612
vn 0.662422 -0.430778 -0.612902
vn 0.938116 0.0421534 -0.343768
vn 0.782716 0.621558 -0.0320282
vn 0.771292 0.635784 -0.0298382
vn 0.388805 -0.921321 0.000360041
vn 0.388544 -0.921433 0.000342259
vn 0.388544 -0.921433 0.000342259
vn 0.388282 -0.921545 0.000324478
vn 0.706899 -0.0340098 -0.7065
vn 0.655939 -0.0985537 -0.748355
vn 0.544269 -0.18599 -0.818046
vn 0.738638 0.00459883 -0.674089
vn 0.751234 -0.00859677 -0.659989
vn 0.734189 0.0167454 -0.678746
vn 0.72994 0.0172391 -0.683304
vn 0.467738 -0.275755 0.839753
vn 0.596601 -0.104023 0.79577
vn 0.451454 -0.0939328 0.887345
vn 0.473838 0.0498269 0.879209
vn 0.402502 0.130843 0.906022
vn 0.526003 0.183602 0.830429
vn 0.373207 -0.693965 0.615744
vn 0.471245 -0.573228 0.670328
vn 0.451528 -0.412075 0.791409
vn 0.475547 -0.465839 0.746228
vn 0.184293 -0.795321 0.5775
vn 0.28305 -0.787793 0.547052
vn 0.374699 -0.547601 -0.748164
vn 0.201972 -0.938395 -0.280409
vn 0.397038 0.0629754 -0.915639
vn -0.831269 -0.555888 0.000422794
vn -0.832018 -0.554759 0.000229493
vn -0.832018 -0.554759 0.000229493
vn -0.832767 -0.55363 3.6192e-005
vn 0.401242 0.00159266 0.915971
vn 0.400221 -0.00117562 0.916422
vn 0.39988 -0.000982377 0.916573
vn 0.399879 0.000221597 0.91657
vn 0.400221 0.00230435 0.916421
vn 0.401238 0.00520455 0.915961
vn -0.00687658 0.999196 -0.0395664
vn -0.00687658 0.999196 -0.0395664
vn -0.0317516 0.998674 -0.0407053
vn 0.0180026 0.999108 -0.0384033
vn -0.257881 0.011441 0.966113
vn -0.257881 0.011441 0.966113
vn -0.304007 0.0475322 0.951489
vn -0.210818 -0.0246918 0.977225
vn -0.541087 -0.0055964 -0.840953
vn -0.540189 -0.223843 -0.811234
vn -0.407044 -0.474983 -0.780205
vn -0.67463 0.0838437 -0.73339
vn -0.3906 -0.766799 -0.509378
vn -0.357577 -0.872333 -0.333437
vn -0.358092 -0.929053 -0.0929352
vn -0.367137 -0.928796 -0.0506067
vn -0.367231 -0.930077 -0.0105987
vn -0.366153 -0.930506 -0.010752
vn -0.847742 0.524057 0.0818421
vn -0.847742 0.524057 0.0818421
vn -0.853741 0.520588 0.0109906
vn -0.837456 0.524876 0.15228
vn -0.000143278 -0.000700845 -1.00001
vn -5.88089e-005 -0.000762882 -1.00001
vn -5.88089e-005 -0.000762882 -1.00001
vn 2.56603e-005 -0.000824918 -1.00001
vn -0.00337024 -0.00102128 0.999999
vn -0.00337024 -0.00102128 0.999999
vn -0.00583029 0.000753595 0.999984
vn -0.000910131 -0.00279615 0.999998
vn 0.988547 0.149602 0.0199295
vn 0.995261 0.0955622 0.0183083
vn 0.981818 0.189829 -0.000953543
vn 0.98471 -0.163541 0.0601041
vn 0.994422 -0.104625 0.0137004
vn 0.921161 -0.369658 -0.121725
vn 0.887298 -0.453451 0.084178
vn 0.851495 -0.496409 -0.168956
vn 0.873723 -0.445416 0.195498
vn 0.708958 -0.459647 -0.534891
vn 0.902908 -0.414397 0.114225
vn 0.891813 -0.335335 0.303691
vn 0.906434 -0.375845 0.192664
vn 0.72709 -0.686098 0.0248626
vn 0.515172 -0.857087 0.00160988
vn 0.308026 -0.950571 -0.0392646
vn 0.311705 -0.920552 -0.235444
vn 0.523319 -0.81286 -0.255757
vn 0.719565 -0.670313 -0.18141
vn 0.841716 -0.531158 0.0969006
vn 0.842435 -0.53654 0.0493987
vn 0.842435 -0.53654 0.0493987
vn 0.841226 -0.540694 0.00178355
vn 0.839169 0.538175 0.0785122
vn 0.868766 0.47343 0.145333
vn 0.886839 0.313771 0.339218
vn 0.915164 0.146248 0.375626
vn 0.785219 0.619016 0.0159341
vn 0.795729 0.605506 0.0138218
vn 0.901126 -0.107548 0.420019
vn 0.879839 -0.220032 0.421272
vn 0.834511 -0.273559 0.478285
vn 0.775836 -0.234426 0.585774
vn 0.388103 -0.92162 -0.000376926
vn 0.388339 -0.921522 -0.000348936
vn 0.388339 -0.921522 -0.000348936
vn 0.388576 -0.921424 -0.000320946
vn 0.575661 0.0229898 -0.817373
vn 0.586427 0.0223145 -0.8097
vn 0.550694 0.0142498 -0.834591
vn 0.587362 0.0287463 -0.808817
vn 0.509534 -0.144802 -0.848186
vn 0.562657 -0.182403 -0.806323
vn 0.486137 -0.544763 -0.683314
vn 0.376911 -0.726588 -0.574471
vn 0.516445 -0.0893143 -0.851655
vn 0.199898 -0.91355 -0.354217
vn 0.361565 -0.675415 -0.64272
vn 0.578034 0.033189 -0.81534
vn 0.557492 -0.672767 0.486427
vn 0.566334 -0.669676 0.480431
vn 0.59867 -0.62583 0.49994
vn 0.632373 -0.578257 0.515488
vn 0.695335 -0.347173 0.629282
vn 0.6913 -0.191853 0.696636
vn 0.675552 -0.0283212 0.736771
vn 0.661867 -0.0389357 0.74862
vn 0.663318 -0.518123 0.539968
vn 0.665055 -0.508199 0.547215
vn -0.831268 -0.555888 0.000422794
vn -0.832018 -0.554759 0.000229493
vn -0.832018 -0.554759 0.000229493
vn -0.832767 -0.55363 3.6192e-005
vn 0.0149716 0.998986 -0.042567
vn -0.00330452 0.999135 -0.0415669
vn -0.00330452 0.999135 -0.0415669
vn -0.0215795 0.998949 -0.0405529
vn 0.343968 0.316093 0.88418
vn 0.308661 0.282915 0.908131
vn 0.308661 0.282915 0.908131
vn 0.272448 0.248908 0.929419
vn 0.167412 0.391234 -0.904947
vn 0.279238 0.427794 -0.859671
vn 0.279238 0.427794 -0.859671
vn 0.386627 0.457558 -0.800738
vn 0.47174 -0.64928 0.596582
vn 0.604701 -0.536146 0.588979
vn 0.646003 -0.52518 0.553955
vn 0.648791 -0.57997 0.492659
vn 0.560167 -0.737964 0.376334
vn 0.414904 -0.870341 0.265281
vn 0.368704 -0.919868 0.133839
vn 0.336725 -0.939326 0.065476
vn 0.34387 -0.938931 0.0129575
vn 0.363284 -0.931536 0.0164698
vn 0.903469 0.428551 0.0104214
vn 0.903469 0.428551 0.0104214
vn 0.903469 0.428551 0.0104214
vn -0.756775 0.462859 0.461594
vn -0.265047 -0.259042 0.928798
vn 0.533819 -0.721462 0.441063
vn 0.776834 -0.419125 -0.469978
vn 0.122096 0.432364 -0.893405
vn -0.591937 0.748261 -0.299529
vn -0.285179 -0.956107 0.0673569
vn -0.2967 -0.938151 0.178445
vn -0.290198 -0.95548 0.0534376
vn -0.311875 -0.934498 0.171631
vn -0.250331 -0.882671 0.397789
vn -0.314094 -0.876741 0.364241
vn -0.463655 -0.766948 0.443654
vn -0.683334 -0.636817 0.357119
vn -0.910382 -0.392957 0.129586
vn -0.969275 -0.239988 0.0539789
vn -0.931813 -0.344177 -0.115185
vn -0.992522 -0.108205 -0.0566348
vn -0.888673 -0.409528 -0.206296
vn -0.639637 -0.767271 0.0466807
vn -0.60883 -0.762883 0.217587
vn -0.265469 -0.943061 0.200429
vn -0.994776 0.102049 0.00324035
vn -0.994232 0.107271 0.000920736
vn -0.815849 0.554004 -0.165785
vn -0.831667 0.482266 -0.27524
vn -0.863522 0.38624 -0.324276
vn -0.788502 0.607677 -0.0949178
vn -0.87179 0.301494 -0.386131
vn -0.926888 0.12541 -0.353782
vn -0.938109 0.0421565 -0.343779
vn -0.66241 -0.430782 -0.612911
vn -0.782708 0.621573 -0.032029
vn -0.771286 0.6358 -0.029839
vn -0.388533 -0.92144 0.000342272
vn -0.388533 -0.92144 0.000342272
vn -0.388794 -0.921326 0.000360053
vn -0.388272 -0.921555 0.000324491
vn -0.544255 -0.185992 -0.818053
vn -0.655926 -0.0985558 -0.748366
vn -0.706887 -0.0340104 -0.706512
vn -0.751223 -0.00859752 -0.660003
vn -0.738629 0.00459915 -0.674105
vn -0.729923 0.0172393 -0.683312
vn -0.734174 0.0167458 -0.678756
vn -0.451439 -0.0939333 0.887344
vn -0.596587 -0.104025 0.79578
vn -0.467725 -0.275756 0.839758
vn -0.402494 0.130845 0.906032
vn -0.473824 0.0498273 0.879214
vn -0.525996 0.183606 0.830447
vn -0.451516 -0.412078 0.791415
vn -0.471233 -0.573233 0.670335
vn -0.373197 -0.693968 0.615747
vn -0.475534 -0.465842 0.746236
vn -0.283041 -0.787796 0.547054
vn -0.184287 -0.795322 0.577501
vn -0.201966 -0.938403 -0.280411
vn -0.374685 -0.547599 -0.748165
vn -0.397029 0.0629769 -0.915653
vn 0.832014 -0.554762 0.000229491
vn 0.832014 -0.554762 0.000229491
vn 0.83126 -0.555888 0.000422793
vn 0.832767 -0.553635 3.6189e-005
vn -0.401238 0.00520311 0.915963
vn -0.39988 0.00022109 0.916573
vn -0.40022 0.00230361 0.916422
vn -0.399878 -0.000982378 0.916569
vn -0.400219 -0.0011756 0.916419
vn -0.401243 0.00159271 0.915972
vn 0.0317503 0.99867 -0.0407051
vn 0.0068763 0.9992 -0.0395665
vn 0.0068763 0.9992 -0.0395665
vn -0.018002 0.999105 -0.0384032
vn 0.303999 0.0475333 0.951494
vn 0.257873 0.0114417 0.966114
vn 0.257873 0.0114417 0.966114
vn 0.210809 -0.0246915 0.977221
vn 0.407033 -0.474985 -0.780208
vn 0.540176 -0.223844 -0.81124
vn 0.541074 -0.00559554 -0.840959
vn 0.674617 0.0838451 -0.7334
vn 0.357566 -0.872337 -0.333439
vn 0.390589 -0.766802 -0.509381
vn 0.367126 -0.928801 -0.050607
vn 0.358081 -0.92906 -0.0929357
vn 0.366139 -0.930501 -0.010752
vn 0.367219 -0.930081 -0.0105989
vn 0.853752 0.520576 0.0109905
vn 0.847752 0.524045 0.0818397
vn 0.847752 0.524045 0.0818397
vn 0.837466 0.524864 0.152275
vn 5.88111e-005 -0.000762882 -1.00001
vn 5.88111e-005 -0.000762882 -1.00001
vn 0.000143283 -0.000700846 -1.00001
vn -2.5661e-005 -0.000824918 -1.00001
vn 0.0058305 0.000753591 0.999987
vn 0.00337034 -0.00102129 0.999996
vn 0.00337034 -0.00102129 0.999996
vn 0.000910171 -0.00279617 1.00001
vn -0.981818 0.189835 -0.000953655
vn -0.995261 0.0955654 0.0183087
vn -0.988547 0.149607 0.01993
vn -0.98471 -0.163546 0.0601067
vn -0.994422 -0.104628 0.0137007
vn -0.921156 -0.369669 -0.121726
vn -0.887293 -0.453465 0.0841817
vn -0.851483 -0.49642 -0.168956
vn -0.873719 -0.44543 0.195506
vn -0.70895 -0.459658 -0.534899
vn -0.902898 -0.414406 0.114229
vn -0.891808 -0.335347 0.303697
vn -0.906429 -0.375858 0.192668
vn -0.727085 -0.686108 0.0248647
vn -0.515163 -0.857093 0.00161107
vn -0.308015 -0.950571 -0.0392646
vn -0.311694 -0.920554 -0.235445
vn -0.719555 -0.670324 -0.181408
vn -0.523308 -0.812865 -0.255759
vn -0.84244 -0.536524 0.0493978
vn -0.84244 -0.536524 0.0493978
vn -0.841726 -0.531146 0.0968995
vn -0.841237 -0.540682 0.00178378
vn -0.886831 0.313779 0.339226
vn -0.868759 0.473443 0.145337
vn -0.839164 0.538192 0.0785145
vn -0.91516 0.146252 0.375637
vn -0.795714 0.605516 0.013822
vn -0.785211 0.61903 0.0159345
vn -0.90112 -0.107551 0.420029
vn -0.879839 -0.22004 0.421285
vn -0.834508 -0.273568 0.478299
vn -0.775826 -0.234432 0.585786
vn -0.388329 -0.921529 -0.000348967
vn -0.388329 -0.921529 -0.000348967
vn -0.388093 -0.921628 -0.00037696
vn -0.388565 -0.92143 -0.000320973
vn -0.55068 0.0142496 -0.834598
vn -0.586411 0.0223146 -0.809707
vn -0.575644 0.0229898 -0.817378
vn -0.587348 0.0287467 -0.808828
vn -0.486123 -0.544759 -0.68332
vn -0.562642 -0.182404 -0.806331
vn -0.509519 -0.144802 -0.848189
vn -0.376903 -0.726592 -0.574479
vn -0.516431 -0.089315 -0.851661
vn -0.199893 -0.913553 -0.35422
vn -0.361555 -0.675421 -0.642725
vn -0.57802 0.0331888 -0.81535
vn -0.598658 -0.625839 0.499947
vn -0.566319 -0.66968 0.480433
vn -0.557476 -0.672772 0.486431
vn -0.632364 -0.578268 0.515498
vn -0.675542 -0.0283221 0.736785
vn -0.691291 -0.191858 0.69665
vn -0.69532 -0.347178 0.629289
vn -0.661853 -0.0389368 0.748629
vn -0.665043 -0.508206 0.547223
vn -0.663307 -0.518131 0.539976
vn 0.832767 -0.553637 3.67102e-005
vn 0.832018 -0.554756 0.000228847
vn 0.832018 -0.554756 0.000228847
vn 0.831268 -0.555875 0.000420984
vn 0.131913 0.262061 0.955993
vn 0.131402 0.0599705 0.989514
vn 0.131386 0.0589915 0.989574
vn 0.131402 -0.0599705 0.989514
vn 0.131386 -0.0589914 0.989574
vn 0.131913 -0.26206 0.955993
vn -0.222681 0.474222 -0.851787
vn -0.22297 0.342351 -0.912742
vn -0.222681 0.474222 -0.851787
vn -0.217692 0.596083 -0.772852
vn 0.222684 0.47422 -0.85178
vn 0.222973 0.342348 -0.912735
vn 0.222684 0.47422 -0.85178
vn 0.217699 0.596089 -0.77286
vn -0 0.0654353 0.997859
vn -0 0.0654353 0.997859
vn -0 0.0654355 0.997862
vn -0 0.0654352 0.997857
vn -0.0115495 -0.275085 0.961352
vn -0.0230982 -0.268144 0.963106
vn -0.0203329 -0.254692 0.966819
vn -0.0129305 -0.281784 0.959397
vn 0.0203332 -0.254691 0.966814
vn 0.0230986 -0.268143 0.963104
vn 0.0153999 -0.272778 0.961962
vn 0.00862038 -0.281852 0.95942
vn -0 0.923945 0.382533
vn -0 0.923944 0.382533
vn -0 0.923944 0.382533
vn -0 0.923943 0.382532
vn -0 -0.802243 0.59701
vn -0 -0.802243 0.59701
vn -0 -0.802243 0.59701
vn -0 -0.802243 0.59701
vn 0.607783 0.137703 0.782075
vn 0.607783 0.137703 0.782075
vn 0.623425 0.14597 0.76814
vn 0.591835 0.129366 0.795616
vn -0.623433 0.14597 0.768136
vn -0.607791 0.137702 0.782071
vn -0.607791 0.137702 0.782071
vn -0.591842 0.129365 0.795611
vn -0.973532 -0.228554 0.00094872
vn -0.971083 -0.238767 0.000308624
vn -0.981765 -0.189468 0.0157827
vn -0.986745 -0.160107 0.0265449
vn -0.996701 -0.0726989 0.0362569
vn -0.998804 -0.0312576 0.0377632
vn -0.91658 0.362489 -0.168806
vn -0.775188 0.629959 -0.0472923
vn -0.837408 0.542529 -0.066427
vn -0.936353 0.318077 -0.148574
vn -0.985757 0.0300516 -0.165485
vn -0.987465 0.0495018 -0.149878
vn -0.83775 0.31637 -0.44508
vn -0.6612 0.666088 -0.345184
vn -0.633234 0.457176 -0.624511
vn -0.432243 0.797217 -0.421445
vn -0.324722 0.9374 -0.125904
vn -0.6483 0.753859 -0.106807
vn -0.631115 0.770444 -0.0901159
vn -0.946249 0.323053 -0.0159313
vn -0.407012 0.906302 -0.11389
vn -0.998841 0.0201381 0.0438639
vn -0.960803 0.273688 0.0441924
vn -0.983706 -0.175407 -0.0395871
vn -0.975816 -0.213769 -0.0457169
vn -0.968463 -0.249112 0.00598015
vn -0.418213 0.89263 0.168286
vn -0.707241 0.672342 0.218573
vn -0.544233 0.800321 0.251598
vn -0.883219 0.457948 0.101079
vn -0.99173 0.0445387 0.120374
vn -0.880193 0.452529 0.143154
vn -0.973371 0.173429 0.149923
vn -0.583543 0.805825 0.10063
vn -0.503781 0.857535 0.104182
vn -0.255783 0.960119 0.112907
vn -0.707662 0.693892 0.133179
vn -0.771322 0.630244 0.0887041
vn -0.944968 0.327159 -0.00425561
vn -0.892658 0.445473 0.0687084
vn -0.986725 0.0596112 0.151087
vn -0.990976 -0.0800048 0.107546
vn -0.994112 0.0672054 0.0850173
vn -0.993575 -0.0918927 0.0660711
vn -0.979662 0.195537 0.0450787
vn -0.989081 0.141467 -0.0413708
vn -0.997423 0.064944 -0.0305868
vn -0.99849 -0.0547228 -0.00609391
vn -0.994032 -0.102037 -0.0385805
vn -0.00551457 0.0789409 0.996869
vn -0.00463404 0.0808143 0.996719
vn -0.00463404 0.0808143 0.996719
vn -0.00375351 0.0826877 0.996569
vn 0.00463399 0.0808147 0.996725
vn 0.00463399 0.0808147 0.996725
vn 0.0055145 0.0789413 0.996875
vn 0.00375347 0.0826882 0.996575
vn 0.981762 -0.189474 0.0157828
vn 0.97108 -0.238776 0.000308649
vn 0.973536 -0.228564 0.000948628
vn 0.986745 -0.160112 0.0265452
vn 0.996701 -0.0727019 0.0362574
vn 0.998804 -0.0312596 0.0377641
vn 0.8374 0.542542 -0.0664286
vn 0.775181 0.629977 -0.047293
vn 0.916574 0.362498 -0.168811
vn 0.93635 0.318085 -0.148579
vn 0.985757 0.0300537 -0.165491
vn 0.987465 0.0495042 -0.149884
vn 0.661191 0.666094 -0.34519
vn 0.837745 0.316375 -0.445091
vn 0.633222 0.457182 -0.624521
vn 0.432231 0.797219 -0.421449
vn 0.324711 0.9374 -0.125904
vn 0.648289 0.753867 -0.106809
vn 0.946245 0.323063 -0.0159317
vn 0.631103 0.770449 -0.0901166
vn 0.407 0.906307 -0.113891
vn 0.998841 0.0201388 0.0438652
vn 0.960801 0.273696 0.0441936
vn 0.968456 -0.249119 0.00598076
vn 0.975816 -0.213776 -0.0457169
vn 0.983706 -0.175413 -0.0395871
vn 0.544222 0.80033 0.251601
vn 0.70723 0.672354 0.218576
vn 0.418201 0.892631 0.168287
vn 0.880185 0.452538 0.143158
vn 0.991729 0.0445389 0.120378
vn 0.883213 0.457958 0.101081
vn 0.973371 0.173431 0.149928
vn 0.255776 0.960128 0.112908
vn 0.50377 0.857542 0.104183
vn 0.58353 0.805833 0.100631
vn 0.77131 0.630255 0.0887058
vn 0.707651 0.693904 0.133181
vn 0.892652 0.445483 0.0687103
vn 0.944957 0.327166 -0.00425626
vn 0.986725 0.059609 0.151092
vn 0.990976 -0.0800071 0.10755
vn 0.994112 0.0672078 0.0850204
vn 0.993575 -0.0918947 0.0660739
vn 0.979663 0.195544 0.0450805
vn 0.989081 0.141473 -0.0413734
vn 0.997423 0.064947 -0.0305893
vn 0.99849 -0.0547244 -0.00609514
vn 0.994032 -0.10204 -0.0385812
vn -0.296805 0.944127 0.14333
vn -0.265013 0.962901 0.0509548
vn 0.296796 0.944131 0.143331
vn 0.265004 0.962902 0.050955
vn -0.057768 0.997985 0.026343
vn -0.0293117 0.999518 -0.0105267
vn -0.0620748 0.997887 -0.0194378
vn -0.0249078 0.998716 0.0441766
vn -0.0273683 0.979861 0.19782
vn -0.0535179 0.987528 0.14807
vn -0.0638323 0.951155 0.302068
vn -0.0201164 0.949684 0.312578
vn -0.0756429 0.941826 -0.327482
vn -0.0367883 0.966084 -0.255613
vn -0.0412081 0.949539 -0.310947
vn -0.0684337 0.977506 -0.199497
vn -0.0374892 0.995673 -0.0850716
vn -0.0672223 0.994421 -0.0813292
vn 0.0273499 0.971499 0.235462
vn 0.0301742 0.949439 0.312498
vn 0.0249055 0.998058 0.0572241
vn 0.0293094 0.99957 -0.00403638
vn 0.0374875 0.996737 -0.0715308
vn 0.0368121 0.973788 -0.224461
vn 0.0274678 0.949983 -0.311093
vn 0.0620707 0.997883 -0.0194378
vn 0.0577643 0.997983 0.026343
vn 0.0638281 0.951151 0.302067
vn 0.053515 0.987534 0.148072
vn 0.0756386 0.941827 -0.327482
vn 0.0684296 0.977506 -0.199498
vn 0.0672182 0.994422 -0.0813293
vn -0.0419048 -0.078131 0.996064
vn -0.0106258 0.0416712 0.999076
vn -0.0656765 -0.183734 0.980784
vn -0.189986 -0.172266 0.966559
vn -0.310723 -0.0231461 0.950221
vn -0.705698 0.122558 0.697844
vn -0.712899 0.204597 0.670757
vn -0.901197 0.175186 0.396438
vn -0.892913 0.208024 0.399312
vn 0.0656777 -0.183733 0.980783
vn 0.00795428 0.0697758 0.997532
vn 0.0419057 -0.0781312 0.996065
vn 0.189989 -0.172265 0.96656
vn 0.310727 -0.0231446 0.950221
vn 0.7057 0.122561 0.697837
vn 0.712903 0.204603 0.670751
vn 0.901197 0.17519 0.39643
vn 0.892913 0.208023 0.399303
vn -0.00868151 0.151668 0.988396
vn 0.0130226 0.151132 0.988435
vn 0.77999 -0.595913 -0.191063
vn 0.767734 -0.611005 -0.193037
vn 0.767734 -0.611005 -0.193037
vn 0.755184 -0.625864 -0.194937
vn 0.52951 -0.429751 -0.7314
vn 0.193623 -0.49701 -0.84587
vn 0.350781 -0.474409 -0.807405
vn 0.485947 -0.457861 -0.744466
vn 0.694662 -0.497666 -0.519405
vn 0.744754 -0.568988 -0.348713
vn 0.782893 -0.598126 -0.17131
vn 0.782893 -0.598129 -0.17131
vn -0.767723 -0.61102 -0.193042
vn -0.767723 -0.61102 -0.193042
vn -0.779981 -0.595929 -0.191068
vn -0.755172 -0.625879 -0.194942
vn -0.350772 -0.474411 -0.807408
vn -0.193616 -0.497011 -0.845871
vn -0.529496 -0.429754 -0.731405
vn -0.485935 -0.457866 -0.744472
vn -0.694644 -0.497675 -0.519412
vn -0.744741 -0.569004 -0.34872
vn -0.782871 -0.598137 -0.171311
vn -0.782871 -0.598139 -0.171312
vn -0.675609 -0.574389 0.462205
vn -0.675609 -0.574389 0.462205
vn -0.675609 -0.574389 0.462205
vn -0.0771982 -0.576203 0.81366
vn -0.0771982 -0.576203 0.81366
vn -0.152032 -0.591053 0.792176
vn -0.226378 -0.602253 0.765537
vn -0.478973 -0.610565 0.630714
vn -0.645299 -0.583361 0.493239
vn -0.803639 -0.514734 0.298691
vn -0.816787 -0.505751 0.277641
vn -0.852712 -0.476762 0.213505
vn 0.675601 -0.574403 0.462217
vn 0.675601 -0.574403 0.462217
vn 0.675601 -0.574403 0.462217
vn 0.152027 -0.591054 0.792177
vn 0.077195 -0.576201 0.813657
vn 0.077195 -0.576201 0.813656
vn 0.226371 -0.602255 0.765539
vn 0.478962 -0.610571 0.630719
vn 0.645288 -0.58337 0.493245
vn 0.80363 -0.514747 0.298699
vn 0.816779 -0.505764 0.277649
vn 0.852703 -0.476774 0.213511
vn -0.00611583 0.999954 0.00827576
vn 1.35353e-009 0.999899 -0.0146523
vn 0.004077 0.999999 0.000631406
vn -0 0.999903 -0.0146524
vn -0.0122282 0.999449 0.0311991
vn -0.0122282 0.999449 0.0311991
vn 0.0122279 0.999443 0.0311983
vn 0.0122279 0.999443 0.0311983
vn -0.866894 0.497567 0.0305981
vn -0.866894 0.497567 0.0305981
vn -0.866979 0.497123 0.0351393
vn -0.866795 0.498003 0.0260565
vn -0.98136 0.00108685 -0.192212
vn -0.545541 -0.522031 -0.655651
vn -0.596068 -0.77284 -0.217795
vn 0.253436 -0.910918 -0.325594
vn 0.484302 -0.480025 -0.731458
vn 0.888941 0.00260379 -0.458026
vn 0.333204 0.377526 -0.863982
vn 0.23943 0.898882 -0.36701
vn -0.595959 0.603443 -0.529804
vn -0.598605 0.762564 -0.245297
vn -0.444661 0.887981 -0.117347
vn -0.409588 0.910762 -0.0524596
vn -0.39533 0.917822 -0.0363037
vn -0.481619 0.860337 -0.166944
vn -0.475457 0.829973 -0.291701
vn -0.505921 0.819449 -0.269374
vn -0.477263 0.793374 -0.377862
vn -0.455724 0.793666 -0.403017
vn -0.716631 0.667728 -0.201454
vn -0.44159 0.897166 -0.00994894
vn -0.420659 0.907142 -0.012182
vn -0.453845 0.891026 0.0101935
vn -0.837731 0.545977 -0.0112148
vn -0.954704 0.297505 -0.00684651
vn -0.889181 0.457517 -0.00641063
vn -0.810309 0.586012 0.000980393
vn -0.806291 0.591219 0.019275
vn -0.998524 0.0540862 -0.00547162
vn -0.999662 -0.024622 -0.00850322
vn -0.998839 0.0476379 -0.00734482
vn -0.995353 -0.0961128 -0.00668443
vn -0.986715 -0.162403 -0.0051609
vn -0.989199 -0.146611 -0.000826649
vn -0.832046 0.375047 0.408722
vn -0.893197 0.427679 0.138909
vn -0.884309 0.417581 0.208898
vn -0.907027 0.407768 -0.105058
vn -0.907752 0.388739 -0.157725
vn -0.892887 0.325559 -0.311075
vn -0.86457 0.502293 0.0153264
vn -0.86457 0.502293 0.0153264
vn -0.864499 0.502613 0.0051841
vn -0.864549 0.501918 0.0254671
vn -0.783216 0.609353 0.123579
vn -0.671394 0.737263 0.0753494
vn -0.709158 0.697342 0.103989
vn -0.529149 0.848396 0.015253
vn -0.452193 0.891906 0.00501892
vn -0.875654 0.481323 0.0394817
vn -0.813795 0.558847 0.159498
vn -0.8221 0.559357 0.106183
vn -0.997307 -0.0732444 -0.0042153
vn -0.983575 -0.180517 -0.000840851
vn -0.995829 -0.0912236 -0.0025273
vn -0.984198 -0.17709 0.0008129
vn -0.99726 0.0738967 -0.00419447
vn -0.812258 0.583274 -0.0053536
vn -0.930468 0.366388 -0.00171924
vn -0.804774 0.593584 -0.000481165
vn -0.4529 0.89156 0.00299098
vn -0.453551 0.891231 0.00303186
vn -0.453703 0.891151 0.00275776
vn -0.807421 0.577885 0.118867
vn -0.99796 0.0626523 -0.0125553
vn -0.832041 0.375044 0.408719
vn -0.893195 0.427678 0.138908
vn -0.884306 0.417579 0.208896
vn -0.907027 0.407768 -0.105058
vn -0.907752 0.388739 -0.157725
vn -0.892887 0.325559 -0.311075
vn 0.866969 0.497134 0.0351426
vn 0.866884 0.497578 0.0305993
vn 0.866884 0.497578 0.0305993
vn 0.866786 0.498015 0.0260555
vn -0.239431 0.898878 -0.367009
vn 0.598611 0.762566 -0.245298
vn 0.595967 0.603449 -0.529811
vn 0.98136 0.00108685 -0.192213
vn 0.545541 -0.522031 -0.655651
vn 0.596068 -0.772839 -0.217796
vn -0.253436 -0.910917 -0.325593
vn -0.484303 -0.480024 -0.731457
vn -0.888942 0.00260361 -0.458025
vn -0.333204 0.377525 -0.863982
vn 0.395318 0.917828 -0.0363041
vn 0.409576 0.910768 -0.05246
vn 0.444649 0.887989 -0.117348
vn 0.481604 0.860344 -0.166945
vn 0.475444 0.82998 -0.291704
vn 0.505907 0.819456 -0.269377
vn 0.45571 0.793668 -0.403018
vn 0.477252 0.793383 -0.377866
vn 0.716624 0.667743 -0.201458
vn 0.453832 0.891032 0.0101949
vn 0.420646 0.907147 -0.0121817
vn 0.441577 0.897173 -0.00994839
vn 0.954699 0.297513 -0.00684661
vn 0.837722 0.54599 -0.0112149
vn 0.889175 0.457528 -0.00641111
vn 0.810301 0.586024 0.00097972
vn 0.806281 0.591231 0.019274
vn 0.998524 0.0540895 -0.00547175
vn 0.995353 -0.0961164 -0.00668467
vn 0.998839 0.0476401 -0.00734504
vn 0.999662 -0.024623 -0.00850349
vn 0.986715 -0.162409 -0.00516109
vn 0.989199 -0.146616 -0.000826702
vn 0.884302 0.417579 0.208898
vn 0.893199 0.427682 0.13891
vn 0.832038 0.375045 0.408722
vn 0.907024 0.407769 -0.105058
vn 0.907752 0.388741 -0.157726
vn 0.892887 0.325561 -0.311078
vn 0.864491 0.502626 0.00518517
vn 0.86456 0.502305 0.0153277
vn 0.86456 0.502305 0.0153277
vn 0.864538 0.501929 0.0254686
vn 0.709147 0.697356 0.103992
vn 0.671383 0.737276 0.0753514
vn 0.783204 0.609365 0.123582
vn 0.529137 0.848405 0.0152534
vn 0.452183 0.891918 0.00501899
vn 0.822095 0.559373 0.106185
vn 0.813785 0.55886 0.159499
vn 0.875653 0.481339 0.0394822
vn 0.995829 -0.0912267 -0.00252705
vn 0.983575 -0.180523 -0.00084068
vn 0.997307 -0.0732469 -0.00421519
vn 0.984198 -0.177096 0.000812995
vn 0.99726 0.0738996 -0.00419444
vn 0.812249 0.583287 -0.00535338
vn 0.804765 0.593596 -0.000480153
vn 0.930463 0.366398 -0.00171905
vn 0.452886 0.891566 0.00299106
vn 0.453692 0.891161 0.00275826
vn 0.453538 0.891236 0.00303209
vn 0.80741 0.577897 0.118869
vn 0.99796 0.0626556 -0.0125554
vn 0.892887 0.325558 -0.311072
vn 0.90775 0.388736 -0.157722
vn 0.90703 0.407769 -0.105057
vn 0.893198 0.427679 0.138908
vn 0.884306 0.41758 0.208897
vn 0.832041 0.375044 0.408722
vn 0.52951 -0.429751 -0.7314
vn 0.796326 -0.306433 -0.521524
vn 0.796326 -0.306433 -0.521524
vn -0.796306 -0.306438 -0.521532
vn -0.796306 -0.306438 -0.521532
vn -0.529496 -0.429754 -0.731405
vn -0.0793721 0.832769 -0.547912
vn -0.285455 0.779559 -0.557511
vn -0.0431435 0.822928 -0.566514
vn -0.54921 0.468359 -0.692108
vn -0.610795 0.48544 -0.625533
vn -0.112262 -0.199469 -0.973459
vn -0.42525 -0.181679 -0.886659
vn -0.619921 -0.0479685 -0.783202
vn -0.112261 -0.199471 -0.973459
vn -0.55994 0.278534 -0.780321
vn -0.688997 0.0834328 -0.719953
vn 0.0647314 0.822108 -0.56565
vn 0.285458 0.779555 -0.557509
vn 0.0595374 0.830952 -0.553152
vn 0.610801 0.485435 -0.625528
vn 0.549216 0.468357 -0.692104
vn 0.619926 -0.0479686 -0.783199
vn 0.425254 -0.181679 -0.886661
vn 0.149579 -0.198477 -0.968626
vn 0.074789 -0.200177 -0.976903
vn 0.559947 0.278533 -0.780316
vn 0.689002 0.0834329 -0.719946
vn -0.216606 0.240061 -0.946295
vn -0.222113 0.255386 -0.940988
vn -0.222113 0.255386 -0.940988
vn -0.227555 0.270637 -0.935408
vn 0.222116 0.255385 -0.940983
vn 0.222116 0.255385 -0.940983
vn 0.216609 0.24006 -0.946289
vn 0.227559 0.270636 -0.935405
vn -0.859756 0.168486 -0.482128
vn -0.970586 0.0798749 -0.227126
vn -0.970018 0.0770666 -0.230519
vn 0.970018 0.0770661 -0.230513
vn 0.970586 0.0798737 -0.227121
vn 0.859757 0.168483 -0.482121
vn -0.70284 0.219253 -0.676722
vn -0.675519 0.242803 -0.69623
vn -0.850452 0.183222 -0.493126
vn 0.675522 0.242799 -0.69622
vn 0.702847 0.21925 -0.676715
vn 0.850452 0.183218 -0.493117
vn -0.363605 0.456233 0.81219
vn -0.300864 0.215225 0.929064
vn -0.164734 0.258466 0.951872
vn -0.312687 0.483731 0.817457
vn -0.660965 0.311454 0.682735
vn -0.361198 0.559099 0.74629
vn -0.513313 0.578899 0.63355
vn -0.875827 0.28083 0.392516
vn -0.91001 0.129728 0.393785
vn -0.795178 0.138169 0.590431
vn -0.376818 0.0906304 0.921845
vn -0.117765 0.0717508 0.990449
vn 0.164731 0.258466 0.951874
vn 0.300861 0.215227 0.929072
vn 0.363599 0.456234 0.812194
vn 0.312683 0.483733 0.817461
vn 0.660958 0.311457 0.682739
vn 0.513308 0.578905 0.633553
vn 0.361193 0.559105 0.746293
vn 0.875824 0.280834 0.39252
vn 0.795172 0.13817 0.590435
vn 0.91001 0.12973 0.393791
vn 0.376812 0.0906305 0.921847
vn 0.117762 0.0717509 0.99045
vn -0.18352 0.311146 -0.932477
vn -0.0921379 0.322024 -0.942243
vn -0.103532 0.328632 -0.938766
vn -0.160955 0.298469 -0.940758
vn 0.0689813 0.329533 -0.941628
vn 0.122802 0.318692 -0.939875
vn 0.183523 0.311146 -0.932475
vn 0.160958 0.298469 -0.940757
vn -0.865743 -0.500381 -0.0103246
vn -0.0221504 -0.999629 -0.0158666
vn -0.849524 -0.527506 -0.00685663
vn -0.0581463 -0.998195 -0.0150226
vn 0.852102 -0.523333 -0.00673202
vn 0.811282 -0.584545 -0.0112933
vn 0.844973 0.53449 0.0184787
vn 0.82458 0.565311 0.0221628
vn -0.0255435 0.998976 0.0373377
vn -0.0568935 0.997748 0.0355116
vn -0.857165 0.514655 0.0199586
vn -0.855896 0.516897 0.0161066
vn -0.141108 0.811723 0.566752
vn -0.174022 0.808286 0.562491
vn -0.266543 0.791965 0.549321
vn -0.0517152 0.817485 0.573635
vn -0.0250506 0.817536 0.575341
vn 0.26655 0.791968 0.549323
vn 0.174026 0.808286 0.562491
vn 0.14111 0.811722 0.566752
vn 0.0387903 0.81772 0.574319
vn 0.0375793 0.817309 0.574977
vn -0.899215 0.437506 -0.00303845
vn -0.881575 0.471391 0.0248327
vn -0.901994 0.431722 0.00506222
vn -0.862468 0.505277 0.0292322
vn -0.841111 0.535078 0.078954
vn -0.854126 0.51953 0.0237397
vn -0.863645 0.503215 -0.0301001
vn -0.852425 0.52278 -0.00970238
vn -0.861 0.508608 -0.00111278
vn -0.866385 0.49938 0.00300898
vn -0.872783 0.487947 0.0128142
vn -0.871651 0.490085 0.00713007
vn -0.866902 0.498473 -0.00389157
vn 0.901987 0.431735 0.00506121
vn 0.881574 0.471407 0.0248331
vn 0.899207 0.437518 -0.00303913
vn 0.862461 0.505291 0.0292331
vn 0.841105 0.535094 0.0789563
vn 0.854121 0.519546 0.0237407
vn 0.863635 0.503227 -0.0301008
vn 0.866376 0.499392 0.00300905
vn 0.860995 0.508623 -0.00111287
vn 0.852415 0.522792 -0.00970263
vn 0.872773 0.487958 0.0128145
vn 0.871643 0.490097 0.0071303
vn 0.866895 0.498487 -0.00389166
vn -0.122856 0.866583 -0.483688
vn -0.139825 0.86367 -0.484276
vn -0.179825 0.857478 -0.482089
vn -0.0628729 0.872587 -0.484397
vn -0.0296372 0.874691 -0.483776
vn 0.179829 0.857478 -0.482088
vn 0.139828 0.863674 -0.484278
vn 0.122858 0.86658 -0.483687
vn 0.0471617 0.873539 -0.484477
vn 0.044462 0.874216 -0.483513
vn -0.103566 -0.0660642 -0.992433
vn -0.15484 -0.0987712 -0.982997
vn -0.0492845 -0.0147598 -0.998682
vn -0.161745 -0.153079 -0.974899
vn 0.0739526 -0.0221471 -0.997023
vn 0.154842 -0.0987705 -0.982991
vn 0.0776932 -0.0495589 -0.995752
vn 0.161748 -0.153078 -0.974895
vn 0.0739526 -0.0221471 -0.997023
vn 0.0776932 -0.0495589 -0.995752
vn -0.0492845 -0.0147598 -0.998682
vn -0.103566 -0.0660642 -0.992433
vn -0.890984 -0.371745 -0.260704
vn -0.824095 -0.544678 -0.155556
vn -0.938958 -0.311027 -0.147098
vn -0.60462 -0.768925 -0.207832
vn -0.375979 -0.918473 -0.122669
vn -0.197752 -0.959866 -0.198905
vn -0.562426 -0.70452 -0.432829
vn -0.596105 -0.453719 -0.662425
vn -0.122419 -0.956794 -0.263766
vn -0.108931 -0.958951 -0.261826
vn -0.957334 -0.119321 -0.263205
vn -0.852385 -0.0774244 -0.517156
vn -0.717163 -0.0413242 -0.695691
vn -0.967135 -0.144733 -0.209064
vn -0.976563 -0.159099 -0.144984
vn -0.97263 -0.176174 -0.151522
vn 0.938958 -0.31102 -0.147094
vn 0.8241 -0.544672 -0.155554
vn 0.890983 -0.371737 -0.260699
vn 0.604627 -0.768922 -0.20783
vn 0.375988 -0.918477 -0.122669
vn 0.197755 -0.959861 -0.198904
vn 0.562433 -0.704519 -0.432826
vn 0.596112 -0.453716 -0.662422
vn 0.122421 -0.956792 -0.263765
vn 0.108933 -0.958957 -0.261828
vn 0.717162 -0.0413239 -0.695682
vn 0.852392 -0.0774243 -0.517152
vn 0.957336 -0.11932 -0.2632
vn 0.967138 -0.144731 -0.20906
vn 0.976563 -0.159096 -0.144981
vn 0.97263 -0.176171 -0.151519
vn -0.910816 0.368612 -0.185887
vn -0.861796 0.457779 -0.218536
vn -0.979017 0.133533 -0.153942
vn 0.97903 0.133528 -0.15394
vn 0.861796 0.45777 -0.218531
vn 0.910816 0.368603 -0.185883
vn -0.618172 0.739205 -0.267291
vn -0.412797 0.858598 -0.303989
vn -0.159096 0.900733 -0.404191
vn 0.618176 0.7392 -0.267287
vn 0.412805 0.858601 -0.303988
vn 0.159099 0.900738 -0.404194
vn -0.645846 -0.667897 -0.369866
vn -0.832166 -0.503388 -0.232599
vn -0.480368 -0.762748 -0.432979
vn -0.856173 -0.468131 -0.218692
vn -0.911892 -0.387701 -0.134746
vn 0.480374 -0.762748 -0.432979
vn 0.832171 -0.503379 -0.232596
vn 0.645854 -0.667894 -0.369865
vn 0.856178 -0.468121 -0.21869
vn 0.911892 -0.387688 -0.134743
vn -0.527252 -0.456448 -0.716711
vn -0.527252 -0.456448 -0.716711
vn -0.527252 -0.456448 -0.716711
vn -0.596105 -0.453719 -0.662425
vn -0.428636 -0.442314 -0.787803
vn -0.562426 -0.70452 -0.432829
vn -0.446541 -0.451229 -0.772656
vn -0.717163 -0.0413242 -0.695691
vn -0.434152 0.0106828 -0.900777
vn -0.308311 0.0437206 -0.950283
vn -0.852385 -0.0774244 -0.517156
vn -0.0844792 -0.851768 -0.517064
vn -0.0308237 -0.955165 -0.294465
vn -0.0471102 -0.95029 -0.307816
vn -0.0341608 -0.88002 -0.473712
vn -0.0589362 -0.698921 -0.712766
vn -0.115296 -0.706344 -0.698419
vn -0.0917005 0.0812893 -0.992465
vn -0.0939067 0.0917538 -0.991347
vn 0.527259 -0.456444 -0.716705
vn 0.527259 -0.456444 -0.716705
vn 0.527259 -0.456444 -0.716705
vn 0.562433 -0.704519 -0.432826
vn 0.428642 -0.442312 -0.7878
vn 0.596112 -0.453716 -0.662422
vn 0.446548 -0.451228 -0.772656
vn 0.308315 0.0437205 -0.950283
vn 0.434158 0.0106824 -0.900775
vn 0.717162 -0.0413239 -0.695682
vn 0.852392 -0.0774243 -0.517152
vn 0.0471109 -0.950286 -0.307815
vn 0.0231188 -0.95589 -0.29283
vn 0.0844815 -0.851773 -0.517068
vn 0.0341624 -0.826084 -0.562513
vn 0.0785687 -0.699197 -0.710603
vn 0.115299 -0.70635 -0.698425
vn 0.122216 0.0774961 -0.989476
vn 0.0625752 0.0919808 -0.9938
vn -0.159096 0.900733 -0.404191
vn -0.0896766 0.95865 -0.2701
vn -0.412797 0.858598 -0.303989
vn 0.412805 0.858601 -0.303988
vn 0.0896777 0.958651 -0.2701
vn 0.159099 0.900738 -0.404194
vn -0.0154315 0.987117 -0.159303
vn -0.0569838 0.939499 -0.337796
vn -0.00474858 0.988595 -0.150572
vn 0.00712302 0.988578 -0.15057
vn 0.0115737 0.987517 -0.157125
vn -0.139202 0.729762 -0.669385
vn 0.0569846 0.939494 -0.337795
vn 0.139205 0.729764 -0.669387
vn -0.229818 -0.828074 -0.511362
vn -0.480368 -0.762748 -0.432979
vn -0.158797 -0.861202 -0.482823
vn -0.645846 -0.667897 -0.369866
vn 0.158799 -0.861202 -0.482823
vn 0.480374 -0.762748 -0.432979
vn 0.22982 -0.828068 -0.511358
vn 0.645854 -0.667894 -0.369865
vn -0.0534964 -0.889873 -0.453076
vn -0.0266931 -0.912968 -0.407175
vn 0.0401159 -0.896968 -0.440283
vn 0.0400441 -0.911141 -0.41015
vn -0.577292 0.799459 -0.166136
vn -0.517074 0.840795 -0.160352
vn -0.732907 0.664083 -0.147814
vn -0.394096 0.904695 -0.161955
vn -0.391158 0.908588 -0.146532
vn 0.732913 0.664075 -0.147812
vn 0.517081 0.840791 -0.160351
vn 0.577303 0.799458 -0.166135
vn 0.394101 0.904686 -0.161954
vn 0.391167 0.90859 -0.146533
vn -0.0328248 0.992819 -0.115095
vn -0.0652668 0.991195 -0.115257
vn -0.0176445 0.994647 -0.101834
vn -0.0676529 0.985272 -0.157073
vn -0.0710269 0.986756 -0.145868
vn -0.0572079 0.985183 -0.161696
vn -0.0771108 0.988061 -0.133398
vn -0.0754775 0.98937 -0.124329
vn -0.0183006 0.991589 -0.12817
vn -0.0408706 0.989044 -0.141856
vn -0.0269348 0.989856 -0.139504
vn 0.0235261 0.994569 -0.101389
vn 0.065268 0.991194 -0.115257
vn 0.0328251 0.992813 -0.115094
vn 0.0572091 0.985185 -0.161696
vn 0.0710283 0.986757 -0.145868
vn 0.0676541 0.985269 -0.157072
vn 0.0771126 0.988064 -0.133398
vn 0.0754797 0.989377 -0.12433
vn 0.0183014 0.992353 -0.12212
vn 0.0179563 0.990065 -0.139498
vn 0.0408716 0.989047 -0.141856
vn -0.543419 0.822208 -0.169344
vn -0.483894 0.859792 -0.163112
vn -0.699643 0.697758 -0.153775
vn -0.362842 0.917426 -0.163343
vn -0.36021 0.920972 -0.14853
vn 0.699653 0.697754 -0.153775
vn 0.483903 0.859791 -0.163112
vn 0.543424 0.822201 -0.169343
vn 0.362849 0.917428 -0.163343
vn 0.360217 0.920971 -0.14853
vn -0.0298257 0.992967 -0.114638
vn -0.0580422 0.991647 -0.115246
vn -0.0160316 0.994679 -0.101837
vn -0.0600495 0.985997 -0.155588
vn -0.0630205 0.987453 -0.144838
vn -0.0508614 0.985794 -0.160112
vn -0.0682313 0.98878 -0.132925
vn -0.0665069 0.990001 -0.124408
vn -0.0166246 0.991733 -0.127266
vn -0.0371278 0.989388 -0.140505
vn -0.0244626 0.990107 -0.138166
vn 0.0213757 0.994623 -0.101394
vn 0.0580429 0.991641 -0.115245
vn 0.0298262 0.992965 -0.114637
vn 0.0508622 0.985791 -0.160111
vn 0.0630215 0.98745 -0.144838
vn 0.0600508 0.986001 -0.155589
vn 0.0682326 0.988778 -0.132925
vn 0.0665084 0.990002 -0.124409
vn 0.0166253 0.99246 -0.12144
vn 0.0163083 0.990281 -0.138155
vn 0.0371285 0.989386 -0.140504
vn -0.103566 -0.0660642 -0.992433
vn -0.15484 -0.0987712 -0.982997
vn -0.0492845 -0.0147598 -0.998682
vn -0.161745 -0.153079 -0.974899
vn 0.0739526 -0.0221471 -0.997023
vn 0.154842 -0.0987705 -0.982991
vn 0.0776932 -0.0495589 -0.995752
vn 0.161748 -0.153078 -0.974895
vn 0.0739526 -0.0221471 -0.997023
vn 0.0776932 -0.0495589 -0.995752
vn -0.0492845 -0.0147598 -0.998682
vn -0.103566 -0.0660642 -0.992433
vn -0.890984 -0.371745 -0.260704
vn -0.824095 -0.544678 -0.155556
vn -0.938958 -0.311027 -0.147098
vn -0.60462 -0.768925 -0.207832
vn -0.375979 -0.918473 -0.122669
vn -0.197752 -0.959866 -0.198905
vn -0.562426 -0.70452 -0.432829
vn -0.596105 -0.453719 -0.662425
vn -0.122419 -0.956794 -0.263766
vn -0.108931 -0.958951 -0.261826
vn -0.957334 -0.119321 -0.263205
vn -0.852385 -0.0774244 -0.517156
vn -0.717163 -0.0413242 -0.695691
vn -0.967135 -0.144733 -0.209064
vn -0.976563 -0.159099 -0.144984
vn -0.97263 -0.176174 -0.151522
vn 0.938958 -0.31102 -0.147094
vn 0.8241 -0.544672 -0.155554
vn 0.890983 -0.371737 -0.260699
vn 0.604627 -0.768922 -0.20783
vn 0.375988 -0.918477 -0.122669
vn 0.197755 -0.959861 -0.198904
vn 0.562433 -0.704519 -0.432826
vn 0.596112 -0.453716 -0.662422
vn 0.122421 -0.956792 -0.263765
vn 0.108933 -0.958957 -0.261828
vn 0.717162 -0.0413239 -0.695682
vn 0.852392 -0.0774243 -0.517152
vn 0.957336 -0.11932 -0.2632
vn 0.967138 -0.144731 -0.20906
vn 0.976563 -0.159096 -0.144981
vn 0.97263 -0.176171 -0.151519
vn -0.910816 0.368612 -0.185887
vn -0.861796 0.457779 -0.218536
vn -0.979017 0.133533 -0.153942
vn 0.97903 0.133528 -0.15394
vn 0.861796 0.45777 -0.218531
vn 0.910816 0.368603 -0.185883
vn -0.618172 0.739205 -0.267291
vn -0.412797 0.858598 -0.303989
vn -0.159096 0.900733 -0.404191
vn 0.618176 0.7392 -0.267287
vn 0.412805 0.858601 -0.303988
vn 0.159099 0.900738 -0.404194
vn -0.645846 -0.667897 -0.369866
vn -0.832166 -0.503388 -0.232599
vn -0.480368 -0.762748 -0.432979
vn -0.856173 -0.468131 -0.218692
vn -0.911892 -0.387701 -0.134746
vn 0.480374 -0.762748 -0.432979
vn 0.832171 -0.503379 -0.232596
vn 0.645854 -0.667894 -0.369865
vn 0.856178 -0.468121 -0.21869
vn 0.911892 -0.387688 -0.134743
vn -0.527252 -0.456448 -0.716711
vn -0.527252 -0.456448 -0.716711
vn -0.527252 -0.456448 -0.716711
vn -0.596105 -0.453719 -0.662425
vn -0.428636 -0.442314 -0.787803
vn -0.562426 -0.70452 -0.432829
vn -0.446541 -0.451229 -0.772656
vn -0.717163 -0.0413242 -0.695691
vn -0.434152 0.0106828 -0.900777
vn -0.308311 0.0437206 -0.950283
vn -0.852385 -0.0774244 -0.517156
vn -0.0844792 -0.851768 -0.517064
vn -0.0308237 -0.955165 -0.294465
vn -0.0471102 -0.95029 -0.307816
vn -0.0341608 -0.88002 -0.473712
vn -0.0589362 -0.698921 -0.712766
vn -0.115296 -0.706344 -0.698419
vn -0.0917005 0.0812893 -0.992465
vn -0.0939067 0.0917538 -0.991347
vn 0.527259 -0.456444 -0.716705
vn 0.527259 -0.456444 -0.716705
vn 0.527259 -0.456444 -0.716705
vn 0.562433 -0.704519 -0.432826
vn 0.428642 -0.442312 -0.7878
vn 0.596112 -0.453716 -0.662422
vn 0.446548 -0.451228 -0.772656
vn 0.308315 0.0437205 -0.950283
vn 0.434158 0.0106824 -0.900775
vn 0.717162 -0.0413239 -0.695682
vn 0.852392 -0.0774243 -0.517152
vn 0.0471109 -0.950286 -0.307815
vn 0.0231188 -0.95589 -0.29283
vn 0.0844815 -0.851773 -0.517068
vn 0.0341624 -0.826084 -0.562513
vn 0.0785687 -0.699197 -0.710603
vn 0.115299 -0.70635 -0.698425
vn 0.122216 0.0774961 -0.989476
vn 0.0625752 0.0919808 -0.9938
vn -0.159096 0.900733 -0.404191
vn -0.0896766 0.95865 -0.2701
vn -0.412797 0.858598 -0.303989
vn 0.412805 0.858601 -0.303988
vn 0.0896777 0.958651 -0.2701
vn 0.159099 0.900738 -0.404194
vn -0.0154315 0.987117 -0.159303
vn -0.0569838 0.939499 -0.337796
vn -0.00474858 0.988595 -0.150572
vn 0.00712302 0.988578 -0.15057
vn 0.0115737 0.987517 -0.157125
vn -0.139202 0.729762 -0.669385
vn 0.0569846 0.939494 -0.337795
vn 0.139205 0.729764 -0.669387
vn -0.229818 -0.828074 -0.511362
vn -0.480368 -0.762748 -0.432979
vn -0.158797 -0.861202 -0.482823
vn -0.645846 -0.667897 -0.369866
vn 0.158799 -0.861202 -0.482823
vn 0.480374 -0.762748 -0.432979
vn 0.22982 -0.828068 -0.511358
vn 0.645854 -0.667894 -0.369865
vn -0.0534964 -0.889873 -0.453076
vn -0.0266931 -0.912968 -0.407175
vn 0.0401159 -0.896968 -0.440283
vn 0.0400441 -0.911141 -0.41015
vn -0.0268303 0.998443 0.0489641
vn -0.0687151 0.996354 0.0506448
vn -0.0172889 0.997358 0.0705919
vn -0.091878 0.995021 0.0386472
vn -0.14778 0.988818 0.0203489
vn -0.0297032 0.944467 0.327268
vn -0.0129373 0.902336 0.430855
vn -0.0315549 0.583637 0.811408
vn -0.0186004 0.258956 0.965717
vn -0.00172883 0.202009 0.979382
vn -0.0126361 0.501188 0.865249
vn 0.017289 0.996593 0.0806897
vn 0.0687165 0.996355 0.0506449
vn 0.0201236 0.998661 0.047765
vn 0.0918804 0.995025 0.0386474
vn 0.147783 0.988815 0.0203489
vn 0.0297039 0.94447 0.327269
vn 0.0128375 0.847574 0.530535
vn 0.0315554 0.583635 0.811404
vn 0.0125951 0.409482 0.912236
vn 0.00259331 0.202004 0.979384
vn 0.0186005 0.258954 0.965711
vn -7.46637e-005 1 0.00338788
vn -3.73318e-005 1 0.00337616
vn -6.51782e-005 1 0.00341132
vn -4.20745e-005 1 0.00336444
vn -0.588538 -0.761492 0.271576
vn -0.696127 -0.697429 0.170333
vn -0.487002 -0.788357 0.37593
vn -0.762451 -0.627643 0.157273
vn -0.759441 -0.628454 0.168228
vn 6.5179e-005 0.999995 0.0034113
vn 4.97763e-005 0.999997 0.00338005
vn 7.46645e-005 0.999995 0.00338786
vn 2.805e-005 0.999999 0.00336443
vn 0.487011 -0.788357 0.37593
vn 0.696134 -0.697423 0.170332
vn 0.588548 -0.761492 0.271576
vn 0.762458 -0.627636 0.157271
vn 0.759448 -0.628447 0.168226
vn -0.242946 -0.805388 0.540674
vn -0.0109505 -0.808575 0.588294
vn -0.0115869 -0.810973 0.584971
vn -0.262143 -0.793714 0.54891
vn -0.487002 -0.788357 0.37593
vn -0.588538 -0.761492 0.271576
vn 0.00772474 -0.810801 0.585272
vn 0.014601 -0.807936 0.589092
vn 0.242951 -0.80539 0.540676
vn 0.262149 -0.793716 0.548912
vn 0.487011 -0.788357 0.37593
vn 0.588548 -0.761492 0.271576
vn 0.70625 0.705317 0.0611652
vn 0.70625 0.705317 0.0611652
vn 0.808973 0.575949 0.117692
vn 0.582004 0.813191 0.00277405
vn -0.838638 0.402597 0.366885
vn -0.964093 0.236074 0.121664
vn -0.765475 0.477795 0.431008
vn -0.925041 0.281156 0.25546
vn -0.567725 0.677472 0.467686
vn -0.80898 0.575947 0.11769
vn -0.706257 0.705312 0.0611641
vn -0.706257 0.705312 0.0611641
vn -0.58201 0.813184 0.00277402
vn 0.765481 0.477793 0.431004
vn 0.964093 0.236071 0.121662
vn 0.838644 0.402593 0.366882
vn 0.925045 0.281149 0.255456
vn 0.567733 0.677466 0.467683
vn -0.416202 0.686243 0.596543
vn -0.0803372 0.912817 0.40039
vn -0.291946 0.587684 0.754585
vn -0.0624759 0.785263 0.616007
vn -0.077498 0.592434 0.801892
vn -0.0380815 0.915127 0.401374
vn 0.416208 0.68624 0.596541
vn 0.0803389 0.912822 0.400392
vn 0.291952 0.587685 0.754587
vn 0.0774989 0.59243 0.801886
vn 0.0624774 0.785266 0.61601
vn 0.0380824 0.915127 0.401375
vn -0.970494 -0.226332 0.0832118
vn -0.894374 -0.192051 0.403999
vn -0.977433 -0.195288 0.0805964
vn -0.887923 -0.194771 0.416748
vn -0.971516 -0.230496 0.0550539
vn -0.975585 -0.207378 0.072355
vn -0.955377 -0.293698 0.0316872
vn 0.977433 -0.195285 0.0805941
vn 0.894379 -0.192048 0.403995
vn 0.970494 -0.226327 0.0832093
vn 0.887919 -0.194766 0.416739
vn 0.971523 -0.230493 0.0550523
vn 0.975585 -0.207375 0.0723533
vn 0.955377 -0.293693 0.0316853
vn -0.439799 -0.10822 0.891562
vn -0.894373 -0.192051 0.404001
vn -0.887922 -0.194771 0.41675
vn -0.456022 -0.108175 0.883374
vn -0.0576872 -0.0376446 0.997626
vn -0.0192081 -0.034945 0.999208
vn -0.013756 -0.0267468 0.99955
vn 0.887918 -0.194766 0.41674
vn 0.894378 -0.192048 0.403997
vn 0.439802 -0.108219 0.891555
vn 0.456029 -0.108175 0.883371
vn 0.0576882 -0.0376447 0.997627
vn 0.0256114 -0.0376667 0.998965
vn 0.00917082 -0.026756 0.999607
vn -0.0242325 0.99851 0.0489676
vn -0.0621147 0.996786 0.050653
vn -0.015615 0.997384 0.0705933
vn -0.0830851 0.995795 0.0386601
vn -0.133725 0.990815 0.02039
vn -0.0268272 0.944547 0.327288
vn -0.011684 0.902342 0.430869
vn -0.0284506 0.577338 0.816016
vn -0.0165413 0.240121 0.970602
vn -0.00150982 0.187369 0.982289
vn -0.0113533 0.49339 0.869741
vn 0.0156152 0.996618 0.0806907
vn 0.0621158 0.996788 0.0506532
vn 0.018175 0.998698 0.0477669
vn 0.0830865 0.995794 0.0386601
vn 0.133727 0.990809 0.0203899
vn 0.0268278 0.944553 0.327288
vn 0.0115938 0.84758 0.530545
vn 0.0284512 0.577339 0.816019
vn 0.0113119 0.398784 0.91698
vn 0.00226479 0.187365 0.982291
vn 0.0165417 0.240122 0.970607
vn -0.167472 0.985754 -0.0155931
vn -0.167472 0.985754 -0.0155931
vn -0.167464 0.985755 -0.0155695
vn -0.16748 0.985752 -0.0156168
vn -0.795666 -0.605558 0.0148471
vn -0.823452 -0.566987 0.0213391
vn -0.6905 -0.72099 0.0582519
vn -0.876792 -0.480876 0.00253163
vn -0.872728 -0.487023 0.0340082
vn 0.365171 0.929882 0.0444631
vn 0.365188 0.929877 0.0444424
vn 0.365188 0.929877 0.0444424
vn 0.365205 0.929872 0.0444216
vn 0.259207 -0.910382 0.322538
vn 0.549442 -0.774158 0.314329
vn 0.464182 -0.814312 0.348492
vn 0.673749 -0.67615 0.298136
vn 0.699607 -0.673492 0.238666
vn -0.323339 -0.78818 0.52368
vn -0.00113053 -0.79828 0.602296
vn -0.00188342 -0.805523 0.592568
vn -0.343789 -0.77369 0.532192
vn -0.610213 -0.691158 0.38724
vn -0.574754 -0.72077 0.387508
vn -0.375784 -0.748483 0.546421
vn -0.378704 -0.739185 0.556948
vn -0.0589025 -0.83406 0.548536
vn 0.00506361 -0.814178 0.580604
vn 0.27063 -0.835597 0.478057
vn 0.145169 -0.884146 0.444099
vn 0.793277 0.590833 0.147114
vn 0.793277 0.590833 0.147114
vn 0.86906 0.448416 0.208946
vn 0.693811 0.71561 0.0808907
vn -0.849238 0.463653 0.252662
vn -0.966038 0.251864 -0.0578245
vn -0.761525 0.55874 0.328487
vn -0.946947 0.298394 0.119445
vn -0.5421 0.733761 0.409551
vn -0.780211 0.625097 0.0230649
vn -0.664605 0.747001 -0.0171943
vn -0.664605 0.747001 -0.0171943
vn -0.529168 0.846614 -0.0569404
vn 0.643259 0.417293 0.641951
vn 0.857974 0.342648 0.382731
vn 0.729812 0.371695 0.573788
vn 0.825879 0.381039 0.415619
vn 0.50421 0.612294 0.608991
vn -0.405881 0.726438 0.554571
vn -0.0282066 0.916199 0.399748
vn -0.311171 0.615286 0.724293
vn -0.0481227 0.787464 0.614483
vn -0.104068 0.597305 0.79524
vn 0.0136809 0.914019 0.405457
vn 0.319301 0.634182 0.704173
vn 0.0842793 0.90446 0.418156
vn 0.212945 0.568472 0.794669
vn 0.0490909 0.580909 0.812495
vn 0.0753465 0.774238 0.628398
vn 0.0889398 0.905951 0.413939
vn -0.987548 -0.151034 -0.0440792
vn -0.991527 -0.109374 -0.0701156
vn -0.992349 -0.123395 0.00425715
vn -0.98935 -0.134045 -0.0568603
vn -0.980665 -0.195031 0.0163315
vn -0.976344 -0.199236 0.0840615
vn -0.953459 -0.297794 -0.0473083
vn 0.922311 -0.295585 0.24895
vn 0.866365 -0.293752 0.403896
vn 0.90462 -0.321296 0.280068
vn 0.858162 -0.307798 0.410899
vn 0.929577 -0.332038 0.160166
vn 0.934085 -0.309481 0.178084
vn 0.909591 -0.393172 0.134399
vn -0.53467 -0.0739076 0.841824
vn -0.821705 -0.0778041 0.564578
vn -0.813801 -0.0621467 0.577828
vn -0.560919 -0.0592951 0.82575
vn -0.133967 -0.0490221 0.989778
vn -0.0959447 -0.0652418 0.993249
vn -0.0782082 -0.0305741 0.996473
vn 0.496334 -0.163301 0.852642
vn 0.509936 -0.188515 0.839304
vn 0.187699 -0.162199 0.968748
vn 0.26391 -0.13109 0.955604
vn -0.227686 -0.0771733 0.970673
vn -0.328501 -0.0961705 0.939596
vn -0.35335 -0.000290133 0.935496
vn 0.110158 0.993794 0.0158007
vn 0.110158 0.993795 0.0158007
vn 0.110158 0.993795 0.0158007
vn 0.110158 0.993796 0.0158007
vn -0.0234436 -0.812809 0.582063
vn -0.0234436 -0.812809 0.582063
vn -0.0241484 -0.806731 0.590428
vn -0.0227363 -0.818801 0.573636
vn 0.102319 -0.048952 0.99355
vn 0.102319 -0.048952 0.99355
vn 0.102197 -0.0485759 0.99358
vn 0.102441 -0.0493281 0.99352


vt 0.743821 0.00575382
vt 0.742013 0.00595784
vt 0.743843 0.00577188
vt 0.740695 0.00593197
vt 0.740784 0.00594109
vt 0.740547 0.00594813
vt 0.739895 0.00594813
vt 0.743843 0.00577188
vt 0.742013 0.00595784
vt 0.743821 0.00575382
vt 0.740695 0.00593197
vt 0.740784 0.00594109
vt 0.740547 0.00594813
vt 0.739895 0.00594813
vt 0.739895 0.00594813
vt 0.739555 0.00596827
vt 0.739555 0.00596827
vt 0.739343 0.00595057
vt 0.739343 0.00595057
vt 0.74323 0.00369
vt 0.740962 0.00378138
vt 0.74323 0.00369
vt 0.740962 0.00378138
vt 0.740255 0.00378138
vt 0.740962 0.00378138
vt 0.740255 0.00378138
vt 0.740962 0.00378138
vt 0.740962 0.00378138
vt 0.74323 0.00369
vt 0.743821 0.00575382
vt 0.740695 0.00593197
vt 0.740962 0.00378138
vt 0.739895 0.00594813
vt 0.740695 0.00593197
vt 0.740255 0.00378138
vt 0.739895 0.00594813
vt 0.740255 0.00378138
vt 0.740962 0.00378138
vt 0.740695 0.00593197
vt 0.740962 0.00378138
vt 0.743821 0.00575382
vt 0.74323 0.00369
vt 0.740695 0.00593197
vt 0.74323 0.00369
vt 0.743821 0.00575382
vt 0.74323 0.00369
vt 0.743821 0.00575382
vt 0.743952 0.0059095
vt 0.743843 0.00577188
vt 0.743952 0.0059095
vt 0.744841 0.00680614
vt 0.744841 0.00680614
vt 0.746165 0.00710309
vt 0.746165 0.00710309
vt 0.747493 0.00680614
vt 0.747493 0.00680614
vt 0.748555 0.0059095
vt 0.748555 0.0059095
vt 0.749177 0.0046249
vt 0.749177 0.0046249
vt 0.749182 0.00335222
vt 0.749182 0.00335222
vt 0.74323 0.00369
vt 0.743821 0.00575382
vt 0.74323 0.00369
vt 0.743821 0.00575382
vt 0.743843 0.00577188
vt 0.743952 0.0059095
vt 0.743952 0.0059095
vt 0.744841 0.00680614
vt 0.744841 0.00680614
vt 0.746165 0.00710309
vt 0.746165 0.00710309
vt 0.747493 0.00680614
vt 0.747493 0.00680614
vt 0.748555 0.0059095
vt 0.748555 0.0059095
vt 0.749177 0.0046249
vt 0.749177 0.0046249
vt 0.749182 0.00335222
vt 0.749182 0.00335222
vt 0.74323 0.00369
vt 0.749182 0.00335222
vt 0.74323 0.00369
vt 0.749182 0.00335222
vt 0.74323 0.00369
vt 0.749182 0.00335222
vt 0.74323 0.00369
vt 0.749206 0.0070942
vt 0.744185 0.0070942
vt 0.749182 0.00335222
vt 0.74323 0.00369
vt 0.749206 0.0070942
vt 0.749182 0.00335222
vt 0.744185 0.0070942
vt 0.749182 0.00335222
vt 0.763907 0.00335222
vt 0.749182 0.00335222
vt 0.763907 0.00335222
vt 0.774945 0.00414628
vt 0.774429 0.00411767
vt 0.77008 0.00357294
vt 0.77008 0.00357294
vt 0.774429 0.00411767
vt 0.774945 0.00414628
vt 0.769186 0.0059095
vt 0.772003 0.00613445
vt 0.769223 0.00591367
vt 0.774582 0.00613427
vt 0.77427 0.00616145
vt 0.775098 0.00615346
vt 0.775402 0.00615346
vt 0.775492 0.00615346
vt 0.775098 0.00616288
vt 0.7757 0.00614506
vt 0.775747 0.00614506
vt 0.769223 0.00591367
vt 0.772003 0.00613445
vt 0.769186 0.0059095
vt 0.774582 0.00613427
vt 0.77427 0.00616145
vt 0.775098 0.00615346
vt 0.775402 0.00615346
vt 0.775492 0.00615346
vt 0.775098 0.00616288
vt 0.7757 0.00614506
vt 0.775747 0.00614506
vt 0.775098 0.00616288
vt 0.775747 0.00614506
vt 0.775747 0.00614506
vt 0.775098 0.00616288
vt 0.77008 0.00357294
vt 0.774582 0.00613427
vt 0.774429 0.00411767
vt 0.769223 0.00591367
vt 0.774429 0.00411767
vt 0.774582 0.00613427
vt 0.77008 0.00357294
vt 0.769223 0.00591367
vt 0.77008 0.00357294
vt 0.769223 0.00591367
vt 0.77008 0.00357294
vt 0.769223 0.00591367
vt 0.769186 0.0059095
vt 0.768297 0.00680614
vt 0.768297 0.00680614
vt 0.769186 0.0059095
vt 0.766973 0.00710309
vt 0.766973 0.00710309
vt 0.765645 0.00680614
vt 0.765645 0.00680614
vt 0.764584 0.0059095
vt 0.764584 0.0059095
vt 0.763961 0.0046249
vt 0.763961 0.0046249
vt 0.763907 0.00335222
vt 0.763907 0.00335222
vt 0.77008 0.00357294
vt 0.77008 0.00357294
vt 0.763907 0.00335222
vt 0.763907 0.00335222
vt 0.769906 0.00519025
vt 0.763907 0.00335222
vt 0.763882 0.00516856
vt 0.77008 0.00357294
vt 0.768413 0.00708121
vt 0.765226 0.00705951
vt 0.763882 0.00516856
vt 0.763907 0.00335222
vt 0.769906 0.00519025
vt 0.77008 0.00357294
vt 0.765226 0.00705951
vt 0.768413 0.00708121
vt 0.774429 0.00411767
vt 0.775098 0.00616288
vt 0.774945 0.00414628
vt 0.774582 0.00613427
vt 0.775098 0.00616288
vt 0.774945 0.00414628
vt 0.774429 0.00411767
vt 0.774582 0.00613427
vt 0.775034 0.00632972
vt 0.775034 0.00813538
vt 0.775034 0.00632972
vt 0.775034 0.00813538
vt 0.769255 0.00632972
vt 0.775034 0.00632972
vt 0.769255 0.00632972
vt 0.775034 0.00632972
vt 0.769255 0.00632972
vt 0.771597 0.00927609
vt 0.768337 0.00929743
vt 0.775034 0.00813538
vt 0.775264 0.00901341
vt 0.775034 0.00632972
vt 0.775034 0.00813538
vt 0.771597 0.00927609
vt 0.775264 0.00901341
vt 0.769255 0.00632972
vt 0.768337 0.00929743
vt 0.775034 0.00632972
vt 0.769255 0.00632972
vt 0.768685 0.00947523
vt 0.768337 0.00929743
vt 0.768887 0.00954592
vt 0.768887 0.00954592
vt 0.769255 0.00632972
vt 0.768685 0.00947523
vt 0.768337 0.00929743
vt 0.763048 0.00393301
vt 0.751693 0.00393301
vt 0.763048 0.00393301
vt 0.751693 0.00393301
vt 0.749436 0.00393301
vt 0.749436 0.00393301
vt 0.755288 0.0113262
vt 0.751612 0.00867081
vt 0.755278 0.0113676
vt 0.751162 0.00865608
vt 0.755278 0.0113676
vt 0.751612 0.00867081
vt 0.755288 0.0113262
vt 0.751162 0.00865608
vt 0.759328 0.00393301
vt 0.758533 0.00693643
vt 0.758676 0.00393301
vt 0.759184 0.00693643
vt 0.758781 0.00885737
vt 0.759432 0.00885737
vt 0.759472 0.0119051
vt 0.760124 0.0119051
vt 0.759389 0.011906
vt 0.760204 0.011906
vt 0.758676 0.00393301
vt 0.758533 0.00693643
vt 0.759328 0.00393301
vt 0.759184 0.00693643
vt 0.758781 0.00885737
vt 0.759432 0.00885737
vt 0.759472 0.0119051
vt 0.760124 0.0119051
vt 0.759389 0.011906
vt 0.760204 0.011906
vt 0.76516 0.0114756
vt 0.764846 0.0111581
vt 0.76417 0.0117158
vt 0.767964 0.00909209
vt 0.765646 0.00907743
vt 0.764235 0.00593871
vt 0.763048 0.00393301
vt 0.763483 0.00602329
vt 0.76424 0.0068742
vt 0.76525 0.00819767
vt 0.766196 0.00925678
vt 0.765646 0.00907743
vt 0.766196 0.00925678
vt 0.768413 0.00930524
vt 0.766196 0.00925678
vt 0.768413 0.00930524
vt 0.767964 0.00909209
vt 0.765646 0.00907743
vt 0.765646 0.00907743
vt 0.767964 0.00909209
vt 0.76417 0.0117158
vt 0.764846 0.0111581
vt 0.76516 0.0114756
vt 0.767964 0.00909209
vt 0.765646 0.00907743
vt 0.763483 0.00602329
vt 0.763048 0.00393301
vt 0.764235 0.00593871
vt 0.76424 0.0068742
vt 0.76525 0.00819767
vt 0.766196 0.00925678
vt 0.765646 0.00907743
vt 0.755278 0.0113676
vt 0.756086 0.0116394
vt 0.755288 0.0113262
vt 0.755288 0.0113262
vt 0.756086 0.0116394
vt 0.755278 0.0113676
vt 0.755112 0.0115302
vt 0.755112 0.0115302
vt 0.757354 0.0118193
vt 0.757354 0.0118193
vt 0.759389 0.011906
vt 0.759389 0.011906
vt 0.760204 0.011906
vt 0.760204 0.011906
vt 0.762345 0.0118842
vt 0.762345 0.0118842
vt 0.76417 0.0117158
vt 0.765374 0.011552
vt 0.765374 0.011552
vt 0.76516 0.0114756
vt 0.76417 0.0117158
vt 0.76516 0.0114756
vt 0.768537 0.00352567
vt 0.77428 0.00422543
vt 0.768928 0.00302136
vt 0.773889 0.00339359
vt 0.768928 0.00302136
vt 0.768537 0.00352567
vt 0.768537 0.00350636
vt 0.77428 0.00422543
vt 0.77428 0.00420612
vt 0.773889 0.00339359
vt 0.768537 0.00350636
vt 0.77428 0.00420612
vt 0.755451 0.0115448
vt 0.755077 0.0113226
vt 0.755366 0.0109577
vt 0.755366 0.0109577
vt 0.755451 0.0115448
vt 0.752009 0.00828892
vt 0.75376 0.00854379
vt 0.752009 0.00733703
vt 0.753864 0.00793594
vt 0.75376 0.00854379
vt 0.752009 0.00828892
vt 0.75376 0.00854379
vt 0.752009 0.00828892
vt 0.752009 0.00733703
vt 0.753864 0.00793594
vt 0.752009 0.00733703
vt 0.753864 0.00793594
vt 0.75376 0.00854379
vt 0.752009 0.00828892
vt 0.753864 0.00793594
vt 0.752009 0.00733703
vt 0.750304 0.00873744
vt 0.750969 0.00882471
vt 0.751162 0.00865608
vt 0.750307 0.00888127
vt 0.749915 0.0089308
vt 0.755278 0.0113676
vt 0.75492 0.0116988
vt 0.755112 0.0115302
vt 0.755085 0.0115362
vt 0.75492 0.0116988
vt 0.755112 0.0115302
vt 0.750304 0.00873744
vt 0.749915 0.0089308
vt 0.751162 0.00865608
vt 0.750969 0.00882471
vt 0.750307 0.00888127
vt 0.755278 0.0113676
vt 0.755085 0.0115362
vt 0.751162 0.00865608
vt 0.755085 0.0115362
vt 0.755278 0.0113676
vt 0.750969 0.00882471
vt 0.755278 0.0113676
vt 0.755085 0.0115362
vt 0.751162 0.00865608
vt 0.750969 0.00882471
vt 0.767964 0.00909209
vt 0.768685 0.00947523
vt 0.768413 0.00930524
vt 0.768337 0.00929743
vt 0.765374 0.011552
vt 0.765534 0.0116809
vt 0.76516 0.0114756
vt 0.765747 0.0117573
vt 0.768887 0.00954592
vt 0.765374 0.011552
vt 0.765747 0.0117573
vt 0.768887 0.00954592
vt 0.768413 0.00930524
vt 0.768685 0.00947523
vt 0.767964 0.00909209
vt 0.768337 0.00929743
vt 0.76516 0.0114756
vt 0.765534 0.0116809
vt 0.76516 0.0114756
vt 0.768337 0.00929743
vt 0.767964 0.00909209
vt 0.765534 0.0116809
vt 0.767964 0.00909209
vt 0.768337 0.00929743
vt 0.76516 0.0114756
vt 0.765534 0.0116809
vt 0.749454 0.0064255
vt 0.749436 0.00393301
vt 0.749454 0.0064255
vt 0.749436 0.00393301
vt 0.751693 0.00393301
vt 0.751458 0.00687253
vt 0.749436 0.00393301
vt 0.749454 0.0064255
vt 0.749454 0.0064255
vt 0.751458 0.00687253
vt 0.749436 0.00393301
vt 0.751693 0.00393301
vt 0.751458 0.00687253
vt 0.749454 0.0064255
vt 0.749454 0.0064255
vt 0.751458 0.00687253
vt 0.752936 0.0072338
vt 0.752936 0.0072338
vt 0.752936 0.00854063
vt 0.752936 0.0072338
vt 0.752936 0.00854063
vt 0.752936 0.0072338
vt 0.752936 0.00854063
vt 0.751162 0.00865608
vt 0.751612 0.00867081
vt 0.750304 0.00873744
vt 0.751612 0.00867081
vt 0.751162 0.00865608
vt 0.752936 0.00854063
vt 0.750304 0.00873744
vt 0.751458 0.00687253
vt 0.752936 0.00854063
vt 0.751612 0.00867081
vt 0.752936 0.0072338
vt 0.751612 0.00867081
vt 0.752936 0.00854063
vt 0.751458 0.00687253
vt 0.752936 0.0072338
vt 0.764235 0.00593871
vt 0.766196 0.00925678
vt 0.764235 0.00593871
vt 0.766196 0.00925678
vt 0.76219 0.00617599
vt 0.764235 0.00593871
vt 0.76219 0.00617599
vt 0.764235 0.00593871
vt 0.762062 0.00393081
vt 0.76219 0.00617599
vt 0.762062 0.00393081
vt 0.76219 0.00617599
vt 0.762062 0.00393081
vt 0.76219 0.00617599
vt 0.763048 0.00393301
vt 0.764235 0.00593871
vt 0.762062 0.00393081
vt 0.763048 0.00393301
vt 0.76219 0.00617599
vt 0.764235 0.00593871
vt 0.752958 0.0053798
vt 0.757495 0.00525272
vt 0.752648 0.00362957
vt 0.75906 0.00362957
vt 0.758749 0.0101697
vt 0.759692 0.0101027
vt 0.75906 0.00362957
vt 0.759692 0.0101027
vt 0.75906 0.00362957
vt 0.759692 0.0101027
vt 0.759692 0.0101027
vt 0.758749 0.0101697
vt 0.759692 0.0101027
vt 0.758749 0.0101697
vt 0.757495 0.00525272
vt 0.757495 0.00525272
vt 0.752958 0.0053798
vt 0.752958 0.0053798
vt 0.752648 0.00362957
vt 0.752648 0.00362957
vt 0.752958 0.0053798
vt 0.757495 0.00525272
vt 0.752648 0.00362957
vt 0.75906 0.00362957
vt 0.758749 0.0101697
vt 0.759692 0.0101027
vt 0.759692 0.0101027
vt 0.759692 0.0101027
vt 0.75906 0.00362957
vt 0.75906 0.00362957
vt 0.759692 0.0101027
vt 0.758749 0.0101697
vt 0.75906 0.00362957
vt 0.757495 0.00525272
vt 0.752648 0.00362957
vt 0.752958 0.0053798
vt 0.752648 0.00362957
vt 0.752648 0.00362957
vt 0.752958 0.0053798
vt 0.752958 0.0053798
vt 0.757495 0.00525272
vt 0.757495 0.00525272
vt 0.758749 0.0101697
vt 0.758749 0.0101697
vt 0.759692 0.0101027
vt 0.759692 0.0101027
vt 0.759692 0.0101027
vt 0.758749 0.0101697
vt 0.75906 0.00362957
vt 0.757495 0.00525272
vt 0.752648 0.00362957
vt 0.752958 0.0053798
vt 0.764235 0.00593871
vt 0.766196 0.00925678
vt 0.764235 0.00593871
vt 0.766196 0.00925678
vt 0.76219 0.00617599
vt 0.764235 0.00593871
vt 0.76219 0.00617599
vt 0.764235 0.00593871
vt 0.740164 0.00746012
vt 0.740906 0.00742567
vt 0.746288 0.00784427
vt 0.740906 0.00742567
vt 0.740164 0.00746012
vt 0.775034 0.00813538
vt 0.775574 0.00867772
vt 0.775264 0.00901341
vt 0.77575 0.00811416
vt 0.775034 0.00813538
vt 0.775574 0.00867772
vt 0.77575 0.00811416
vt 0.775264 0.00901341
vt 0.76417 0.0117158
vt 0.762692 0.0121284
vt 0.762345 0.0118842
vt 0.764402 0.0119497
vt 0.759812 0.0121514
vt 0.760204 0.011906
vt 0.764846 0.0111581
vt 0.76537 0.0113579
vt 0.765646 0.00907743
vt 0.766251 0.00915015
vt 0.759328 0.00393301
vt 0.763451 0.00369161
vt 0.763048 0.00393301
vt 0.759002 0.00369161
vt 0.759184 0.00693643
vt 0.759002 0.00369161
vt 0.759328 0.00393301
vt 0.758772 0.0059095
vt 0.760124 0.0119051
vt 0.759106 0.00891662
vt 0.759432 0.00885737
vt 0.759798 0.0119051
vt 0.758948 0.00801867
vt 0.760204 0.011906
vt 0.759812 0.0121514
vt 0.758855 0.00682771
vt 0.76525 0.00819767
vt 0.766251 0.00915015
vt 0.765646 0.00907743
vt 0.765824 0.00821668
vt 0.763048 0.00393301
vt 0.76392 0.0059095
vt 0.763483 0.00602329
vt 0.763451 0.00369161
vt 0.764736 0.00681233
vt 0.76424 0.0068742
vt 0.757354 0.0118193
vt 0.755945 0.0118685
vt 0.756086 0.0116394
vt 0.757313 0.0120595
vt 0.755085 0.0115362
vt 0.755288 0.0113262
vt 0.750969 0.00882471
vt 0.751612 0.00867081
vt 0.759389 0.011906
vt 0.759812 0.0121514
vt 0.751693 0.00393301
vt 0.759002 0.00369161
vt 0.758676 0.00393301
vt 0.75121 0.00369161
vt 0.751612 0.00867081
vt 0.750984 0.00771111
vt 0.751458 0.00687253
vt 0.750957 0.00681126
vt 0.75093 0.0059095
vt 0.75121 0.00369161
vt 0.751693 0.00393301
vt 0.758533 0.00693643
vt 0.758855 0.00682771
vt 0.758948 0.00801867
vt 0.758676 0.00393301
vt 0.758772 0.0059095
vt 0.759002 0.00369161
vt 0.758781 0.00885737
vt 0.759798 0.0119051
vt 0.759472 0.0119051
vt 0.759106 0.00891662
vt 0.759812 0.0121514
vt 0.759389 0.011906
vt 0.750969 0.00882471
vt 0.751277 0.00861263
vt 0.750984 0.00771111
vt 0.763048 0.00393301
vt 0.763451 0.00369161
vt 0.759328 0.00393301
vt 0.759002 0.00369161
vt 0.759328 0.00393301
vt 0.759002 0.00369161
vt 0.759184 0.00693643
vt 0.758772 0.0059095
vt 0.759432 0.00885737
vt 0.759106 0.00891662
vt 0.760124 0.0119051
vt 0.759798 0.0119051
vt 0.758948 0.00801867
vt 0.760204 0.011906
vt 0.759812 0.0121514
vt 0.758855 0.00682771
vt 0.756086 0.0116394
vt 0.755945 0.0118685
vt 0.757354 0.0118193
vt 0.757313 0.0120595
vt 0.755288 0.0113262
vt 0.755085 0.0115362
vt 0.751612 0.00867081
vt 0.750969 0.00882471
vt 0.759389 0.011906
vt 0.759812 0.0121514
vt 0.758676 0.00393301
vt 0.759002 0.00369161
vt 0.751693 0.00393301
vt 0.75121 0.00369161
vt 0.751458 0.00687253
vt 0.750984 0.00771111
vt 0.751612 0.00867081
vt 0.75093 0.0059095
vt 0.750957 0.00681126
vt 0.751693 0.00393301
vt 0.75121 0.00369161
vt 0.758948 0.00801867
vt 0.758855 0.00682771
vt 0.758533 0.00693643
vt 0.758772 0.0059095
vt 0.758676 0.00393301
vt 0.759002 0.00369161
vt 0.759472 0.0119051
vt 0.759798 0.0119051
vt 0.758781 0.00885737
vt 0.759106 0.00891662
vt 0.759389 0.011906
vt 0.759812 0.0121514
vt 0.751277 0.00861263
vt 0.750969 0.00882471
vt 0.750984 0.00771111
vt 0.762345 0.0118842
vt 0.762692 0.0121284
vt 0.76417 0.0117158
vt 0.764402 0.0119497
vt 0.760204 0.011906
vt 0.759812 0.0121514
vt 0.764846 0.0111581
vt 0.76537 0.0113579
vt 0.765646 0.00907743
vt 0.766251 0.00915015
vt 0.765646 0.00907743
vt 0.766251 0.00915015
vt 0.76525 0.00819767
vt 0.765824 0.00821668
vt 0.763483 0.00602329
vt 0.76392 0.0059095
vt 0.763048 0.00393301
vt 0.763451 0.00369161
vt 0.76424 0.0068742
vt 0.764736 0.00681233
vt 0.745936 0.00819218
vt 0.740906 0.00742567
vt 0.750969 0.00882471
vt 0.739996 0.00769448
vt 0.740192 0.00766557
vt 0.740164 0.00746012
vt 0.740192 0.00766557
vt 0.739996 0.00769448
vt 0.740164 0.00746012
vt 0.749915 0.0089308
vt 0.749915 0.0089308
vt 0.750307 0.00888127
vt 0.750969 0.00882471
vt 0.750969 0.00882471
vt 0.750307 0.00888127
vt 0.740906 0.00742567
vt 0.745936 0.00819218
vt 0.750969 0.00882471
vt 0.754019 0.00714988
vt 0.753632 0.00934213
vt 0.754019 0.00714988
vt 0.753632 0.00934213
vt 0.754019 0.00714988
vt 0.753632 0.00934213
vt 0.755451 0.0115448
vt 0.755366 0.0109577
vt 0.755451 0.0115448
vt 0.755366 0.0109577
vt 0.752987 0.00866365
vt 0.758534 0.00889546
vt 0.758365 0.00889343
vt 0.752851 0.00866562
vt 0.752857 0.00954896
vt 0.752851 0.00866562
vt 0.752987 0.00866365
vt 0.75272 0.00967669
vt 0.758365 0.00889343
vt 0.759405 0.0119004
vt 0.75929 0.0117726
vt 0.758534 0.00889546
vt 0.755376 0.0112529
vt 0.75272 0.00967669
vt 0.752857 0.00954896
vt 0.75524 0.0113807
vt 0.75607 0.0115446
vt 0.756014 0.0116723
vt 0.757322 0.0117355
vt 0.757322 0.0118632
vt 0.75929 0.0117726
vt 0.759405 0.0119004
vt 0.75272 0.00967669
vt 0.751308 0.00861263
vt 0.752851 0.00866562
vt 0.752019 0.00886333
vt 0.752257 0.00924039
vt 0.752251 0.00900334
vt 0.752489 0.00941741
vt 0.752351 0.00868469
vt 0.752589 0.0091337
vt 0.757322 0.0117355
vt 0.75607 0.0115446
vt 0.757354 0.0118193
vt 0.756086 0.0116394
vt 0.755288 0.0113262
vt 0.755376 0.0112529
vt 0.752857 0.00954896
vt 0.751612 0.00867081
vt 0.752987 0.00866365
vt 0.751458 0.00687253
vt 0.758365 0.00889343
vt 0.758533 0.00693643
vt 0.758781 0.00885737
vt 0.75929 0.0117726
vt 0.759472 0.0119051
vt 0.759389 0.011906
vt 0.758676 0.00393301
vt 0.751693 0.00393301
vt 0.756086 0.0116394
vt 0.755945 0.0118685
vt 0.757354 0.0118193
vt 0.757313 0.0120595
vt 0.755288 0.0113262
vt 0.755085 0.0115362
vt 0.751612 0.00867081
vt 0.751 0.00882471
vt 0.759389 0.011906
vt 0.759787 0.0121514
vt 0.758676 0.00393301
vt 0.758977 0.00375843
vt 0.751693 0.00393301
vt 0.751241 0.00375843
vt 0.751458 0.00687253
vt 0.751015 0.00771111
vt 0.751612 0.00867081
vt 0.750961 0.0059095
vt 0.750988 0.00681126
vt 0.751693 0.00393301
vt 0.751241 0.00375843
vt 0.758923 0.00801867
vt 0.75883 0.00682771
vt 0.758533 0.00693643
vt 0.758747 0.0059095
vt 0.758676 0.00393301
vt 0.758977 0.00375843
vt 0.759472 0.0119051
vt 0.759773 0.0119051
vt 0.758781 0.00885737
vt 0.759081 0.00891662
vt 0.759389 0.011906
vt 0.759787 0.0121514
vt 0.751308 0.00861263
vt 0.751 0.00882471
vt 0.751015 0.00771111
vt 0.757358 0.00768006
vt 0.756955 0.0075441
vt 0.758104 0.00768054
vt 0.758413 0.00754416
vt 0.753136 0.00898415
vt 0.752733 0.00898415
vt 0.753225 0.00947875
vt 0.752633 0.00947875
vt 0.753136 0.00996345
vt 0.752733 0.00996345
vt 0.759833 0.00893939
vt 0.765709 0.00917017
vt 0.765388 0.00916815
vt 0.759722 0.00894141
vt 0.760238 0.0117832
vt 0.759722 0.00894141
vt 0.759833 0.00893939
vt 0.760172 0.011911
vt 0.765388 0.00916815
vt 0.764801 0.0112041
vt 0.764659 0.0110764
vt 0.765709 0.00917017
vt 0.764082 0.0117269
vt 0.764028 0.0115991
vt 0.762692 0.0118915
vt 0.762692 0.0117638
vt 0.760172 0.011911
vt 0.760238 0.0117832
vt 0.763845 0.00906014
vt 0.763574 0.0117617
vt 0.763576 0.00906301
vt 0.763854 0.0117401
vt 0.763576 0.00906301
vt 0.763576 0.00906301
vt 0.763574 0.011694
vt 0.763574 0.0117617
vt 0.763854 0.0116725
vt 0.763845 0.00906014
vt 0.763847 0.00906014
vt 0.763854 0.0117401
vt 0.759328 0.00393301
vt 0.763483 0.00602329
vt 0.763048 0.00393301
vt 0.759184 0.00693643
vt 0.76424 0.0068742
vt 0.76525 0.00819767
vt 0.759833 0.00893939
vt 0.765388 0.00916815
vt 0.759432 0.00885737
vt 0.765646 0.00907743
vt 0.764846 0.0111581
vt 0.764659 0.0110764
vt 0.76417 0.0117158
vt 0.764028 0.0115991
vt 0.762345 0.0118842
vt 0.762692 0.0117638
vt 0.760204 0.011906
vt 0.760238 0.0117832
vt 0.760124 0.0119051
vt 0.763854 0.0116725
vt 0.763847 0.00906014
vt 0.763574 0.011694
vt 0.763576 0.00906301
vt 0.762345 0.0118842
vt 0.762692 0.0121284
vt 0.76417 0.0117158
vt 0.764357 0.0119497
vt 0.760204 0.011906
vt 0.759841 0.0121514
vt 0.764846 0.0111581
vt 0.765325 0.0113579
vt 0.765646 0.00907743
vt 0.766206 0.00915015
vt 0.763048 0.00393301
vt 0.763406 0.00375843
vt 0.759328 0.00393301
vt 0.759031 0.00375843
vt 0.759328 0.00393301
vt 0.759031 0.00375843
vt 0.759184 0.00693643
vt 0.758801 0.0059095
vt 0.759432 0.00885737
vt 0.759136 0.00891662
vt 0.760124 0.0119051
vt 0.759828 0.0119051
vt 0.758977 0.00801867
vt 0.760204 0.011906
vt 0.759841 0.0121514
vt 0.758885 0.00682771
vt 0.765646 0.00907743
vt 0.766206 0.00915015
vt 0.76525 0.00819767
vt 0.765779 0.00821668
vt 0.763483 0.00602329
vt 0.763874 0.0059095
vt 0.763048 0.00393301
vt 0.763406 0.00375843
vt 0.76424 0.0068742
vt 0.76469 0.00681233
vt 0.763794 0.00768006
vt 0.763391 0.0075441
vt 0.764539 0.00768054
vt 0.764849 0.00754416
vt 0.758365 0.00889343
vt 0.758534 0.00889546
vt 0.752987 0.00866365
vt 0.752851 0.00866562
vt 0.752987 0.00866365
vt 0.752851 0.00866562
vt 0.752857 0.00954896
vt 0.75272 0.00967669
vt 0.75929 0.0117726
vt 0.759405 0.0119004
vt 0.758365 0.00889343
vt 0.758534 0.00889546
vt 0.752857 0.00954896
vt 0.75272 0.00967669
vt 0.755376 0.0112529
vt 0.75524 0.0113807
vt 0.75607 0.0115446
vt 0.756014 0.0116723
vt 0.757322 0.0117355
vt 0.757322 0.0118632
vt 0.75929 0.0117726
vt 0.759405 0.0119004
vt 0.752851 0.00866562
vt 0.751308 0.00861263
vt 0.75272 0.00967669
vt 0.752483 0.00940812
vt 0.752345 0.0086754
vt 0.752583 0.00912446
vt 0.752013 0.00885403
vt 0.752251 0.00923115
vt 0.752245 0.00899404
vt 0.757354 0.0118193
vt 0.75607 0.0115446
vt 0.757322 0.0117355
vt 0.756086 0.0116394
vt 0.755288 0.0113262
vt 0.755376 0.0112529
vt 0.752857 0.00954896
vt 0.751612 0.00867081
vt 0.752987 0.00866365
vt 0.751458 0.00687253
vt 0.758365 0.00889343
vt 0.758533 0.00693643
vt 0.758781 0.00885737
vt 0.75929 0.0117726
vt 0.759472 0.0119051
vt 0.759389 0.011906
vt 0.751693 0.00393301
vt 0.758676 0.00393301
vt 0.757354 0.0118193
vt 0.755945 0.0118685
vt 0.756086 0.0116394
vt 0.757313 0.0120595
vt 0.755085 0.0115362
vt 0.755288 0.0113262
vt 0.751 0.00882471
vt 0.751612 0.00867081
vt 0.759389 0.011906
vt 0.759787 0.0121514
vt 0.751693 0.00393301
vt 0.758977 0.00375843
vt 0.758676 0.00393301
vt 0.751241 0.00375843
vt 0.751612 0.00867081
vt 0.751015 0.00771111
vt 0.751458 0.00687253
vt 0.750988 0.00681126
vt 0.750961 0.0059095
vt 0.751241 0.00375843
vt 0.751693 0.00393301
vt 0.758533 0.00693643
vt 0.75883 0.00682771
vt 0.758923 0.00801867
vt 0.758676 0.00393301
vt 0.758747 0.0059095
vt 0.758977 0.00375843
vt 0.758781 0.00885737
vt 0.759773 0.0119051
vt 0.759472 0.0119051
vt 0.759081 0.00891662
vt 0.759787 0.0121514
vt 0.759389 0.011906
vt 0.751 0.00882471
vt 0.751308 0.00861263
vt 0.751015 0.00771111
vt 0.758104 0.00768054
vt 0.756955 0.0075441
vt 0.757358 0.00768006
vt 0.758413 0.00754416
vt 0.752727 0.00995415
vt 0.752627 0.00946945
vt 0.75313 0.00995415
vt 0.753219 0.00946945
vt 0.752727 0.00897485
vt 0.75313 0.00897485
vt 0.765388 0.00916815
vt 0.765709 0.00917017
vt 0.759833 0.00893939
vt 0.759722 0.00894141
vt 0.759833 0.00893939
vt 0.759722 0.00894141
vt 0.760238 0.0117832
vt 0.760172 0.011911
vt 0.764659 0.0110764
vt 0.764801 0.0112041
vt 0.765388 0.00916815
vt 0.765709 0.00917017
vt 0.764028 0.0115991
vt 0.764082 0.0117269
vt 0.762692 0.0117638
vt 0.762692 0.0118915
vt 0.760238 0.0117832
vt 0.760172 0.011911
vt 0.763576 0.00906301
vt 0.763574 0.0117617
vt 0.763845 0.00906014
vt 0.763854 0.0117401
vt 0.763574 0.011694
vt 0.763576 0.00906301
vt 0.763576 0.00906301
vt 0.763574 0.0117617
vt 0.763847 0.00906014
vt 0.763845 0.00906014
vt 0.763854 0.0116725
vt 0.763854 0.0117401
vt 0.763048 0.00393301
vt 0.763483 0.00602329
vt 0.759328 0.00393301
vt 0.759184 0.00693643
vt 0.76424 0.0068742
vt 0.76525 0.00819767
vt 0.759833 0.00893939
vt 0.765388 0.00916815
vt 0.759432 0.00885737
vt 0.765646 0.00907743
vt 0.764846 0.0111581
vt 0.764659 0.0110764
vt 0.76417 0.0117158
vt 0.764028 0.0115991
vt 0.762345 0.0118842
vt 0.762692 0.0117638
vt 0.760204 0.011906
vt 0.760124 0.0119051
vt 0.760238 0.0117832
vt 0.763574 0.011694
vt 0.763847 0.00906014
vt 0.763854 0.0116725
vt 0.763576 0.00906301
vt 0.76417 0.0117158
vt 0.762692 0.0121284
vt 0.762345 0.0118842
vt 0.764357 0.0119497
vt 0.759841 0.0121514
vt 0.760204 0.011906
vt 0.764846 0.0111581
vt 0.765325 0.0113579
vt 0.765646 0.00907743
vt 0.766206 0.00915015
vt 0.759328 0.00393301
vt 0.763406 0.00375843
vt 0.763048 0.00393301
vt 0.759031 0.00375843
vt 0.759184 0.00693643
vt 0.759031 0.00375843
vt 0.759328 0.00393301
vt 0.758801 0.0059095
vt 0.760124 0.0119051
vt 0.759136 0.00891662
vt 0.759432 0.00885737
vt 0.759828 0.0119051
vt 0.758977 0.00801867
vt 0.760204 0.011906
vt 0.759841 0.0121514
vt 0.758885 0.00682771
vt 0.76525 0.00819767
vt 0.766206 0.00915015
vt 0.765646 0.00907743
vt 0.765779 0.00821668
vt 0.763048 0.00393301
vt 0.763874 0.0059095
vt 0.763483 0.00602329
vt 0.763406 0.00375843
vt 0.76469 0.00681233
vt 0.76424 0.0068742
vt 0.764849 0.00755531
vt 0.763391 0.00755519
vt 0.764539 0.00769162
vt 0.763794 0.00769114
vt 0.775512 0.00342888
vt 0.775441 0.00355208
vt 0.775512 0.00356525
vt 0.775441 0.00383353
vt 0.775512 0.0038203
vt 0.775512 0.00395674
vt 0.029 0.645141
vt 0.0270816 0.638728
vt 0.0443127 0.637826
vt 0.0489076 0.644164
vt 0.0443128 0.637826
vt 0.0270816 0.638728
vt 0.029 0.645141
vt 0.0489076 0.644164
vt 0.978553 0.63001
vt 0.97672 0.659571
vt 0.97672 0.659571
vt 0.978553 0.63001
vt 0.982796 0.607864
vt 0.984921 0.622194
vt 0.981544 0.607864
vt 0.986752 0.622093
vt 0.981544 0.607864
vt 0.984921 0.622194
vt 0.982796 0.607864
vt 0.986752 0.622093
vt 0.986075 0.626716
vt 0.986075 0.626716
vt 0.978553 0.63001
vt 0.978553 0.63001
vt 0.97672 0.659571
vt 0.983087 0.664582
vt 0.983087 0.664582
vt 0.97672 0.659571
vt 0.978553 0.63001
vt 0.983087 0.664582
vt 0.986075 0.626716
vt 0.97672 0.659571
vt 0.986075 0.626716
vt 0.983087 0.664582
vt 0.978553 0.63001
vt 0.97672 0.659571
vt 0.270723 0.5287
vt 0.533958 0.53832
vt 0.325104 0.53832
vt 0.270607 0.564775
vt 0.317581 0.601187
vt 0.25392 0.601187
vt 0.154379 0.626603
vt 0.189874 0.63502
vt 0.18893 0.645558
vt 0.0882669 0.637826
vt 0.130554 0.601187
vt 0.078582 0.607837
vt 0.0563708 0.637826
vt 0.0599993 0.643763
vt 0.0443127 0.637826
vt 0.0489076 0.644164
vt 0.183723 0.665892
vt 0.185264 0.660043
vt 0.326888 0.677809
vt 0.319027 0.652256
vt 0.318642 0.683822
vt 0.3183 0.626748
vt 0.225467 0.626603
vt 0.66689 0.564775
vt 0.65321 0.53832
vt 0.665442 0.5287
vt 0.678711 0.772399
vt 0.70465 0.755626
vt 0.709031 0.764781
vt 0.88253 0.665985
vt 0.882045 0.622093
vt 0.953224 0.664942
vt 0.951739 0.626717
vt 0.871554 0.696617
vt 0.964921 0.685325
vt 0.96986 0.68917
vt 0.784176 0.697221
vt 0.728274 0.693045
vt 0.716824 0.666586
vt 0.78878 0.666341
vt 0.952159 0.62242
vt 0.882434 0.607563
vt 0.783118 0.626603
vt 0.806942 0.601187
vt 0.747622 0.63502
vt 0.71203 0.626603
vt 0.687645 0.62678
vt 0.683577 0.601187
vt 0.665776 0.601187
vt 0.98569 0.626717
vt 0.986075 0.626716
vt 0.982892 0.66368
vt 0.983087 0.664582
vt 0.982892 0.66368
vt 0.986075 0.626716
vt 0.98569 0.626717
vt 0.983087 0.664582
vt 0.325104 0.53832
vt 0.533958 0.53832
vt 0.270723 0.5287
vt 0.270607 0.564775
vt 0.317581 0.601187
vt 0.25392 0.601187
vt 0.18893 0.645558
vt 0.189874 0.63502
vt 0.154379 0.626603
vt 0.088267 0.637826
vt 0.130554 0.601187
vt 0.0785821 0.607837
vt 0.0599993 0.643763
vt 0.0563708 0.637826
vt 0.0443128 0.637826
vt 0.0489076 0.644164
vt 0.183723 0.665892
vt 0.185264 0.660043
vt 0.319027 0.652256
vt 0.326888 0.677809
vt 0.318642 0.683822
vt 0.3183 0.626748
vt 0.225467 0.626603
vt 0.665442 0.5287
vt 0.65321 0.53832
vt 0.66689 0.564775
vt 0.709031 0.764781
vt 0.70465 0.755626
vt 0.678711 0.772399
vt 0.953224 0.664942
vt 0.882045 0.622093
vt 0.88253 0.665985
vt 0.95174 0.626717
vt 0.96986 0.68917
vt 0.964922 0.685325
vt 0.871555 0.696617
vt 0.728274 0.693045
vt 0.784176 0.697221
vt 0.78878 0.666341
vt 0.716824 0.666586
vt 0.952159 0.62242
vt 0.882434 0.607563
vt 0.783118 0.626603
vt 0.806942 0.601187
vt 0.747622 0.63502
vt 0.71203 0.626603
vt 0.687645 0.62678
vt 0.683577 0.601187
vt 0.665776 0.601187
vt 0.681264 0.774135
vt 0.632872 0.777464
vt 0.681264 0.774135
vt 0.632872 0.777464
vt 0.632872 0.777464
vt 0.55566 0.781524
vt 0.55566 0.778117
vt 0.632872 0.780771
vt 0.69038 0.775433
vt 0.681264 0.774135
vt 0.709031 0.764781
vt 0.714758 0.766948
vt 0.42897 0.760681
vt 0.450865 0.774409
vt 0.424533 0.765291
vt 0.452022 0.7701
vt 0.488675 0.77942
vt 0.488675 0.775512
vt 0.69038 0.775433
vt 0.714758 0.766948
vt 0.632872 0.780771
vt 0.55566 0.781524
vt 0.488675 0.77942
vt 0.450865 0.774409
vt 0.424533 0.765291
vt 0.55566 0.778117
vt 0.632872 0.777464
vt 0.709031 0.764781
vt 0.681264 0.774135
vt 0.42897 0.760681
vt 0.452022 0.7701
vt 0.488675 0.775512
vt 0.984921 0.622194
vt 0.986075 0.626716
vt 0.98569 0.626717
vt 0.982508 0.622194
vt 0.983279 0.626717
vt 0.974345 0.622194
vt 0.973247 0.626716
vt 0.951739 0.626717
vt 0.952159 0.62242
vt 0.98569 0.626717
vt 0.986075 0.626716
vt 0.984921 0.622194
vt 0.982508 0.622194
vt 0.983279 0.626717
vt 0.974345 0.622194
vt 0.973247 0.626716
vt 0.95174 0.626717
vt 0.952159 0.62242
vt 0.986752 0.622093
vt 0.986752 0.622093
vt 0.0785821 0.602557
vt 0.0785821 0.607837
vt 0.12762 0.597286
vt 0.130554 0.601187
vt 0.0217925 0.602283
vt 0.0188604 0.607563
vt 0.0392704 0.602283
vt 0.0363362 0.607563
vt 0.0456285 0.602083
vt 0.0456285 0.607363
vt 0.0785821 0.602557
vt 0.0785821 0.607837
vt 0.12762 0.597286
vt 0.078582 0.607837
vt 0.078582 0.602557
vt 0.130554 0.601187
vt 0.0392704 0.602283
vt 0.0188604 0.607563
vt 0.0217925 0.602283
vt 0.0363362 0.607563
vt 0.0456285 0.602083
vt 0.0456285 0.607363
vt 0.078582 0.602557
vt 0.078582 0.607837
vt 0.975977 0.608102
vt 0.981544 0.607864
vt 0.984921 0.622194
vt 0.975977 0.608102
vt 0.984921 0.622194
vt 0.973566 0.608102
vt 0.982508 0.622194
vt 0.965403 0.608102
vt 0.974345 0.622194
vt 0.943215 0.608329
vt 0.952159 0.62242
vt 0.882434 0.607563
vt 0.984921 0.622194
vt 0.981544 0.607864
vt 0.975977 0.608102
vt 0.973566 0.608102
vt 0.984921 0.622194
vt 0.975977 0.608102
vt 0.982508 0.622194
vt 0.965403 0.608102
vt 0.974345 0.622194
vt 0.943215 0.608329
vt 0.952159 0.62242
vt 0.882434 0.607563
vt 0.963684 0.664281
vt 0.983087 0.664582
vt 0.963684 0.664281
vt 0.983087 0.664582
vt 0.982892 0.66368
vt 0.983087 0.664582
vt 0.983087 0.664582
vt 0.982892 0.66368
vt 0.544761 0.771002
vt 0.536083 0.686427
vt 0.55463 0.771138
vt 0.521419 0.685825
vt 0.379093 0.70236
vt 0.349007 0.694959
vt 0.37671 0.68834
vt 0.365925 0.68834
vt 0.345978 0.694831
vt 0.363235 0.70236
vt 0.345978 0.708341
vt 0.365925 0.716099
vt 0.349007 0.708341
vt 0.37671 0.716099
vt 0.452022 0.7701
vt 0.488916 0.76995
vt 0.488675 0.775512
vt 0.453855 0.764539
vt 0.42897 0.760681
vt 0.433117 0.756272
vt 0.365579 0.707972
vt 0.319472 0.683822
vt 0.327719 0.677809
vt 0.554988 0.778117
vt 0.544761 0.771002
vt 0.55463 0.771138
vt 0.369081 0.679312
vt 0.319858 0.652256
vt 0.531839 0.660974
vt 0.521419 0.685825
vt 0.536083 0.686427
vt 0.529355 0.627215
vt 0.527113 0.601187
vt 0.31913 0.626748
vt 0.318412 0.601187
vt 0.533286 0.540215
vt 0.325934 0.540215
vt 0.518177 0.647524
vt 0.510623 0.660776
vt 0.509876 0.651389
vt 0.48989 0.651375
vt 0.486651 0.660776
vt 0.479097 0.647521
vt 0.553249 0.687128
vt 0.556086 0.771138
vt 0.537539 0.686427
vt 0.565306 0.771303
vt 0.689402 0.751267
vt 0.67749 0.772399
vt 0.670123 0.766085
vt 0.632872 0.77075
vt 0.632872 0.777464
vt 0.715605 0.666586
vt 0.727055 0.693045
vt 0.713728 0.693613
vt 0.528569 0.601187
vt 0.651991 0.540215
vt 0.664557 0.601187
vt 0.534742 0.540215
vt 0.686426 0.62678
vt 0.553249 0.687128
vt 0.533295 0.660974
vt 0.537539 0.686427
vt 0.565306 0.771303
vt 0.556444 0.778117
vt 0.556086 0.771138
vt 0.703432 0.755626
vt 0.530811 0.627215
vt 0.69068 0.647524
vt 0.683125 0.660776
vt 0.682379 0.651389
vt 0.662392 0.651375
vt 0.659153 0.660776
vt 0.651599 0.647521
vt 0.55463 0.771138
vt 0.536083 0.686427
vt 0.544761 0.771002
vt 0.521419 0.685825
vt 0.365769 0.715836
vt 0.376553 0.715836
vt 0.34885 0.708079
vt 0.378937 0.702097
vt 0.34885 0.694696
vt 0.376553 0.688077
vt 0.365769 0.688077
vt 0.345821 0.694568
vt 0.363078 0.702097
vt 0.345821 0.708079
vt 0.488675 0.775512
vt 0.488916 0.76995
vt 0.452022 0.7701
vt 0.453855 0.764539
vt 0.42897 0.760681
vt 0.433117 0.756272
vt 0.319472 0.683822
vt 0.365579 0.707972
vt 0.327719 0.677809
vt 0.55463 0.771138
vt 0.544761 0.771002
vt 0.554988 0.778117
vt 0.319858 0.652256
vt 0.369081 0.679312
vt 0.531839 0.660974
vt 0.521419 0.685825
vt 0.536083 0.686427
vt 0.529355 0.627215
vt 0.318412 0.601187
vt 0.31913 0.626748
vt 0.527113 0.601187
vt 0.533286 0.540215
vt 0.325934 0.540215
vt 0.509876 0.651389
vt 0.510623 0.660776
vt 0.518177 0.647524
vt 0.48989 0.651375
vt 0.486651 0.660776
vt 0.479097 0.647521
vt 0.537539 0.686427
vt 0.556086 0.771138
vt 0.553249 0.687128
vt 0.565306 0.771303
vt 0.670123 0.766085
vt 0.67749 0.772399
vt 0.689402 0.751267
vt 0.632872 0.77075
vt 0.632872 0.777464
vt 0.713728 0.693613
vt 0.727055 0.693045
vt 0.715605 0.666586
vt 0.664557 0.601187
vt 0.651991 0.540215
vt 0.528569 0.601187
vt 0.534742 0.540215
vt 0.686426 0.62678
vt 0.553249 0.687128
vt 0.537539 0.686427
vt 0.533295 0.660974
vt 0.565306 0.771303
vt 0.556086 0.771138
vt 0.556444 0.778117
vt 0.703432 0.755626
vt 0.530811 0.627215
vt 0.651599 0.647836
vt 0.659153 0.66109
vt 0.662392 0.65169
vt 0.683125 0.66109
vt 0.682379 0.651703
vt 0.69068 0.647838
vt 0.83958 0.0174315
vt 0.837425 0.0176662
vt 0.838397 0.0191901
vt 0.838397 0.0191901
vt 0.837425 0.0176662
vt 0.83958 0.0174315
vt 0.83622 0.023326
vt 0.839515 0.0244632
vt 0.837402 0.0247359
vt 0.837555 0.0230533
vt 0.839213 0.0225236
vt 0.836128 0.0187752
vt 0.837425 0.0176662
vt 0.837084 0.0191206
vt 0.836469 0.0173208
vt 0.83844 0.0203878
vt 0.838397 0.0191901
vt 0.837402 0.0247359
vt 0.839515 0.0244632
vt 0.83622 0.023326
vt 0.839213 0.0225236
vt 0.837555 0.0230533
vt 0.837084 0.0191206
vt 0.837425 0.0176662
vt 0.836128 0.0187752
vt 0.836469 0.0173208
vt 0.83844 0.0203878
vt 0.838397 0.0191901
vt 0.136538 0.395859
vt 0.454112 0.395859
vt 0.150079 0.493483
vt 0.448922 0.49567
vt 0.150078 0.493483
vt 0.454104 0.395859
vt 0.136538 0.395859
vt 0.448916 0.49567
vt 0.56627 0.501581
vt 0.633231 0.394891
vt 0.662428 0.501581
vt 0.662428 0.501581
vt 0.633231 0.394891
vt 0.56627 0.501581
vt 0.518028 0.501581
vt 0.493979 0.39411
vt 0.533884 0.393539
vt 0.493979 0.39411
vt 0.518028 0.501581
vt 0.533884 0.393539
vt 0.191957 0.343918
vt 0.194375 0.317708
vt 0.318192 0.31716
vt 0.299103 0.361135
vt 0.110922 0.317164
vt 0.279133 0.387328
vt 0.181943 0.376742
vt 0.0673404 0.320636
vt 0.0317564 0.20713
vt 0.0889023 0.207129
vt 0.203741 0.20713
vt 0.350593 0.20713
vt 0.318236 0.317141
vt 0.194418 0.317689
vt 0.192 0.343898
vt 0.299147 0.361116
vt 0.110962 0.317145
vt 0.181984 0.376723
vt 0.279178 0.387309
vt 0.0673806 0.320617
vt 0.0889424 0.207109
vt 0.0317955 0.207111
vt 0.203783 0.207111
vt 0.350638 0.207111
vt 0.374164 0.0443342
vt 0.318152 0.132106
vt 0.318411 0.043268
vt 0.375582 0.130364
vt 0.0952899 0.043268
vt 0.0955485 0.132106
vt 0.039538 0.0443342
vt 0.0381204 0.130364
vt 0.837008 0.0272079
vt 0.836022 0.0272079
vt 0.836763 0.0167348
vt 0.835878 0.0167348
vt 0.836898 0.0272079
vt 0.836677 0.0171427
vt 0.838896 0.0272079
vt 0.838502 0.0171427
vt 0.839772 0.0272079
vt 0.839301 0.0167348
vt 0.838786 0.0272079
vt 0.838416 0.0167348
vt 0.768685 0.00947523
vt 0.765534 0.0116809
vt 0.768337 0.00929743
vt 0.765747 0.0117573
vt 0.768887 0.00954592
vt 0.768337 0.00929743
vt 0.765534 0.0116809
vt 0.768685 0.00947523
vt 0.765747 0.0117573
vt 0.768887 0.00954592
vt 0.752851 0.00859755
vt 0.75524 0.0113126
vt 0.75272 0.00960863
vt 0.758534 0.00882733
vt 0.756014 0.0116042
vt 0.757322 0.0117952
vt 0.759405 0.0118323
vt 0.765498 0.00910211
vt 0.764783 0.0111361
vt 0.759722 0.00887328
vt 0.764082 0.0116588
vt 0.762692 0.0118234
vt 0.760172 0.0118428
vt 0.75272 0.00960863
vt 0.75524 0.0113126
vt 0.752851 0.00859755
vt 0.758534 0.00882733
vt 0.756014 0.0116042
vt 0.757322 0.0117952
vt 0.759405 0.0118323
vt 0.759722 0.00887328
vt 0.764783 0.0111361
vt 0.765498 0.00910211
vt 0.764082 0.0116588
vt 0.762692 0.0118234
vt 0.760172 0.0118428
vt 0.755085 0.0115362
vt 0.750307 0.00888127
vt 0.750969 0.00882471
vt 0.749915 0.0089308
vt 0.75492 0.0116988
vt 0.750969 0.00882471
vt 0.750307 0.00888127
vt 0.755085 0.0115362
vt 0.749915 0.0089308
vt 0.75492 0.0116988
vt 0.252165 0.824816
vt 0.355534 0.841703
vt 0.256757 0.841694
vt 0.342539 0.824719
vt 0.146608 0.841694
vt 0.0478328 0.841703
vt 0.1512 0.824816
vt 0.0608274 0.824719
vt 0.146608 0.841694
vt 0.1512 0.824816
vt 0.256757 0.841694
vt 0.252165 0.824816
vt 0.368724 0.841606
vt 0.369115 0.813043
vt 0.379863 0.847782
vt 0.360419 0.815841
vt 0.363253 0.809473
vt 0.349574 0.813236
vt 0.355045 0.816034
vt 0.363253 0.841703
vt 0.347718 0.816034
vt 0.342539 0.813429
vt 0.370581 0.849519
vt 0.368236 0.876152
vt 0.365012 0.849519
vt 0.374489 0.876442
vt 0.379863 0.847782
vt 0.387582 0.876863
vt 0.0235046 0.847782
vt 0.034252 0.813043
vt 0.0346428 0.841606
vt 0.0429475 0.815841
vt 0.040114 0.809473
vt 0.0537927 0.813236
vt 0.0483212 0.816034
vt 0.040114 0.841703
vt 0.055649 0.816034
vt 0.0608274 0.813429
vt 0.0383553 0.849519
vt 0.0351311 0.876152
vt 0.0327863 0.849519
vt 0.0288781 0.876442
vt 0.0235046 0.847782
vt 0.0157858 0.876863
vt 0.379228 0.883267
vt 0.374489 0.876442
vt 0.387582 0.876863
vt 0.0157858 0.876863
vt 0.0288781 0.876442
vt 0.0241396 0.883267
vt 0.371536 0.88281
vt 0.368236 0.876152
vt 0.361006 0.883003
vt 0.0318315 0.88281
vt 0.0351311 0.876152
vt 0.0423614 0.883003
vt 0.363253 0.841703
vt 0.370581 0.849519
vt 0.365012 0.849519
vt 0.368724 0.841606
vt 0.379863 0.847782
vt 0.0383553 0.849519
vt 0.0327863 0.849519
vt 0.040114 0.841703
vt 0.0346428 0.841606
vt 0.0235046 0.847782
vt 0.355534 0.841703
vt 0.342539 0.824719
vt 0.347718 0.816034
vt 0.363253 0.841703
vt 0.347718 0.816034
vt 0.355045 0.816034
vt 0.355534 0.841703
vt 0.365012 0.849519
vt 0.360517 0.876056
vt 0.357293 0.849519
vt 0.368236 0.876152
vt 0.347718 0.816034
vt 0.252165 0.814008
vt 0.342539 0.813429
vt 0.252165 0.816517
vt 0.252165 0.824816
vt 0.342539 0.824719
vt 0.252165 0.876056
vt 0.252165 0.849519
vt 0.055649 0.816034
vt 0.0608274 0.824719
vt 0.0478328 0.841703
vt 0.0483212 0.816034
vt 0.055649 0.816034
vt 0.040114 0.841703
vt 0.0478328 0.841703
vt 0.0460741 0.849519
vt 0.0428497 0.876056
vt 0.0383553 0.849519
vt 0.0351311 0.876152
vt 0.0608274 0.813429
vt 0.1512 0.814008
vt 0.055649 0.816034
vt 0.1512 0.816517
vt 0.1512 0.824816
vt 0.0608274 0.824719
vt 0.1512 0.876056
vt 0.1512 0.849519
vt 0.361006 0.883003
vt 0.360517 0.876056
vt 0.368236 0.876152
vt 0.0351311 0.876152
vt 0.0428497 0.876056
vt 0.0423614 0.883003
vt 0.252165 0.876056
vt 0.277394 0.878468
vt 0.252165 0.877985
vt 0.1512 0.877985
vt 0.1512 0.876056
vt 0.283257 0.883003
vt 0.125971 0.878468
vt 0.120109 0.883003
vt 0.355534 0.841703
vt 0.365012 0.849519
vt 0.357293 0.849519
vt 0.363253 0.841703
vt 0.0460741 0.849519
vt 0.0383553 0.849519
vt 0.0478328 0.841703
vt 0.040114 0.841703
vt 0.256757 0.841694
vt 0.252165 0.849519
vt 0.146608 0.841694
vt 0.1512 0.849519
vt 0.285088 0.91919
vt 0.290995 0.946625
vt 0.280159 0.924798
vt 0.298339 0.943804
vt 0.310883 0.957885
vt 0.123206 0.924798
vt 0.11237 0.946625
vt 0.118277 0.91919
vt 0.105026 0.943804
vt 0.0924832 0.957885
vt 0.290995 0.946625
vt 0.310883 0.957885
vt 0.252165 0.959333
vt 0.358111 0.918249
vt 0.298339 0.943804
vt 0.285088 0.91919
vt 0.359466 0.939172
vt 0.359466 0.956438
vt 0.25261 0.947708
vt 0.280159 0.924798
vt 0.251984 0.925586
vt 0.1512 0.959333
vt 0.0924832 0.957885
vt 0.11237 0.946625
vt 0.118277 0.91919
vt 0.105026 0.943804
vt 0.0452559 0.918249
vt 0.0439012 0.939172
vt 0.0439012 0.956438
vt 0.150755 0.947708
vt 0.151381 0.925586
vt 0.123206 0.924798
vt 0.285088 0.957886
vt 0.290995 0.982081
vt 0.280159 0.963494
vt 0.298339 0.97926
vt 0.310883 0.957885
vt 0.123206 0.94736
vt 0.11237 0.967577
vt 0.118277 0.941752
vt 0.105026 0.964755
vt 0.0924832 0.957885
vt 0.290995 0.982081
vt 0.310883 0.957885
vt 0.252165 0.959333
vt 0.358111 0.927113
vt 0.298339 0.97926
vt 0.285088 0.957886
vt 0.359466 0.974628
vt 0.359466 0.956438
vt 0.25261 0.983163
vt 0.280159 0.963494
vt 0.251984 0.942253
vt 0.1512 0.959333
vt 0.0924832 0.957885
vt 0.11237 0.967577
vt 0.118277 0.941752
vt 0.105026 0.964755
vt 0.0452559 0.940811
vt 0.0439012 0.974628
vt 0.0439012 0.956438
vt 0.150755 0.968658
vt 0.151381 0.948149
vt 0.123206 0.94736
vt 0.238366 0.804691
vt 0.355534 0.841703
vt 0.245218 0.820614
vt 0.342539 0.824719
vt 0.147282 0.827112
vt 0.0494826 0.823702
vt 0.152355 0.814454
vt 0.0638867 0.808156
vt 0.147282 0.827112
vt 0.152355 0.814454
vt 0.245218 0.820614
vt 0.238366 0.804691
vt 0.368724 0.841606
vt 0.369115 0.813043
vt 0.379863 0.847782
vt 0.360419 0.815841
vt 0.363253 0.809473
vt 0.349574 0.813236
vt 0.355045 0.816034
vt 0.363253 0.841703
vt 0.347718 0.816034
vt 0.342539 0.813429
vt 0.370581 0.849519
vt 0.368236 0.876152
vt 0.365012 0.849519
vt 0.374489 0.876442
vt 0.379863 0.847782
vt 0.387582 0.876863
vt 0.024739 0.827205
vt 0.0384416 0.793749
vt 0.0363608 0.822224
vt 0.046856 0.797445
vt 0.044586 0.790808
vt 0.0578772 0.795989
vt 0.0521883 0.798202
vt 0.041799 0.822893
vt 0.059483 0.798968
vt 0.0648632 0.796917
vt 0.0393724 0.83049
vt 0.0338596 0.856664
vt 0.0338287 0.829906
vt 0.02761 0.856297
vt 0.024739 0.827205
vt 0.0145407 0.855345
vt 0.379228 0.883267
vt 0.374489 0.876442
vt 0.387582 0.876863
vt 0.0145407 0.855345
vt 0.02761 0.856297
vt 0.0223027 0.862595
vt 0.371536 0.88281
vt 0.368236 0.876152
vt 0.361006 0.883003
vt 0.0299993 0.862947
vt 0.0338596 0.856664
vt 0.0404645 0.864242
vt 0.363253 0.841703
vt 0.370581 0.849519
vt 0.365012 0.849519
vt 0.368724 0.841606
vt 0.379863 0.847782
vt 0.0393724 0.83049
vt 0.0338287 0.829906
vt 0.041799 0.822893
vt 0.0363608 0.822224
vt 0.024739 0.827205
vt 0.355534 0.841703
vt 0.342539 0.824719
vt 0.347718 0.816034
vt 0.363253 0.841703
vt 0.347718 0.816034
vt 0.355045 0.816034
vt 0.355534 0.841703
vt 0.365012 0.849519
vt 0.360517 0.876056
vt 0.357293 0.849519
vt 0.368236 0.876152
vt 0.347718 0.816034
vt 0.236885 0.794007
vt 0.342539 0.813429
vt 0.237229 0.796487
vt 0.238366 0.804691
vt 0.342539 0.824719
vt 0.245386 0.855345
vt 0.24175 0.829112
vt 0.059483 0.798968
vt 0.0638867 0.808156
vt 0.0494826 0.823702
vt 0.0521883 0.798202
vt 0.059483 0.798968
vt 0.041799 0.822893
vt 0.0494826 0.823702
vt 0.047056 0.831298
vt 0.0415514 0.857377
vt 0.0393724 0.83049
vt 0.0338596 0.856664
vt 0.0648632 0.796917
vt 0.152841 0.80366
vt 0.059483 0.798968
vt 0.152728 0.806166
vt 0.152355 0.814454
vt 0.0638867 0.808156
vt 0.149746 0.861738
vt 0.151381 0.835262
vt 0.361006 0.883003
vt 0.360517 0.876056
vt 0.368236 0.876152
vt 0.0338596 0.856664
vt 0.0415514 0.857377
vt 0.0404645 0.864242
vt 0.245386 0.855345
vt 0.270657 0.853542
vt 0.24565 0.857253
vt 0.149627 0.863664
vt 0.149746 0.861738
vt 0.277074 0.857052
vt 0.124427 0.862261
vt 0.118298 0.866348
vt 0.355534 0.841703
vt 0.365012 0.849519
vt 0.357293 0.849519
vt 0.363253 0.841703
vt 0.047056 0.831298
vt 0.0393724 0.83049
vt 0.0494826 0.823702
vt 0.041799 0.822893
vt 0.245218 0.820614
vt 0.24175 0.829112
vt 0.147282 0.827112
vt 0.151381 0.835262
vt 0.644821 0.976123
vt 0.733053 0.968759
vt 0.641698 0.972669
vt 0.707637 0.974193
vt 0.74141 0.969341
vt 0.715885 0.961588
vt 0.638383 0.962369
vt 0.712592 0.952425
vt 0.709446 0.938273
vt 0.638379 0.939142
vt 0.638471 0.954283
vt 0.534706 0.972669
vt 0.443352 0.968759
vt 0.531583 0.976123
vt 0.468768 0.974193
vt 0.434995 0.969341
vt 0.460521 0.961588
vt 0.538021 0.962369
vt 0.463812 0.952425
vt 0.537933 0.954283
vt 0.538025 0.939142
vt 0.466959 0.938273
vt 0.694182 0.883196
vt 0.633533 0.883293
vt 0.694182 0.883293
vt 0.633533 0.883196
vt 0.748775 0.840661
vt 0.7486 0.816903
vt 0.73494 0.82911
vt 0.760129 0.8335
vt 0.755635 0.813043
vt 0.482223 0.883293
vt 0.542871 0.883293
vt 0.482223 0.883196
vt 0.542871 0.883196
vt 0.441466 0.82911
vt 0.427805 0.816903
vt 0.427631 0.840661
vt 0.416276 0.8335
vt 0.420771 0.813043
vt 0.722513 0.842475
vt 0.632037 0.83157
vt 0.6336 0.842861
vt 0.720074 0.830991
vt 0.73494 0.82911
vt 0.748775 0.840661
vt 0.542803 0.842861
vt 0.544367 0.83157
vt 0.453892 0.842475
vt 0.456331 0.830991
vt 0.441466 0.82911
vt 0.427631 0.840661
vt 0.700533 0.888214
vt 0.694182 0.883293
vt 0.703562 0.897092
vt 0.694182 0.883196
vt 0.756757 0.888214
vt 0.769705 0.883003
vt 0.759366 0.883196
vt 0.759926 0.89731
vt 0.749872 0.897092
vt 0.472843 0.897092
vt 0.482223 0.883293
vt 0.475872 0.888214
vt 0.482223 0.883196
vt 0.41704 0.883196
vt 0.406701 0.883003
vt 0.419648 0.888214
vt 0.41648 0.89731
vt 0.426533 0.897092
vt 0.731795 0.888214
vt 0.72945 0.897092
vt 0.731795 0.883196
vt 0.700533 0.888214
vt 0.694182 0.883196
vt 0.703562 0.897092
vt 0.44461 0.888214
vt 0.446955 0.897092
vt 0.44461 0.883196
vt 0.482223 0.883196
vt 0.475872 0.888214
vt 0.472843 0.897092
vt 0.760129 0.8335
vt 0.759366 0.883196
vt 0.769705 0.883003
vt 0.748775 0.840661
vt 0.766382 0.847782
vt 0.774101 0.876863
vt 0.755635 0.813043
vt 0.406701 0.883003
vt 0.41704 0.883196
vt 0.416276 0.8335
vt 0.427631 0.840661
vt 0.410024 0.847782
vt 0.402305 0.876863
vt 0.420771 0.813043
vt 0.722513 0.842475
vt 0.759366 0.883196
vt 0.748775 0.840661
vt 0.731795 0.883196
vt 0.694182 0.883196
vt 0.6336 0.842861
vt 0.633533 0.883196
vt 0.427631 0.840661
vt 0.41704 0.883196
vt 0.453892 0.842475
vt 0.44461 0.883196
vt 0.482223 0.883196
vt 0.542803 0.842861
vt 0.542871 0.883196
vt 0.644821 0.976123
vt 0.733053 0.989585
vt 0.641698 0.978298
vt 0.707637 0.974193
vt 0.74141 0.969341
vt 0.715885 0.982414
vt 0.638383 0.967998
vt 0.712592 0.973251
vt 0.709446 0.959099
vt 0.638379 0.944771
vt 0.638471 0.959912
vt 0.534706 0.978298
vt 0.443352 0.989585
vt 0.531583 0.976123
vt 0.468768 0.974193
vt 0.434995 0.969341
vt 0.460521 0.982414
vt 0.538021 0.967998
vt 0.463812 0.973251
vt 0.537933 0.959912
vt 0.538025 0.944771
vt 0.466959 0.959099
vt 0.716088 0.874978
vt 0.651487 0.885584
vt 0.71291 0.875074
vt 0.654709 0.885488
vt 0.770794 0.83846
vt 0.754701 0.814818
vt 0.757661 0.82551
vt 0.764408 0.832543
vt 0.755635 0.813043
vt 0.506741 0.870844
vt 0.563538 0.875987
vt 0.509919 0.870748
vt 0.566761 0.875891
vt 0.470945 0.812651
vt 0.431754 0.799066
vt 0.453463 0.822672
vt 0.419144 0.81435
vt 0.419681 0.794483
vt 0.747937 0.837485
vt 0.656792 0.833994
vt 0.658898 0.845386
vt 0.745019 0.825808
vt 0.757661 0.82551
vt 0.770794 0.83846
vt 0.570816 0.835775
vt 0.571799 0.824714
vt 0.48578 0.827256
vt 0.487682 0.816095
vt 0.470945 0.812651
vt 0.453463 0.822672
vt 0.721352 0.88064
vt 0.71291 0.875074
vt 0.721112 0.889789
vt 0.716088 0.874978
vt 0.773279 0.886592
vt 0.76869 0.882781
vt 0.776484 0.881878
vt 0.773047 0.895972
vt 0.765667 0.894691
vt 0.496406 0.883572
vt 0.506741 0.870844
vt 0.502632 0.875065
vt 0.509919 0.870748
vt 0.438223 0.863848
vt 0.404476 0.862561
vt 0.440174 0.869114
vt 0.43368 0.877823
vt 0.446167 0.87867
vt 0.751869 0.88395
vt 0.746418 0.892529
vt 0.752848 0.87896
vt 0.721352 0.88064
vt 0.716088 0.874978
vt 0.721112 0.889789
vt 0.471368 0.871756
vt 0.470551 0.880832
vt 0.472346 0.866766
vt 0.509919 0.870748
vt 0.502632 0.875065
vt 0.496406 0.883572
vt 0.764408 0.832543
vt 0.776484 0.881878
vt 0.76869 0.882781
vt 0.770794 0.83846
vt 0.766382 0.847782
vt 0.774101 0.876863
vt 0.755635 0.813043
vt 0.404476 0.862561
vt 0.438223 0.863848
vt 0.419144 0.81435
vt 0.453463 0.822672
vt 0.405176 0.827889
vt 0.392168 0.85599
vt 0.419681 0.794483
vt 0.747937 0.837485
vt 0.776484 0.881878
vt 0.770794 0.83846
vt 0.752848 0.87896
vt 0.716088 0.874978
vt 0.658898 0.845386
vt 0.654709 0.885488
vt 0.453463 0.822672
vt 0.438223 0.863848
vt 0.48578 0.827256
vt 0.472346 0.866766
vt 0.509919 0.870748
vt 0.570816 0.835775
vt 0.566761 0.875891
vt 0.563538 0.875987
vt 0.651487 0.885584
vt 0.566761 0.875891
vt 0.654709 0.885488
vt 0.656792 0.833994
vt 0.570816 0.835775
vt 0.658898 0.845386
vt 0.571799 0.824714
vt 0.566761 0.875891
vt 0.658898 0.845386
vt 0.570816 0.835775
vt 0.654709 0.885488


usemtl carskin

g car04

f 1/1/1 2/2/2 3/3/3
f 1/1/1 4/4/4 2/2/2
f 4/4/4 5/5/5 2/2/2
f 4/4/4 6/6/6 5/5/5
f 4/4/4 7/7/7 6/6/6
f 8/8/8 9/9/9 10/10/10
f 9/9/9 11/11/11 10/10/10
f 9/9/9 12/12/12 11/11/11
f 12/12/12 13/13/13 11/11/11
f 13/13/13 14/14/14 11/11/11
f 15/15/15 14/14/14 16/16/16
f 17/17/17 16/16/16 14/14/14
f 16/16/16 17/17/17 18/18/18
f 19/19/19 18/18/18 17/17/17
f 20/20/20 21/21/21 22/22/22
f 21/21/21 20/20/20 23/23/23
f 24/24/24 25/25/25 26/26/26
f 24/24/24 27/27/27 25/25/25
f 28/28/28 29/29/29 30/30/30
f 28/28/28 30/30/30 31/31/31
f 32/32/32 33/33/33 34/34/34
f 33/33/33 32/32/32 35/35/35
f 35/35/35 36/36/36 33/33/33
f 36/36/36 35/35/35 37/37/37
f 36/36/36 38/38/38 39/39/39
f 38/38/38 36/36/36 37/37/37
f 40/40/40 41/41/41 42/42/42
f 40/40/40 43/43/43 41/41/41
f 44/44/44 45/45/45 46/46/46
f 44/44/44 47/47/47 45/45/45
f 45/45/45 48/48/48 49/49/49
f 45/45/45 47/47/47 48/48/48
f 50/50/50 48/48/48 47/47/47
f 48/48/48 50/50/50 51/51/51
f 52/52/52 51/51/51 50/50/50
f 51/51/51 52/52/52 53/53/53
f 54/54/54 53/53/53 52/52/52
f 54/54/54 55/55/55 53/53/53
f 56/56/56 53/53/53 55/55/55
f 56/56/56 55/55/55 57/57/57
f 58/58/58 57/57/57 55/55/55
f 57/57/57 59/59/59 60/60/60
f 59/59/59 57/57/57 58/58/58
f 60/60/60 61/61/61 62/62/62
f 61/61/61 60/60/60 59/59/59
f 63/63/63 64/64/64 65/65/65
f 64/64/64 66/66/66 65/65/65
f 67/67/67 68/68/68 64/64/64
f 68/68/68 66/66/66 64/64/64
f 66/66/66 68/68/68 69/69/69
f 70/70/70 69/69/69 68/68/68
f 69/69/69 70/70/70 71/71/71
f 72/72/72 71/71/71 70/70/70
f 71/71/71 72/72/72 73/73/73
f 72/72/72 74/74/74 73/73/73
f 74/74/74 72/72/72 75/75/75
f 76/76/76 74/74/74 75/75/75
f 74/74/74 76/76/76 77/77/77
f 78/78/78 79/79/79 76/76/76
f 77/77/77 76/76/76 79/79/79
f 80/80/80 81/81/81 78/78/78
f 79/79/79 78/78/78 81/81/81
f 82/82/82 83/83/83 84/84/84
f 83/83/83 82/82/82 85/85/85
f 86/86/86 87/87/87 82/82/82
f 85/85/85 82/82/82 87/87/87
f 88/88/88 89/89/89 90/90/90
f 89/89/89 88/88/88 91/91/91
f 92/92/92 93/93/93 94/94/94
f 93/93/93 92/92/92 95/95/95
f 96/96/96 97/97/97 98/98/98
f 99/99/99 98/98/98 97/97/97
f 100/100/100 101/101/101 102/102/102
f 103/103/103 104/104/104 105/105/105
f 102/102/102 103/103/103 100/100/100
f 105/105/105 100/100/100 103/103/103
f 106/106/106 107/107/107 108/108/108
f 107/107/107 109/109/109 108/108/108
f 107/107/107 110/110/110 109/109/109
f 111/111/111 109/109/109 110/110/110
f 111/111/111 112/112/112 109/109/109
f 112/112/112 113/113/113 109/109/109
f 113/113/113 114/114/114 109/109/109
f 113/113/113 115/115/115 114/114/114
f 115/115/115 116/116/116 114/114/114
f 117/117/117 118/118/118 119/119/119
f 117/117/117 120/120/120 118/118/118
f 120/120/120 121/121/121 118/118/118
f 121/121/121 120/120/120 122/122/122
f 120/120/120 123/123/123 122/122/122
f 120/120/120 124/124/124 123/123/123
f 120/120/120 125/125/125 124/124/124
f 125/125/125 126/126/126 124/124/124
f 125/125/125 127/127/127 126/126/126
f 128/128/128 129/129/129 130/130/130
f 129/129/129 128/128/128 131/131/131
f 132/132/132 133/133/133 134/134/134
f 132/132/132 135/135/135 133/133/133
f 136/136/136 137/137/137 138/138/138
f 137/137/137 139/139/139 138/138/138
f 140/140/140 141/141/141 142/142/142
f 140/140/140 143/143/143 141/141/141
f 144/144/144 145/145/145 143/143/143
f 141/141/141 146/146/146 147/147/147
f 141/141/141 145/145/145 146/146/146
f 145/145/145 141/141/141 143/143/143
f 146/146/146 145/145/145 148/148/148
f 149/149/149 148/148/148 145/145/145
f 148/148/148 150/150/150 151/151/151
f 150/150/150 148/148/148 149/149/149
f 150/150/150 152/152/152 151/151/151
f 152/152/152 150/150/150 153/153/153
f 153/153/153 154/154/154 152/152/152
f 154/154/154 153/153/153 155/155/155
f 155/155/155 156/156/156 154/154/154
f 156/156/156 155/155/155 157/157/157
f 158/158/158 159/159/159 160/160/160
f 161/161/161 160/160/160 159/159/159
f 162/162/162 163/163/163 164/164/164
f 162/162/162 165/165/165 163/163/163
f 166/166/166 164/164/164 167/167/167
f 166/166/166 162/162/162 164/164/164
f 168/168/168 169/169/169 170/170/170
f 169/169/169 171/171/171 170/170/170
f 172/172/172 168/168/168 173/173/173
f 168/168/168 170/170/170 173/173/173
f 174/174/174 175/175/175 176/176/176
f 174/174/174 177/177/177 175/175/175
f 176/176/176 178/178/178 179/179/179
f 176/176/176 175/175/175 178/178/178
f 180/180/180 178/178/178 181/181/181
f 178/178/178 180/180/180 179/179/179
f 182/182/182 183/183/183 184/184/184
f 183/183/183 185/185/185 184/184/184
f 186/186/186 187/187/187 188/188/188
f 187/187/187 189/189/189 188/188/188
f 190/190/190 191/191/191 192/192/192
f 191/191/191 193/193/193 194/194/194
f 190/190/190 195/195/195 191/191/191
f 193/193/193 191/191/191 195/195/195
f 196/196/196 197/197/197 198/198/198
f 197/197/197 199/199/199 200/200/200
f 197/197/197 201/201/201 199/199/199
f 201/201/201 197/197/197 196/196/196
f 202/202/202 203/203/203 204/204/204
f 202/202/202 205/205/205 203/203/203
f 202/202/202 206/206/206 205/205/205
f 202/202/202 207/207/207 206/206/206
f 207/207/207 208/208/208 206/206/206
f 207/207/207 209/209/209 208/208/208
f 210/210/210 211/211/211 212/212/212
f 213/213/213 212/212/212 211/211/211
f 214/214/214 213/213/213 215/215/215
f 213/213/213 211/211/211 215/215/215
f 216/216/216 217/217/217 218/218/218
f 219/219/219 218/218/218 217/217/217
f 220/220/220 221/221/221 222/222/222
f 221/221/221 220/220/220 223/223/223
f 224/224/224 225/225/225 226/226/226
f 225/225/225 224/224/224 227/227/227
f 227/227/227 228/228/228 225/225/225
f 228/228/228 227/227/227 229/229/229
f 229/229/229 230/230/230 228/228/228
f 230/230/230 229/229/229 231/231/231
f 231/231/231 232/232/232 230/230/230
f 232/232/232 231/231/231 233/233/233
f 234/234/234 235/235/235 236/236/236
f 237/237/237 236/236/236 235/235/235
f 235/235/235 238/238/238 237/237/237
f 239/239/239 237/237/237 238/238/238
f 238/238/238 240/240/240 239/239/239
f 241/241/241 239/239/239 240/240/240
f 240/240/240 242/242/242 241/241/241
f 243/243/243 241/241/241 242/242/242
f 244/244/244 245/245/245 246/246/246
f 244/244/244 247/247/247 245/245/245
f 248/248/248 245/245/245 247/247/247
f 249/249/249 250/250/250 251/251/251
f 251/251/251 252/252/252 249/249/249
f 252/252/252 253/253/253 249/249/249
f 253/253/253 254/254/254 249/249/249
f 254/254/254 253/253/253 255/255/255
f 256/256/256 257/257/257 258/258/258
f 257/257/257 259/259/259 258/258/258
f 258/258/258 260/260/260 261/261/261
f 258/258/258 259/259/259 260/260/260
f 262/262/262 263/263/263 256/256/256
f 263/263/263 257/257/257 256/256/256
f 264/264/264 265/265/265 266/266/266
f 265/265/265 267/267/267 266/266/266
f 267/267/267 265/265/265 268/268/268
f 269/269/269 270/270/270 271/271/271
f 271/271/271 272/272/272 269/269/269
f 271/271/271 273/273/273 272/272/272
f 271/271/271 274/274/274 273/273/273
f 275/275/275 273/273/273 274/274/274
f 276/276/276 277/277/277 278/278/278
f 279/279/279 280/280/280 281/281/281
f 276/276/276 282/282/282 277/277/277
f 282/282/282 280/280/280 277/277/277
f 280/280/280 283/283/283 281/281/281
f 280/280/280 282/282/282 283/283/283
f 284/284/284 277/277/277 280/280/280
f 277/277/277 284/284/284 285/285/285
f 286/286/286 285/285/285 284/284/284
f 285/285/285 286/286/286 287/287/287
f 288/288/288 287/287/287 286/286/286
f 287/287/287 288/288/288 289/289/289
f 290/290/290 289/289/289 288/288/288
f 289/289/289 290/290/290 291/291/291
f 292/292/292 293/293/293 294/294/294
f 295/295/295 292/292/292 294/294/294
f 292/292/292 296/296/296 293/293/293
f 297/297/297 293/293/293 296/296/296
f 296/296/296 291/291/291 290/290/290
f 291/291/291 296/296/296 292/292/292
f 298/298/298 299/299/299 300/300/300
f 299/299/299 301/301/301 300/300/300
f 301/301/301 302/302/302 300/300/300
f 300/300/300 302/302/302 303/303/303
f 302/302/302 304/304/304 303/303/303
f 305/305/305 306/306/306 301/301/301
f 306/306/306 307/307/307 301/301/301
f 301/301/301 307/307/307 302/302/302
f 302/302/302 307/307/307 308/308/308
f 307/307/307 309/309/309 308/308/308
f 310/310/310 311/311/311 312/312/312
f 312/312/312 311/311/311 313/313/313
f 313/313/313 311/311/311 314/314/314
f 311/311/311 310/310/310 314/314/314
f 315/315/315 316/316/316 317/317/317
f 316/316/316 318/318/318 317/317/317
f 319/319/319 320/320/320 321/321/321
f 320/320/320 322/322/322 321/321/321
f 323/323/323 324/324/324 325/325/325
f 324/324/324 326/326/326 325/325/325
f 327/327/327 328/328/328 329/329/329
f 328/328/328 330/330/330 329/329/329
f 331/331/331 332/332/332 333/333/333
f 331/331/331 334/334/334 332/332/332
f 331/331/331 335/335/335 334/334/334
f 336/336/336 337/337/337 338/338/338
f 336/336/336 339/339/339 337/337/337
f 338/338/338 340/340/340 341/341/341
f 338/338/338 337/337/337 340/340/340
f 342/342/342 335/335/335 331/331/331
f 342/342/342 343/343/343 335/335/335
f 344/344/344 345/345/345 342/342/342
f 345/345/345 346/346/346 342/342/342
f 346/346/346 343/343/343 342/342/342
f 341/341/341 340/340/340 347/347/347
f 340/340/340 348/348/348 347/347/347
f 349/349/349 350/350/350 351/351/351
f 349/349/349 352/352/352 350/350/350
f 353/353/353 354/354/354 355/355/355
f 354/354/354 356/356/356 355/355/355
f 357/357/357 358/358/358 359/359/359
f 357/357/357 360/360/360 358/358/358
f 361/361/361 362/362/362 363/363/363
f 361/361/361 364/364/364 362/362/362
f 359/359/359 358/358/358 365/365/365
f 366/366/366 364/364/364 361/361/361
f 366/366/366 367/367/367 364/364/364
f 359/359/359 368/368/368 369/369/369
f 359/359/359 365/365/365 368/368/368
f 369/369/369 370/370/370 371/371/371
f 370/370/370 372/372/372 371/371/371
f 373/373/373 374/374/374 366/366/366
f 374/374/374 367/367/367 366/366/366
f 368/368/368 370/370/370 369/369/369
f 375/375/375 376/376/376 377/377/377
f 375/375/375 378/378/378 376/376/376
f 379/379/379 380/380/380 381/381/381
f 380/380/380 382/382/382 381/381/381
f 383/383/383 384/384/384 385/385/385
f 384/384/384 386/386/386 385/385/385
f 387/387/387 388/388/388 389/389/389
f 390/390/390 389/389/389 388/388/388
f 391/391/391 392/392/392 393/393/393
f 394/394/394 393/393/393 392/392/392
f 395/395/395 396/396/396 397/397/397
f 396/396/396 395/395/395 398/398/398
f 399/399/399 398/398/398 400/400/400
f 398/398/398 395/395/395 400/400/400
f 401/401/401 402/402/402 403/403/403
f 402/402/402 404/404/404 403/403/403
f 405/405/405 406/406/406 407/407/407
f 405/405/405 408/408/408 406/406/406
f 409/409/409 410/410/410 411/411/411
f 410/410/410 412/412/412 411/411/411
f 405/405/405 412/412/412 408/408/408
f 412/412/412 405/405/405 411/411/411
f 413/413/413 414/414/414 415/415/415
f 414/414/414 413/413/413 416/416/416
f 417/417/417 418/418/418 419/419/419
f 420/420/420 419/419/419 418/418/418
f 421/421/421 422/422/422 423/423/423
f 422/422/422 424/424/424 423/423/423
f 425/425/425 426/426/426 427/427/427
f 426/426/426 428/428/428 427/427/427
f 429/429/429 430/430/430 431/431/431
f 430/430/430 432/432/432 431/431/431
f 433/433/433 434/434/434 435/435/435
f 434/434/434 436/436/436 435/435/435
f 437/437/437 438/438/438 439/439/439
f 439/439/439 438/438/438 440/440/440
f 441/441/441 442/442/442 443/443/443
f 443/443/443 442/442/442 444/444/444
f 442/442/442 445/445/445 444/444/444
f 444/444/444 445/445/445 446/446/446
f 447/447/447 448/448/448 449/449/449
f 449/449/449 448/448/448 450/450/450
f 451/451/451 452/452/452 453/453/453
f 453/453/453 452/452/452 454/454/454
f 452/452/452 455/455/455 454/454/454
f 454/454/454 455/455/455 456/456/456
f 455/455/455 457/457/457 456/456/456
f 456/456/456 457/457/457 458/458/458
f 457/457/457 459/459/459 458/458/458
f 458/458/458 459/459/459 460/460/460
f 461/461/461 462/462/462 463/463/463
f 463/463/463 462/462/462 464/464/464
f 462/462/462 465/465/465 464/464/464
f 464/464/464 465/465/465 466/466/466
f 467/467/467 468/468/468 469/469/469
f 469/469/469 468/468/468 470/470/470
f 471/471/471 472/472/472 473/473/473
f 472/472/472 474/474/474 473/473/473
f 473/473/473 474/474/474 475/475/475
f 474/474/474 476/476/476 475/475/475
f 477/477/477 478/478/478 479/479/479
f 478/478/478 480/480/480 479/479/479
f 479/479/479 480/480/480 481/481/481
f 480/480/480 482/482/482 481/481/481
f 481/481/481 482/482/482 483/483/483
f 482/482/482 484/484/484 483/483/483
f 483/483/483 484/484/484 485/485/485
f 484/484/484 486/486/486 485/485/485
f 487/487/487 488/488/488 489/489/489
f 488/488/488 490/490/490 489/489/489
f 489/489/489 490/490/490 491/491/491
f 490/490/490 492/492/492 491/491/491
f 493/493/493 494/494/494 495/495/495
f 493/493/493 496/496/496 494/494/494
f 497/497/497 498/498/498 499/499/499
f 497/497/497 500/500/500 498/498/498
f 501/501/501 502/502/502 503/503/503
f 503/503/503 504/504/504 505/505/505
f 506/506/506 507/507/507 508/508/508
f 507/507/507 506/506/506 509/509/509
f 510/510/510 511/511/511 512/512/512
f 511/511/511 510/510/510 513/513/513
f 514/514/514 515/515/515 516/516/516
f 514/514/514 517/517/517 515/515/515
f 516/516/516 518/518/518 519/519/519
f 516/516/516 515/515/515 518/518/518
f 520/520/520 517/517/517 514/514/514
f 520/520/520 521/521/521 517/517/517
f 522/522/522 521/521/521 520/520/520
f 522/522/522 523/523/523 521/521/521
f 524/524/524 525/525/525 526/526/526
f 524/524/524 527/527/527 525/525/525
f 528/528/528 529/529/529 530/530/530
f 528/528/528 531/531/531 529/529/529
f 532/532/532 533/533/533 534/534/534
f 532/532/532 535/535/535 533/533/533
f 534/534/534 536/536/536 528/528/528
f 534/534/534 533/533/533 536/536/536
f 537/537/537 535/535/535 532/532/532
f 537/537/537 538/538/538 535/535/535
f 528/528/528 536/536/536 539/539/539
f 528/528/528 539/539/539 531/531/531
f 540/540/540 541/541/541 542/542/542
f 540/540/540 543/543/543 541/541/541
f 544/544/544 545/545/545 546/546/546
f 544/544/544 547/547/547 545/545/545
f 546/546/546 548/548/548 549/549/549
f 546/546/546 545/545/545 548/548/548
f 549/549/549 543/543/543 540/540/540
f 549/549/549 548/548/548 543/543/543
f 550/550/550 551/551/551 552/552/552
f 550/550/550 553/553/553 551/551/551
f 552/552/552 554/554/554 555/555/555
f 552/552/552 551/551/551 554/554/554
f 555/555/555 556/556/556 557/557/557
f 555/555/555 554/554/554 556/556/556
f 558/558/558 553/553/553 550/550/550
f 558/558/558 559/559/559 553/553/553
f 560/560/560 561/561/561 562/562/562
f 560/560/560 563/563/563 561/561/561
f 564/564/564 565/565/565 566/566/566
f 566/566/566 567/567/567 568/568/568
f 566/566/566 569/569/569 570/570/570
f 566/566/566 568/568/568 569/569/569
f 566/566/566 565/565/565 567/567/567
f 571/571/571 572/572/572 573/573/573
f 574/574/574 575/575/575 571/571/571
f 574/574/574 576/576/576 575/575/575
f 577/577/577 578/578/578 579/579/579
f 577/577/577 580/580/580 578/578/578
f 579/579/579 581/581/581 582/582/582
f 579/579/579 578/578/578 581/581/581
f 571/571/571 575/575/575 572/572/572
f 571/571/571 573/573/573 577/577/577
f 580/580/580 577/577/577 573/573/573
f 583/583/583 584/584/584 557/557/557
f 585/585/585 557/557/557 584/584/584
f 586/586/586 587/587/587 588/588/588
f 587/587/587 589/589/589 588/588/588
f 590/590/590 591/591/591 592/592/592
f 591/591/591 593/593/593 592/592/592
f 594/594/594 595/595/595 596/596/596
f 595/595/595 597/597/597 596/596/596
f 592/592/592 598/598/598 594/594/594
f 598/598/598 595/595/595 594/594/594
f 596/596/596 597/597/597 599/599/599
f 597/597/597 600/600/600 599/599/599
f 601/601/601 598/598/598 592/592/592
f 593/593/593 601/601/601 592/592/592
f 602/602/602 603/603/603 604/604/604
f 603/603/603 605/605/605 604/604/604
f 606/606/606 607/607/607 602/602/602
f 607/607/607 603/603/603 602/602/602
f 608/608/608 609/609/609 606/606/606
f 609/609/609 607/607/607 606/606/606
f 604/604/604 605/605/605 610/610/610
f 605/605/605 611/611/611 610/610/610
f 612/612/612 613/613/613 614/614/614
f 613/613/613 615/615/615 614/614/614
f 616/616/616 617/617/617 618/618/618
f 619/619/619 620/620/620 616/616/616
f 621/621/621 622/622/622 616/616/616
f 622/622/622 619/619/619 616/616/616
f 620/620/620 617/617/617 616/616/616
f 623/623/623 624/624/624 625/625/625
f 625/625/625 626/626/626 627/627/627
f 626/626/626 628/628/628 627/627/627
f 629/629/629 630/630/630 631/631/631
f 630/630/630 632/632/632 631/631/631
f 633/633/633 634/634/634 629/629/629
f 634/634/634 630/630/630 629/629/629
f 624/624/624 626/626/626 625/625/625
f 631/631/631 623/623/623 625/625/625
f 623/623/623 631/631/631 632/632/632
f 608/608/608 635/635/635 636/636/636
f 635/635/635 608/608/608 637/637/637
f 638/638/638 639/639/639 640/640/640
f 639/639/639 641/641/641 640/640/640
f 642/642/642 643/643/643 638/638/638
f 643/643/643 639/639/639 638/638/638
f 640/640/640 641/641/641 644/644/644
f 641/641/641 645/645/645 644/644/644
f 644/644/644 645/645/645 646/646/646
f 645/645/645 647/647/647 646/646/646
f 648/648/648 649/649/649 650/650/650
f 649/649/649 651/651/651 650/650/650
f 652/652/652 653/653/653 654/654/654
f 653/653/653 655/655/655 654/654/654
f 656/656/656 657/657/657 652/652/652
f 657/657/657 653/653/653 652/652/652
f 650/650/650 651/651/651 656/656/656
f 651/651/651 657/657/657 656/656/656
f 503/503/503 658/658/658 659/659/659
f 503/503/503 660/660/660 658/658/658
f 661/661/661 662/662/662 503/503/503
f 662/662/662 663/663/663 503/503/503
f 664/664/664 665/665/665 503/503/503
f 666/666/666 664/664/664 503/503/503
f 665/665/665 661/661/661 503/503/503
f 667/667/667 668/668/668 503/503/503
f 669/669/669 670/670/670 503/503/503
f 668/668/668 669/669/669 503/503/503
f 503/503/503 671/671/671 672/672/672
f 503/503/503 672/672/672 667/667/667
f 673/673/673 674/674/674 503/503/503
f 674/674/674 675/675/675 503/503/503
f 676/676/676 677/677/677 678/678/678
f 677/677/677 679/679/679 678/678/678
f 678/678/678 679/679/679 680/680/680
f 679/679/679 681/681/681 680/680/680
f 682/682/682 683/683/683 684/684/684
f 683/683/683 685/685/685 684/684/684
f 686/686/686 687/687/687 688/688/688
f 686/686/686 689/689/689 687/687/687
f 690/690/690 691/691/691 692/692/692
f 690/690/690 693/693/693 691/691/691
f 694/694/694 695/695/695 696/696/696
f 694/694/694 697/697/697 695/695/695
f 698/698/698 699/699/699 700/700/700
f 698/698/698 701/701/701 699/699/699
f 702/702/702 701/701/701 698/698/698
f 702/702/702 703/703/703 701/701/701
f 704/704/704 703/703/703 702/702/702
f 704/704/704 705/705/705 703/703/703
f 706/706/706 705/705/705 704/704/704
f 706/706/706 707/707/707 705/705/705
f 708/708/708 709/709/709 710/710/710
f 711/711/711 712/712/712 713/713/713
f 712/712/712 714/714/714 713/713/713
f 713/713/713 714/714/714 715/715/715
f 714/714/714 716/716/716 715/715/715
f 715/715/715 716/716/716 711/711/711
f 716/716/716 712/712/712 711/711/711
f 717/717/717 718/718/718 719/719/719
f 720/720/720 719/719/719 718/718/718
f 718/718/718 721/721/721 720/720/720
f 721/721/721 718/718/718 722/722/722
f 722/722/722 723/723/723 721/721/721
f 723/723/723 724/724/724 721/721/721
f 723/723/723 725/725/725 724/724/724
f 724/724/724 725/725/725 726/726/726
f 725/725/725 727/727/727 726/726/726
f 728/728/728 726/726/726 727/727/727
f 728/728/728 727/727/727 729/729/729
f 727/727/727 730/730/730 729/729/729
f 730/730/730 731/731/731 729/729/729
f 731/731/731 730/730/730 732/732/732
f 730/730/730 717/717/717 732/732/732
f 719/719/719 732/732/732 717/717/717
f 733/733/733 734/734/734 728/728/728
f 726/726/726 728/728/728 734/734/734
f 735/735/735 736/736/736 737/737/737
f 736/736/736 738/738/738 737/737/737
f 739/739/739 740/740/740 735/735/735
f 740/740/740 736/736/736 735/735/735
f 741/741/741 742/742/742 739/739/739
f 742/742/742 740/740/740 739/739/739
f 737/737/737 738/738/738 743/743/743
f 738/738/738 744/744/744 743/743/743
f 745/745/745 746/746/746 747/747/747
f 746/746/746 748/748/748 747/747/747
f 749/749/749 750/750/750 751/751/751
f 752/752/752 753/753/753 749/749/749
f 754/754/754 755/755/755 749/749/749
f 755/755/755 752/752/752 749/749/749
f 753/753/753 750/750/750 749/749/749
f 756/756/756 757/757/757 758/758/758
f 758/758/758 759/759/759 760/760/760
f 759/759/759 761/761/761 760/760/760
f 762/762/762 763/763/763 764/764/764
f 763/763/763 765/765/765 764/764/764
f 766/766/766 767/767/767 762/762/762
f 767/767/767 763/763/763 762/762/762
f 757/757/757 759/759/759 758/758/758
f 764/764/764 756/756/756 758/758/758
f 756/756/756 764/764/764 765/765/765
f 741/741/741 768/768/768 769/769/769
f 768/768/768 741/741/741 770/770/770
f 771/771/771 772/772/772 773/773/773
f 772/772/772 774/774/774 773/773/773
f 775/775/775 776/776/776 777/777/777
f 776/776/776 778/778/778 777/777/777
f 777/777/777 778/778/778 779/779/779
f 778/778/778 780/780/780 779/779/779
f 781/781/781 782/782/782 783/783/783
f 781/781/781 784/784/784 782/782/782
f 785/785/785 786/786/786 787/787/787
f 785/785/785 788/788/788 786/786/786
f 789/789/789 790/790/790 791/791/791
f 789/789/789 792/792/792 790/790/790
f 791/791/791 793/793/793 794/794/794
f 791/791/791 790/790/790 793/793/793
f 794/794/794 795/795/795 796/796/796
f 794/794/794 793/793/793 795/795/795
f 796/796/796 797/797/797 798/798/798
f 796/796/796 795/795/795 797/797/797
f 799/799/799 800/800/800 801/801/801
f 800/800/800 799/799/799 802/802/802
f 803/803/803 804/804/804 805/805/805
f 804/804/804 806/806/806 805/805/805
f 807/807/807 808/808/808 809/809/809
f 807/807/807 810/810/810 808/808/808
f 811/811/811 812/812/812 813/813/813
f 811/811/811 814/814/814 812/812/812
f 814/814/814 815/815/815 812/812/812
f 814/814/814 816/816/816 815/815/815
f 817/817/817 816/816/816 814/814/814
f 816/816/816 817/817/817 818/818/818
f 817/817/817 814/814/814 819/819/819
f 818/818/818 820/820/820 816/816/816
f 818/818/818 821/821/821 820/820/820
f 821/821/821 818/818/818 822/822/822
f 822/822/822 823/823/823 821/821/821
f 823/823/823 822/822/822 824/824/824
f 824/824/824 825/825/825 823/823/823
f 825/825/825 824/824/824 826/826/826
f 826/826/826 827/827/827 825/825/825
f 827/827/827 828/828/828 829/829/829
f 828/828/828 827/827/827 826/826/826
f 828/828/828 817/817/817 829/829/829
f 819/819/819 829/829/829 817/817/817
f 830/830/830 831/831/831 832/832/832
f 833/833/833 832/832/832 831/831/831
f 834/834/834 835/835/835 836/836/836
f 835/835/835 837/837/837 836/836/836
f 838/838/838 839/839/839 834/834/834
f 839/839/839 835/835/835 834/834/834
f 836/836/836 837/837/837 840/840/840
f 837/837/837 841/841/841 840/840/840
f 840/840/840 841/841/841 842/842/842
f 841/841/841 843/843/843 842/842/842
f 844/844/844 845/845/845 846/846/846
f 845/845/845 847/847/847 846/846/846
f 848/848/848 849/849/849 850/850/850
f 849/849/849 851/851/851 850/850/850
f 852/852/852 853/853/853 854/854/854
f 853/853/853 855/855/855 854/854/854
f 850/850/850 856/856/856 852/852/852
f 856/856/856 853/853/853 852/852/852
f 854/854/854 855/855/855 857/857/857
f 855/855/855 858/858/858 857/857/857
f 859/859/859 856/856/856 850/850/850
f 851/851/851 859/859/859 850/850/850
f 860/860/860 861/861/861 862/862/862
f 861/861/861 863/863/863 862/862/862
f 864/864/864 865/865/865 866/866/866
f 865/865/865 867/867/867 866/866/866
f 868/868/868 869/869/869 864/864/864
f 869/869/869 865/865/865 864/864/864
f 862/862/862 863/863/863 868/868/868
f 863/863/863 869/869/869 868/868/868
f 870/870/870 871/871/871 872/872/872
f 871/871/871 873/873/873 872/872/872
f 874/874/874 875/875/875 876/876/876
f 875/875/875 877/877/877 876/876/876
f 878/878/878 879/879/879 880/880/880
f 879/879/879 881/881/881 880/880/880
f 882/882/882 883/883/883 884/884/884
f 883/883/883 885/885/885 884/884/884
f 886/886/886 887/887/887 888/888/888
f 887/887/887 889/889/889 888/888/888
f 888/888/888 889/889/889 890/890/890
f 889/889/889 891/891/891 890/890/890
f 890/890/890 891/891/891 892/892/892
f 891/891/891 893/893/893 892/892/892
f 892/892/892 893/893/893 894/894/894
f 893/893/893 895/895/895 894/894/894
f 896/896/896 897/897/897 898/898/898
f 899/899/899 900/900/900 901/901/901
f 900/900/900 902/902/902 901/901/901
f 901/901/901 902/902/902 903/903/903
f 902/902/902 904/904/904 903/903/903
f 903/903/903 904/904/904 899/899/899
f 904/904/904 900/900/900 899/899/899
f 905/905/905 906/906/906 907/907/907
f 906/906/906 905/905/905 908/908/908
f 908/908/908 909/909/909 906/906/906
f 910/910/910 906/906/906 909/909/909
f 909/909/909 911/911/911 910/910/910
f 909/909/909 912/912/912 911/911/911
f 912/912/912 913/913/913 911/911/911
f 914/914/914 913/913/913 912/912/912
f 914/914/914 915/915/915 913/913/913
f 915/915/915 914/914/914 916/916/916
f 917/917/917 915/915/915 916/916/916
f 917/917/917 918/918/918 915/915/915
f 917/917/917 919/919/919 918/918/918
f 920/920/920 918/918/918 919/919/919
f 920/920/920 907/907/907 918/918/918
f 907/907/907 920/920/920 905/905/905
f 916/916/916 921/921/921 922/922/922
f 921/921/921 916/916/916 914/914/914
f 923/923/923 924/924/924 925/925/925
f 923/923/923 926/926/926 924/924/924
f 925/925/925 927/927/927 928/928/928
f 925/925/925 924/924/924 927/927/927
f 928/928/928 929/929/929 930/930/930
f 928/928/928 927/927/927 929/929/929
f 931/931/931 926/926/926 923/923/923
f 931/931/931 932/932/932 926/926/926
f 933/933/933 934/934/934 935/935/935
f 933/933/933 936/936/936 934/934/934
f 937/937/937 938/938/938 939/939/939
f 939/939/939 940/940/940 941/941/941
f 939/939/939 942/942/942 943/943/943
f 939/939/939 941/941/941 942/942/942
f 939/939/939 938/938/938 940/940/940
f 944/944/944 945/945/945 946/946/946
f 947/947/947 948/948/948 944/944/944
f 947/947/947 949/949/949 948/948/948
f 950/950/950 951/951/951 952/952/952
f 950/950/950 953/953/953 951/951/951
f 952/952/952 954/954/954 955/955/955
f 952/952/952 951/951/951 954/954/954
f 944/944/944 948/948/948 945/945/945
f 944/944/944 946/946/946 950/950/950
f 953/953/953 950/950/950 946/946/946
f 956/956/956 957/957/957 930/930/930
f 958/958/958 930/930/930 957/957/957
f 959/959/959 960/960/960 961/961/961
f 959/959/959 962/962/962 960/960/960
f 963/963/963 964/964/964 965/965/965
f 965/965/965 964/964/964 966/966/966
f 964/964/964 967/967/967 966/966/966
f 966/966/966 967/967/967 968/968/968
f 969/969/969 970/970/970 971/971/971
f 970/970/970 972/972/972 971/971/971
f 973/973/973 974/974/974 975/975/975
f 974/974/974 976/976/976 975/975/975
f 977/977/977 978/978/978 979/979/979
f 978/978/978 980/980/980 979/979/979
f 981/981/981 982/982/982 977/977/977
f 982/982/982 978/978/978 977/977/977
f 983/983/983 984/984/984 981/981/981
f 984/984/984 982/982/982 981/981/981
f 985/985/985 986/986/986 983/983/983
f 986/986/986 984/984/984 983/983/983
f 987/987/987 988/988/988 989/989/989
f 990/990/990 989/989/989 988/988/988
f 991/991/991 992/992/992 993/993/993
f 991/991/991 994/994/994 992/992/992
f 995/995/995 996/996/996 997/997/997
f 996/996/996 998/998/998 997/997/997
f 999/999/999 1000/1000/1000 1001/1001/1001
f 1000/1000/1000 1002/1002/1002 1001/1001/1001
f 1000/1000/1000 1003/1003/1003 1002/1002/1002
f 1003/1003/1003 1004/1004/1004 1002/1002/1002
f 1002/1002/1002 1004/1004/1004 1005/1005/1005
f 1006/1006/1006 1005/1005/1005 1004/1004/1004
f 1007/1007/1007 1002/1002/1002 1005/1005/1005
f 1004/1004/1004 1008/1008/1008 1006/1006/1006
f 1008/1008/1008 1009/1009/1009 1006/1006/1006
f 1010/1010/1010 1006/1006/1006 1009/1009/1009
f 1009/1009/1009 1011/1011/1011 1010/1010/1010
f 1012/1012/1012 1010/1010/1010 1011/1011/1011
f 1011/1011/1011 1013/1013/1013 1012/1012/1012
f 1014/1014/1014 1012/1012/1012 1013/1013/1013
f 1013/1013/1013 1015/1015/1015 1014/1014/1014
f 1016/1016/1016 1017/1017/1017 1015/1015/1015
f 1014/1014/1014 1015/1015/1015 1017/1017/1017
f 1016/1016/1016 1005/1005/1005 1017/1017/1017
f 1005/1005/1005 1016/1016/1016 1007/1007/1007
f 1018/1018/1018 1019/1019/1019 1020/1020/1020
f 1019/1019/1019 1018/1018/1018 1021/1021/1021
f 1022/1022/1022 1023/1023/1023 1024/1024/1024
f 1022/1022/1022 1025/1025/1025 1023/1023/1023
f 1024/1024/1024 1026/1026/1026 1027/1027/1027
f 1024/1024/1024 1023/1023/1023 1026/1026/1026
f 1028/1028/1028 1025/1025/1025 1022/1022/1022
f 1028/1028/1028 1029/1029/1029 1025/1025/1025
f 1030/1030/1030 1029/1029/1029 1028/1028/1028
f 1030/1030/1030 1031/1031/1031 1029/1029/1029
f 1032/1032/1032 1033/1033/1033 1034/1034/1034
f 1032/1032/1032 1035/1035/1035 1033/1033/1033
f 1036/1036/1036 1037/1037/1037 1038/1038/1038
f 1036/1036/1036 1039/1039/1039 1037/1037/1037
f 1040/1040/1040 1041/1041/1041 1042/1042/1042
f 1040/1040/1040 1043/1043/1043 1041/1041/1041
f 1042/1042/1042 1044/1044/1044 1036/1036/1036
f 1042/1042/1042 1041/1041/1041 1044/1044/1044
f 1045/1045/1045 1043/1043/1043 1040/1040/1040
f 1045/1045/1045 1046/1046/1046 1043/1043/1043
f 1036/1036/1036 1044/1044/1044 1047/1047/1047
f 1036/1036/1036 1047/1047/1047 1039/1039/1039
f 1048/1048/1048 1049/1049/1049 1050/1050/1050
f 1048/1048/1048 1051/1051/1051 1049/1049/1049
f 1052/1052/1052 1053/1053/1053 1054/1054/1054
f 1052/1052/1052 1055/1055/1055 1053/1053/1053
f 1054/1054/1054 1056/1056/1056 1057/1057/1057
f 1054/1054/1054 1053/1053/1053 1056/1056/1056
f 1057/1057/1057 1051/1051/1051 1048/1048/1048
f 1057/1057/1057 1056/1056/1056 1051/1051/1051
f 1058/1058/1058 1059/1059/1059 1060/1060/1060
f 1060/1060/1060 1059/1059/1059 1061/1061/1061
f 1062/1062/1062 1063/1063/1063 1064/1064/1064
f 1063/1063/1063 1065/1065/1065 1064/1064/1064
f 1064/1064/1064 1065/1065/1065 1066/1066/1066
f 1065/1065/1065 1067/1067/1067 1066/1066/1066
f 1068/1068/1068 1069/1069/1069 1070/1070/1070
f 1068/1068/1068 1070/1070/1070 1071/1071/1071
f 1072/1072/1072 1073/1073/1073 1074/1074/1074
f 1075/1075/1075 1072/1072/1072 1074/1074/1074
f 1076/1076/1076 1077/1077/1077 1078/1078/1078
f 1077/1077/1077 1076/1076/1076 1079/1079/1079
f 1080/1080/1080 1081/1081/1081 1082/1082/1082
f 1081/1081/1081 1080/1080/1080 1083/1083/1083
f 1084/1084/1084 1085/1085/1085 1086/1086/1086
f 1087/1087/1087 1086/1086/1086 1085/1085/1085
f 1080/1080/1080 1087/1087/1087 1083/1083/1083
f 1087/1087/1087 1080/1080/1080 1086/1086/1086
f 1088/1088/1088 1089/1089/1089 1090/1090/1090
f 1091/1091/1091 1090/1090/1090 1089/1089/1089
f 1092/1092/1092 1093/1093/1093 1094/1094/1094
f 1093/1093/1093 1092/1092/1092 1095/1095/1095
f 1096/1096/1096 1097/1097/1097 1098/1098/1098
f 1097/1097/1097 1096/1096/1096 1099/1099/1099
f 1100/1100/1100 1101/1101/1101 1102/1102/1102
f 1103/1103/1103 1102/1102/1102 1101/1101/1101
f 1104/1104/1104 1105/1105/1105 1106/1106/1106
f 1104/1104/1104 1106/1106/1106 1107/1107/1107
f 1107/1107/1107 1106/1106/1106 1108/1108/1108
f 1108/1108/1108 1109/1109/1109 1107/1107/1107
f 1110/1110/1110 1111/1111/1111 1112/1112/1112
f 1112/1112/1112 1113/1113/1113 1110/1110/1110
f 1113/1113/1113 1114/1114/1114 1110/1110/1110
f 1114/1114/1114 1113/1113/1113 1115/1115/1115
f 1116/1116/1116 1113/1113/1113 1117/1117/1117
f 1117/1117/1117 1118/1118/1118 1116/1116/1116
f 1118/1118/1118 1117/1117/1117 1119/1119/1119
f 1117/1117/1117 1120/1120/1120 1119/1119/1119
f 1120/1120/1120 1117/1117/1117 1121/1121/1121
f 1113/1113/1113 1121/1121/1121 1117/1117/1117
f 1121/1121/1121 1113/1113/1113 1112/1112/1112
f 1122/1122/1122 1112/1112/1112 1123/1123/1123
f 1112/1112/1112 1122/1122/1122 1121/1121/1121
f 1122/1122/1122 1120/1120/1120 1121/1121/1121
f 1120/1120/1120 1122/1122/1122 1124/1124/1124
f 1125/1125/1125 1109/1109/1109 1108/1108/1108
f 1123/1123/1123 1126/1126/1126 1125/1125/1125
f 1109/1109/1109 1125/1125/1125 1126/1126/1126
f 1127/1127/1127 1128/1128/1128 1129/1129/1129
f 1128/1128/1128 1105/1105/1105 1129/1129/1129
f 1105/1105/1105 1104/1104/1104 1129/1129/1129
f 1130/1130/1130 1131/1131/1131 1132/1132/1132
f 1133/1133/1133 1134/1134/1134 1135/1135/1135
f 1135/1135/1135 1134/1134/1134 1136/1136/1136
f 1137/1137/1137 1138/1138/1138 1139/1139/1139
f 1140/1140/1140 1131/1131/1131 1141/1141/1141
f 1131/1131/1131 1140/1140/1140 1132/1132/1132
f 1142/1142/1142 1143/1143/1143 1141/1141/1141
f 1136/1136/1136 1134/1134/1134 1144/1144/1144
f 1145/1145/1145 1144/1144/1144 1134/1134/1134
f 1133/1133/1133 1146/1146/1146 1134/1134/1134
f 1147/1147/1147 1134/1134/1134 1146/1146/1146
f 1134/1134/1134 1147/1147/1147 1145/1145/1145
f 1143/1143/1143 1148/1148/1148 1146/1146/1146
f 1148/1148/1148 1143/1143/1143 1142/1142/1142
f 1142/1142/1142 1149/1149/1149 1148/1148/1148
f 1149/1149/1149 1142/1142/1142 1150/1150/1150
f 1146/1146/1146 1133/1133/1133 1143/1143/1143
f 1150/1150/1150 1151/1151/1151 1149/1149/1149
f 1151/1151/1151 1150/1150/1150 1152/1152/1152
f 1151/1151/1151 1152/1152/1152 1127/1127/1127
f 1128/1128/1128 1127/1127/1127 1152/1152/1152
f 1138/1138/1138 1137/1137/1137 1135/1135/1135
f 1133/1133/1133 1135/1135/1135 1137/1137/1137
f 1137/1137/1137 1140/1140/1140 1133/1133/1133
f 1143/1143/1143 1133/1133/1133 1140/1140/1140
f 1140/1140/1140 1141/1141/1141 1143/1143/1143
f 1111/1111/1111 1126/1126/1126 1112/1112/1112
f 1123/1123/1123 1112/1112/1112 1126/1126/1126
f 1153/1153/1153 1154/1154/1154 1155/1155/1155
f 1156/1156/1156 1155/1155/1155 1154/1154/1154
f 1157/1157/1157 1158/1158/1158 1159/1159/1159
f 1158/1158/1158 1157/1157/1157 1160/1160/1160
f 1161/1161/1161 1162/1162/1162 1163/1163/1163
f 1164/1164/1164 1161/1161/1161 1163/1163/1163
f 1165/1165/1165 1161/1161/1161 1164/1164/1164
f 1164/1164/1164 1166/1166/1166 1165/1165/1165
f 1167/1167/1167 1168/1168/1168 1169/1169/1169
f 1169/1169/1169 1170/1170/1170 1167/1167/1167
f 1169/1169/1169 1171/1171/1171 1170/1170/1170
f 1172/1172/1172 1170/1170/1170 1171/1171/1171
f 1173/1173/1173 1170/1170/1170 1174/1174/1174
f 1174/1174/1174 1175/1175/1175 1173/1173/1173
f 1176/1176/1176 1173/1173/1173 1175/1175/1175
f 1176/1176/1176 1177/1177/1177 1173/1173/1173
f 1178/1178/1178 1173/1173/1173 1177/1177/1177
f 1173/1173/1173 1178/1178/1178 1170/1170/1170
f 1167/1167/1167 1170/1170/1170 1178/1178/1178
f 1179/1179/1179 1167/1167/1167 1180/1180/1180
f 1178/1178/1178 1180/1180/1180 1167/1167/1167
f 1178/1178/1178 1177/1177/1177 1180/1180/1180
f 1181/1181/1181 1180/1180/1180 1177/1177/1177
f 1165/1165/1165 1166/1166/1166 1182/1182/1182
f 1182/1182/1182 1183/1183/1183 1179/1179/1179
f 1183/1183/1183 1182/1182/1182 1166/1166/1166
f 1184/1184/1184 1185/1185/1185 1186/1186/1186
f 1184/1184/1184 1162/1162/1162 1185/1185/1185
f 1184/1184/1184 1163/1163/1163 1162/1162/1162
f 1187/1187/1187 1188/1188/1188 1189/1189/1189
f 1190/1190/1190 1191/1191/1191 1192/1192/1192
f 1193/1193/1193 1191/1191/1191 1190/1190/1190
f 1194/1194/1194 1195/1195/1195 1196/1196/1196
f 1197/1197/1197 1188/1188/1188 1198/1198/1198
f 1187/1187/1187 1198/1198/1198 1188/1188/1188
f 1197/1197/1197 1199/1199/1199 1200/1200/1200
f 1201/1201/1201 1191/1191/1191 1193/1193/1193
f 1191/1191/1191 1201/1201/1201 1202/1202/1202
f 1191/1191/1191 1203/1203/1203 1192/1192/1192
f 1203/1203/1203 1191/1191/1191 1204/1204/1204
f 1202/1202/1202 1204/1204/1204 1191/1191/1191
f 1203/1203/1203 1205/1205/1205 1199/1199/1199
f 1200/1200/1200 1199/1199/1199 1205/1205/1205
f 1205/1205/1205 1206/1206/1206 1200/1200/1200
f 1207/1207/1207 1200/1200/1200 1206/1206/1206
f 1199/1199/1199 1192/1192/1192 1203/1203/1203
f 1206/1206/1206 1208/1208/1208 1207/1207/1207
f 1209/1209/1209 1207/1207/1207 1208/1208/1208
f 1186/1186/1186 1209/1209/1209 1208/1208/1208
f 1209/1209/1209 1186/1186/1186 1185/1185/1185
f 1190/1190/1190 1196/1196/1196 1195/1195/1195
f 1196/1196/1196 1190/1190/1190 1192/1192/1192
f 1192/1192/1192 1198/1198/1198 1196/1196/1196
f 1198/1198/1198 1192/1192/1192 1199/1199/1199
f 1199/1199/1199 1197/1197/1197 1198/1198/1198
f 1167/1167/1167 1183/1183/1183 1168/1168/1168
f 1183/1183/1183 1167/1167/1167 1179/1179/1179
f 1210/1210/1210 1130/1130/1130 1132/1132/1132
f 1130/1130/1130 1210/1210/1210 1211/1211/1211
f 1187/1187/1187 1189/1189/1189 1212/1212/1212
f 1213/1213/1213 1212/1212/1212 1189/1189/1189
f 1214/1214/1214 1215/1215/1215 1216/1216/1216
f 1215/1215/1215 1214/1214/1214 1217/1217/1217
f 1218/1218/1218 1219/1219/1219 1220/1220/1220
f 1218/1218/1218 1220/1220/1220 1221/1221/1221
f 1222/1222/1222 1223/1223/1223 1224/1224/1224
f 1223/1223/1223 1222/1222/1222 1225/1225/1225
f 1225/1225/1225 1226/1226/1226 1223/1223/1223
f 1226/1226/1226 1225/1225/1225 1227/1227/1227
f 1216/1216/1216 1226/1226/1226 1227/1227/1227
f 1226/1226/1226 1216/1216/1216 1215/1215/1215
f 1221/1221/1221 1228/1228/1228 1218/1218/1218
f 1228/1228/1228 1221/1221/1221 1229/1229/1229
f 1218/1218/1218 1230/1230/1230 1217/1217/1217
f 1230/1230/1230 1218/1218/1218 1228/1228/1228
f 1230/1230/1230 1231/1231/1231 1217/1217/1217
f 1231/1231/1231 1232/1232/1232 1215/1215/1215
f 1232/1232/1232 1233/1233/1233 1226/1226/1226
f 1233/1233/1233 1234/1234/1234 1223/1223/1223
f 1224/1224/1224 1223/1223/1223 1234/1234/1234
f 1223/1223/1223 1226/1226/1226 1233/1233/1233
f 1226/1226/1226 1215/1215/1215 1232/1232/1232
f 1215/1215/1215 1217/1217/1217 1231/1231/1231
f 1214/1214/1214 1219/1219/1219 1217/1217/1217
f 1218/1218/1218 1217/1217/1217 1219/1219/1219
f 1235/1235/1235 1231/1231/1231 1236/1236/1236
f 1230/1230/1230 1236/1236/1236 1231/1231/1231
f 1237/1237/1237 1238/1238/1238 1228/1228/1228
f 1229/1229/1229 1237/1237/1237 1228/1228/1228
f 1234/1234/1234 1233/1233/1233 1239/1239/1239
f 1240/1240/1240 1239/1239/1239 1233/1233/1233
f 1233/1233/1233 1232/1232/1232 1240/1240/1240
f 1241/1241/1241 1240/1240/1240 1232/1232/1232
f 1241/1241/1241 1232/1232/1232 1235/1235/1235
f 1231/1231/1231 1235/1235/1235 1232/1232/1232
f 1230/1230/1230 1238/1238/1238 1236/1236/1236
f 1238/1238/1238 1230/1230/1230 1228/1228/1228
f 1242/1242/1242 1243/1243/1243 1244/1244/1244
f 1244/1244/1244 1245/1245/1245 1242/1242/1242
f 1245/1245/1245 1244/1244/1244 1246/1246/1246
f 1246/1246/1246 1247/1247/1247 1245/1245/1245
f 1247/1247/1247 1246/1246/1246 1248/1248/1248
f 1249/1249/1249 1247/1247/1247 1248/1248/1248
f 1249/1249/1249 1250/1250/1250 1247/1247/1247
f 1251/1251/1251 1252/1252/1252 1253/1253/1253
f 1253/1253/1253 1254/1254/1254 1251/1251/1251
f 1255/1255/1255 1251/1251/1251 1254/1254/1254
f 1254/1254/1254 1256/1256/1256 1255/1255/1255
f 1257/1257/1257 1255/1255/1255 1256/1256/1256
f 1257/1257/1257 1256/1256/1256 1258/1258/1258
f 1256/1256/1256 1259/1259/1259 1258/1258/1258
f 1242/1242/1242 1260/1260/1260 1243/1243/1243
f 1252/1252/1252 1261/1261/1261 1253/1253/1253
f 1260/1260/1260 1252/1252/1252 1243/1243/1243
f 1252/1252/1252 1260/1260/1260 1261/1261/1261
f 1262/1262/1262 1263/1263/1263 1264/1264/1264
f 1263/1263/1263 1265/1265/1265 1264/1264/1264
f 1266/1266/1266 1267/1267/1267 1268/1268/1268
f 1267/1267/1267 1269/1269/1269 1268/1268/1268
f 1268/1268/1268 1269/1269/1269 1270/1270/1270
f 1269/1269/1269 1271/1271/1271 1270/1270/1270
f 1270/1270/1270 1271/1271/1271 1272/1272/1272
f 1271/1271/1271 1273/1273/1273 1272/1272/1272
f 1274/1274/1274 1275/1275/1275 1276/1276/1276
f 1274/1274/1274 1277/1277/1277 1275/1275/1275
f 1278/1278/1278 1279/1279/1279 1280/1280/1280
f 1278/1278/1278 1281/1281/1281 1279/1279/1279
f 1282/1282/1282 1281/1281/1281 1278/1278/1278
f 1282/1282/1282 1283/1283/1283 1281/1281/1281
f 1284/1284/1284 1283/1283/1283 1282/1282/1282
f 1284/1284/1284 1285/1285/1285 1283/1283/1283
f 1286/1286/1286 1287/1287/1287 1288/1288/1288
f 1289/1289/1289 1290/1290/1290 1291/1291/1291
f 1290/1290/1290 1292/1292/1292 1291/1291/1291
f 1291/1291/1291 1292/1292/1292 1293/1293/1293
f 1292/1292/1292 1294/1294/1294 1293/1293/1293
f 1293/1293/1293 1294/1294/1294 1295/1295/1295
f 1294/1294/1294 1296/1296/1296 1295/1295/1295
f 1297/1297/1297 1295/1295/1295 1296/1296/1296
f 1298/1298/1298 1299/1299/1299 1300/1300/1300
f 1301/1301/1301 1302/1302/1302 1303/1303/1303
f 1301/1301/1301 1304/1304/1304 1302/1302/1302
f 1305/1305/1305 1304/1304/1304 1301/1301/1301
f 1305/1305/1305 1306/1306/1306 1304/1304/1304
f 1307/1307/1307 1306/1306/1306 1305/1305/1305
f 1307/1307/1307 1308/1308/1308 1306/1306/1306
f 1308/1308/1308 1307/1307/1307 1309/1309/1309
f 1310/1310/1310 1311/1311/1311 1312/1312/1312
f 1311/1311/1311 1313/1313/1313 1312/1312/1312
f 1314/1314/1314 1315/1315/1315 1310/1310/1310
f 1316/1316/1316 1317/1317/1317 1312/1312/1312
f 1318/1318/1318 1319/1319/1319 1320/1320/1320
f 1319/1319/1319 1318/1318/1318 1321/1321/1321
f 1322/1322/1322 1323/1323/1323 1324/1324/1324
f 1324/1324/1324 1323/1323/1323 1325/1325/1325
f 1323/1323/1323 1326/1326/1326 1325/1325/1325
f 1325/1325/1325 1326/1326/1326 1327/1327/1327
f 1326/1326/1326 1328/1328/1328 1327/1327/1327
f 1327/1327/1327 1328/1328/1328 1329/1329/1329
f 1328/1328/1328 1330/1330/1330 1329/1329/1329
f 1329/1329/1329 1330/1330/1330 1331/1331/1331
f 1330/1330/1330 1322/1322/1322 1331/1331/1331
f 1322/1322/1322 1330/1330/1330 1323/1323/1323
f 1330/1330/1330 1328/1328/1328 1323/1323/1323
f 1323/1323/1323 1328/1328/1328 1326/1326/1326
f 1332/1332/1332 1333/1333/1333 1334/1334/1334
f 1333/1333/1333 1332/1332/1332 1335/1335/1335
f 1336/1336/1336 1335/1335/1335 1332/1332/1332
f 1335/1335/1335 1336/1336/1336 1337/1337/1337
f 1338/1338/1338 1336/1336/1336 1339/1339/1339
f 1336/1336/1336 1338/1338/1338 1337/1337/1337
f 1339/1339/1339 1340/1340/1340 1338/1338/1338
f 1341/1341/1341 1342/1342/1342 1343/1343/1343
f 1341/1341/1341 1334/1334/1334 1342/1342/1342
f 1333/1333/1333 1342/1342/1342 1334/1334/1334
f 1344/1344/1344 1340/1340/1340 1345/1345/1345
f 1344/1344/1344 1345/1345/1345 1346/1346/1346
f 1344/1344/1344 1346/1346/1346 1347/1347/1347
f 1348/1348/1348 1347/1347/1347 1346/1346/1346
f 1345/1345/1345 1349/1349/1349 1346/1346/1346
f 1350/1350/1350 1351/1351/1351 1352/1352/1352
f 1352/1352/1352 1353/1353/1353 1350/1350/1350
f 1352/1352/1352 1354/1354/1354 1353/1353/1353
f 1349/1349/1349 1351/1351/1351 1350/1350/1350
f 1351/1351/1351 1349/1349/1349 1345/1345/1345
f 1355/1355/1355 1356/1356/1356 1357/1357/1357
f 1357/1357/1357 1356/1356/1356 1358/1358/1358
f 1356/1356/1356 1359/1359/1359 1358/1358/1358
f 1358/1358/1358 1359/1359/1359 1360/1360/1360
f 1361/1361/1361 1362/1362/1362 1363/1363/1363
f 1362/1362/1362 1361/1361/1361 1364/1364/1364
f 1365/1365/1365 1366/1366/1366 1367/1367/1367
f 1366/1366/1366 1368/1368/1368 1367/1367/1367
f 1368/1368/1368 1366/1366/1366 1369/1369/1369
f 1370/1370/1370 1371/1371/1371 1372/1372/1372
f 1373/1373/1373 1374/1374/1374 1375/1375/1375
f 1374/1374/1374 1373/1373/1373 1376/1376/1376
f 1377/1377/1377 1373/1373/1373 1375/1375/1375
f 1372/1372/1372 1378/1378/1378 1370/1370/1370
f 1379/1379/1379 1378/1378/1378 1380/1380/1380
f 1379/1379/1379 1370/1370/1370 1378/1378/1378
f 1370/1370/1370 1379/1379/1379 1377/1377/1377
f 1369/1369/1369 1381/1381/1381 1368/1368/1368
f 1381/1381/1381 1382/1382/1382 1383/1383/1383
f 1382/1382/1382 1381/1381/1381 1369/1369/1369
f 1366/1366/1366 1365/1365/1365 1384/1384/1384
f 1379/1379/1379 1385/1385/1385 1377/1377/1377
f 1373/1373/1373 1377/1377/1377 1385/1385/1385
f 1371/1371/1371 1384/1384/1384 1372/1372/1372
f 1365/1365/1365 1372/1372/1372 1384/1384/1384
f 1386/1386/1386 1387/1387/1387 1388/1388/1388
f 1388/1388/1388 1387/1387/1387 1389/1389/1389
f 1387/1387/1387 1390/1390/1390 1389/1389/1389
f 1389/1389/1389 1390/1390/1390 1391/1391/1391
f 1392/1392/1392 1393/1393/1393 1394/1394/1394
f 1395/1395/1395 1394/1394/1394 1393/1393/1393
f 1396/1396/1396 1397/1397/1397 1398/1398/1398
f 1397/1397/1397 1399/1399/1399 1398/1398/1398
f 1398/1398/1398 1399/1399/1399 1400/1400/1400
f 1399/1399/1399 1401/1401/1401 1400/1400/1400
f 1401/1401/1401 1402/1402/1402 1400/1400/1400
f 1400/1400/1400 1402/1402/1402 1403/1403/1403
f 1402/1402/1402 1404/1404/1404 1403/1403/1403
f 1403/1403/1403 1404/1404/1404 1405/1405/1405
f 1404/1404/1404 1396/1396/1396 1405/1405/1405
f 1405/1405/1405 1396/1396/1396 1398/1398/1398
f 1398/1398/1398 1400/1400/1400 1405/1405/1405
f 1405/1405/1405 1400/1400/1400 1403/1403/1403
f 1406/1406/1406 1407/1407/1407 1408/1408/1408
f 1409/1409/1409 1408/1408/1408 1407/1407/1407
f 1408/1408/1408 1409/1409/1409 1410/1410/1410
f 1411/1411/1411 1410/1410/1410 1409/1409/1409
f 1412/1412/1412 1410/1410/1410 1413/1413/1413
f 1411/1411/1411 1413/1413/1413 1410/1410/1410
f 1413/1413/1413 1414/1414/1414 1412/1412/1412
f 1415/1415/1415 1416/1416/1416 1417/1417/1417
f 1416/1416/1416 1406/1406/1406 1417/1417/1417
f 1406/1406/1406 1416/1416/1416 1407/1407/1407
f 1418/1418/1418 1414/1414/1414 1419/1419/1419
f 1420/1420/1420 1418/1418/1418 1419/1419/1419
f 1421/1421/1421 1420/1420/1420 1419/1419/1419
f 1420/1420/1420 1421/1421/1421 1422/1422/1422
f 1420/1420/1420 1423/1423/1423 1418/1418/1418
f 1424/1424/1424 1425/1425/1425 1426/1426/1426
f 1426/1426/1426 1427/1427/1427 1424/1424/1424
f 1427/1427/1427 1428/1428/1428 1424/1424/1424
f 1426/1426/1426 1425/1425/1425 1423/1423/1423
f 1418/1418/1418 1423/1423/1423 1425/1425/1425
f 1429/1429/1429 1430/1430/1430 1431/1431/1431
f 1432/1432/1432 1430/1430/1430 1429/1429/1429
f 1432/1432/1432 1433/1433/1433 1430/1430/1430
f 1434/1434/1434 1433/1433/1433 1432/1432/1432
f 1435/1435/1435 1436/1436/1436 1437/1437/1437
f 1438/1438/1438 1437/1437/1437 1436/1436/1436
f 1439/1439/1439 1440/1440/1440 1441/1441/1441
f 1439/1439/1439 1442/1442/1442 1440/1440/1440
f 1443/1443/1443 1440/1440/1440 1442/1442/1442
f 1444/1444/1444 1445/1445/1445 1446/1446/1446
f 1447/1447/1447 1448/1448/1448 1449/1449/1449
f 1450/1450/1450 1449/1449/1449 1448/1448/1448
f 1447/1447/1447 1449/1449/1449 1451/1451/1451
f 1446/1446/1446 1452/1452/1452 1444/1444/1444
f 1453/1453/1453 1452/1452/1452 1454/1454/1454
f 1452/1452/1452 1446/1446/1446 1454/1454/1454
f 1451/1451/1451 1454/1454/1454 1446/1446/1446
f 1442/1442/1442 1455/1455/1455 1443/1443/1443
f 1456/1456/1456 1457/1457/1457 1455/1455/1455
f 1443/1443/1443 1455/1455/1455 1457/1457/1457
f 1458/1458/1458 1441/1441/1441 1440/1440/1440
f 1451/1451/1451 1459/1459/1459 1454/1454/1454
f 1459/1459/1459 1451/1451/1451 1449/1449/1449
f 1444/1444/1444 1458/1458/1458 1445/1445/1445
f 1458/1458/1458 1444/1444/1444 1441/1441/1441
f 1460/1460/1460 1461/1461/1461 1462/1462/1462
f 1461/1461/1461 1463/1463/1463 1462/1462/1462
f 1462/1462/1462 1463/1463/1463 1464/1464/1464
f 1463/1463/1463 1465/1465/1465 1464/1464/1464
f 1466/1466/1466 1467/1467/1467 1468/1468/1468
f 1469/1469/1469 1470/1470/1470 1471/1471/1471
f 1472/1472/1472 1473/1473/1473 1474/1474/1474
f 1473/1473/1473 1475/1475/1475 1476/1476/1476
f 1473/1473/1473 1472/1472/1472 1475/1475/1475
f 1477/1477/1477 1478/1478/1478 1479/1479/1479
f 1477/1477/1477 1480/1480/1480 1478/1478/1478
f 1476/1476/1476 1475/1475/1475 1481/1481/1481
f 1475/1475/1475 1482/1482/1482 1481/1481/1481
f 1482/1482/1482 1475/1475/1475 1479/1479/1479
f 1478/1478/1478 1482/1482/1482 1479/1479/1479
f 1483/1483/1483 1484/1484/1484 1485/1485/1485
f 1486/1486/1486 1487/1487/1487 1484/1484/1484
f 1487/1487/1487 1485/1485/1485 1484/1484/1484
f 1488/1488/1488 1489/1489/1489 1490/1490/1490
f 1489/1489/1489 1491/1491/1491 1490/1490/1490
f 1492/1492/1492 1487/1487/1487 1486/1486/1486
f 1492/1492/1492 1493/1493/1493 1487/1487/1487
f 1488/1488/1488 1487/1487/1487 1493/1493/1493
f 1488/1488/1488 1493/1493/1493 1489/1489/1489
f 1483/1483/1483 1485/1485/1485 1474/1474/1474
f 1490/1490/1490 1491/1491/1491 1477/1477/1477
f 1480/1480/1480 1477/1477/1477 1491/1491/1491
f 1472/1472/1472 1474/1474/1474 1485/1485/1485
f 1494/1494/1494 1495/1495/1495 1496/1496/1496
f 1497/1497/1497 1496/1496/1496 1495/1495/1495
f 1498/1498/1498 1499/1499/1499 1500/1500/1500
f 1499/1499/1499 1498/1498/1498 1501/1501/1501
f 1502/1502/1502 1503/1503/1503 1504/1504/1504
f 1505/1505/1505 1506/1506/1506 1507/1507/1507
f 1508/1508/1508 1509/1509/1509 1502/1502/1502
f 1510/1510/1510 1502/1502/1502 1509/1509/1509
f 1503/1503/1503 1502/1502/1502 1510/1510/1510
f 1507/1507/1507 1511/1511/1511 1512/1512/1512
f 1511/1511/1511 1507/1507/1507 1513/1513/1513
f 1513/1513/1513 1507/1507/1507 1506/1506/1506
f 1514/1514/1514 1515/1515/1515 1516/1516/1516
f 1514/1514/1514 1516/1516/1516 1517/1517/1517
f 1514/1514/1514 1518/1518/1518 1515/1515/1515
f 1519/1519/1519 1520/1520/1520 1517/1517/1517
f 1514/1514/1514 1517/1517/1517 1520/1520/1520
f 1518/1518/1518 1514/1514/1514 1520/1520/1520
f 1518/1518/1518 1520/1520/1520 1521/1521/1521
f 1522/1522/1522 1523/1523/1523 1521/1521/1521
f 1518/1518/1518 1521/1521/1521 1523/1523/1523
f 1523/1523/1523 1524/1524/1524 1518/1518/1518
f 1515/1515/1515 1518/1518/1518 1524/1524/1524
f 1524/1524/1524 1525/1525/1525 1515/1515/1515
f 1516/1516/1516 1515/1515/1515 1525/1525/1525
f 1526/1526/1526 1527/1527/1527 1528/1528/1528
f 1529/1529/1529 1526/1526/1526 1528/1528/1528
f 1527/1527/1527 1530/1530/1530 1528/1528/1528
f 1529/1529/1529 1531/1531/1531 1532/1532/1532
f 1531/1531/1531 1529/1529/1529 1528/1528/1528
f 1531/1531/1531 1528/1528/1528 1530/1530/1530
f 1533/1533/1533 1531/1531/1531 1530/1530/1530
f 1533/1533/1533 1534/1534/1534 1535/1535/1535
f 1534/1534/1534 1533/1533/1533 1530/1530/1530
f 1530/1530/1530 1536/1536/1536 1534/1534/1534
f 1536/1536/1536 1530/1530/1530 1527/1527/1527
f 1527/1527/1527 1537/1537/1537 1536/1536/1536
f 1537/1537/1537 1527/1527/1527 1526/1526/1526
f 1538/1538/1538 1539/1539/1539 1540/1540/1540
f 1539/1539/1539 1538/1538/1538 1541/1541/1541
f 1542/1542/1542 1543/1543/1543 1544/1544/1544
f 1545/1545/1545 1544/1544/1544 1543/1543/1543
f 1543/1543/1543 1542/1542/1542 1539/1539/1539
f 1540/1540/1540 1539/1539/1539 1542/1542/1542
f 1546/1546/1546 1547/1547/1547 1548/1548/1548
f 1548/1548/1548 1547/1547/1547 1549/1549/1549
f 1547/1547/1547 1550/1550/1550 1549/1549/1549
f 1549/1549/1549 1550/1550/1550 1551/1551/1551
f 1550/1550/1550 1552/1552/1552 1551/1551/1551
f 1551/1551/1551 1552/1552/1552 1553/1553/1553
f 1552/1552/1552 1554/1554/1554 1553/1553/1553
f 1553/1553/1553 1554/1554/1554 1555/1555/1555
f 1554/1554/1554 1556/1556/1556 1555/1555/1555
f 1555/1555/1555 1556/1556/1556 1557/1557/1557
f 1556/1556/1556 1546/1546/1546 1557/1557/1557
f 1557/1557/1557 1546/1546/1546 1548/1548/1548
usemtl window

g car04

f 1558/1558/1558 1559/1559/1559 1560/1560/1560
f 1558/1558/1558 1561/1561/1561 1559/1559/1559
f 1561/1561/1561 1558/1558/1558 1562/1562/1562
f 1563/1563/1563 1564/1564/1564 1565/1565/1565
f 1564/1564/1564 1566/1566/1566 1565/1565/1565
f 1567/1567/1567 1565/1565/1565 1566/1566/1566
f 1562/1562/1562 1566/1566/1566 1561/1561/1561
f 1566/1566/1566 1562/1562/1562 1567/1567/1567
f 1568/1568/1568 1569/1569/1569 1570/1570/1570
f 1569/1569/1569 1568/1568/1568 1571/1571/1571
f 1569/1569/1569 1571/1571/1571 1572/1572/1572
f 1572/1572/1572 1571/1571/1571 1573/1573/1573
f 1571/1571/1571 1574/1574/1574 1573/1573/1573
f 1575/1575/1575 1576/1576/1576 1577/1577/1577
f 1577/1577/1577 1576/1576/1576 1578/1578/1578
f 1577/1577/1577 1578/1578/1578 1579/1579/1579
f 1577/1577/1577 1579/1579/1579 1580/1580/1580
f 1581/1581/1581 1582/1582/1582 1583/1583/1583
f 1584/1584/1584 1583/1583/1583 1582/1582/1582
f 1585/1585/1585 1584/1584/1584 1582/1582/1582
f 1586/1586/1586 1584/1584/1584 1585/1585/1585
f 1586/1586/1586 1587/1587/1587 1584/1584/1584
f 1588/1588/1588 1589/1589/1589 1590/1590/1590
f 1591/1591/1591 1589/1589/1589 1588/1588/1588
f 1592/1592/1592 1591/1591/1591 1588/1588/1588
f 1593/1593/1593 1592/1592/1592 1588/1588/1588
f 1594/1594/1594 1595/1595/1595 1596/1596/1596
f 1597/1597/1597 1595/1595/1595 1594/1594/1594
f 1597/1597/1597 1594/1594/1594 1598/1598/1598
f 1599/1599/1599 1600/1600/1600 1601/1601/1601
f 1601/1601/1601 1600/1600/1600 1602/1602/1602
f 1603/1603/1603 1601/1601/1601 1602/1602/1602
f 1603/1603/1603 1602/1602/1602 1598/1598/1598
f 1597/1597/1597 1598/1598/1598 1602/1602/1602
usemtl carskin

g frontIntact

f 1604/1604/1604 1605/1605/1605 1606/1606/1606
f 1605/1605/1605 1604/1604/1604 1607/1607/1607
f 1608/1608/1608 1609/1609/1609 1610/1610/1610
f 1611/1611/1611 1610/1610/1610 1609/1609/1609
f 1612/1612/1612 1613/1613/1613 1614/1614/1614
f 1615/1615/1615 1614/1614/1614 1613/1613/1613
f 1616/1616/1616 1617/1617/1617 1618/1618/1618
f 1617/1617/1617 1616/1616/1616 1619/1619/1619
f 1619/1619/1619 1620/1620/1620 1617/1617/1617
f 1620/1620/1620 1619/1619/1619 1621/1621/1621
f 1616/1616/1616 1622/1622/1622 1619/1619/1619
f 1621/1621/1621 1619/1619/1619 1622/1622/1622
f 1622/1622/1622 1616/1616/1616 1623/1623/1623
f 1624/1624/1624 1621/1621/1621 1622/1622/1622
f 1621/1621/1621 1624/1624/1624 1625/1625/1625
f 1626/1626/1626 1627/1627/1627 1628/1628/1628
f 1627/1627/1627 1626/1626/1626 1629/1629/1629
f 1630/1630/1630 1629/1629/1629 1626/1626/1626
f 1629/1629/1629 1630/1630/1630 1631/1631/1631
f 1632/1632/1632 1633/1633/1633 1634/1634/1634
f 1635/1635/1635 1634/1634/1634 1633/1633/1633
f 1633/1633/1633 1636/1636/1636 1635/1635/1635
f 1637/1637/1637 1635/1635/1635 1636/1636/1636
f 1635/1635/1635 1638/1638/1638 1634/1634/1634
f 1638/1638/1638 1635/1635/1635 1637/1637/1637
f 1639/1639/1639 1634/1634/1634 1638/1638/1638
f 1638/1638/1638 1637/1637/1637 1640/1640/1640
f 1641/1641/1641 1640/1640/1640 1637/1637/1637
f 1642/1642/1642 1643/1643/1643 1644/1644/1644
f 1645/1645/1645 1644/1644/1644 1643/1643/1643
f 1644/1644/1644 1645/1645/1645 1646/1646/1646
f 1647/1647/1647 1646/1646/1646 1645/1645/1645
f 1648/1648/1648 1649/1649/1649 1650/1650/1650
f 1651/1651/1651 1652/1652/1652 1653/1653/1653
f 1649/1649/1649 1648/1648/1648 1654/1654/1654
f 1654/1654/1654 1655/1655/1655 1649/1649/1649
f 1655/1655/1655 1654/1654/1654 1656/1656/1656
f 1657/1657/1657 1653/1653/1653 1652/1652/1652
f 1652/1652/1652 1658/1658/1658 1657/1657/1657
f 1659/1659/1659 1657/1657/1657 1658/1658/1658
f 1660/1660/1660 1661/1661/1661 1662/1662/1662
f 1661/1661/1661 1660/1660/1660 1663/1663/1663
f 1664/1664/1664 1661/1661/1661 1663/1663/1663
f 1665/1665/1665 1666/1666/1666 1667/1667/1667
f 1668/1668/1668 1667/1667/1667 1666/1666/1666
f 1668/1668/1668 1666/1666/1666 1669/1669/1669
f 1670/1670/1670 1671/1671/1671 1672/1672/1672
f 1673/1673/1673 1674/1674/1674 1675/1675/1675
f 1674/1674/1674 1673/1673/1673 1676/1676/1676
f 1677/1677/1677 1678/1678/1678 1679/1679/1679
f 1678/1678/1678 1677/1677/1677 1680/1680/1680
f 1681/1681/1681 1682/1682/1682 1683/1683/1683
f 1682/1682/1682 1681/1681/1681 1684/1684/1684
f 1681/1681/1681 1685/1685/1685 1684/1684/1684
f 1685/1685/1685 1681/1681/1681 1686/1686/1686
f 1687/1687/1687 1679/1679/1679 1678/1678/1678
f 1679/1679/1679 1687/1687/1687 1688/1688/1688
f 1689/1689/1689 1690/1690/1690 1691/1691/1691
f 1692/1692/1692 1693/1693/1693 1694/1694/1694
f 1695/1695/1695 1694/1694/1694 1693/1693/1693
f 1696/1696/1696 1697/1697/1697 1698/1698/1698
f 1699/1699/1699 1698/1698/1698 1697/1697/1697
f 1700/1700/1700 1701/1701/1701 1702/1702/1702
f 1703/1703/1703 1702/1702/1702 1701/1701/1701
f 1703/1703/1703 1704/1704/1704 1702/1702/1702
f 1705/1705/1705 1702/1702/1702 1704/1704/1704
f 1697/1697/1697 1696/1696/1696 1706/1706/1706
f 1707/1707/1707 1706/1706/1706 1696/1696/1696
f 1704/1704/1704 1703/1703/1703 1685/1685/1685
f 1703/1703/1703 1701/1701/1701 1684/1684/1684
f 1682/1682/1682 1684/1684/1684 1701/1701/1701
f 1684/1684/1684 1685/1685/1685 1703/1703/1703
f 1706/1706/1706 1707/1707/1707 1687/1687/1687
f 1688/1688/1688 1687/1687/1687 1707/1707/1707
f 1708/1708/1708 1709/1709/1709 1710/1710/1710
f 1711/1711/1711 1712/1712/1712 1713/1713/1713
f 1714/1714/1714 1715/1715/1715 1716/1716/1716
f 1717/1717/1717 1718/1718/1718 1716/1716/1716
f 1714/1714/1714 1716/1716/1716 1718/1718/1718
f 1715/1715/1715 1714/1714/1714 1709/1709/1709
f 1708/1708/1708 1715/1715/1715 1709/1709/1709
f 1715/1715/1715 1708/1708/1708 1719/1719/1719
f 1717/1717/1717 1720/1720/1720 1718/1718/1718
f 1712/1712/1712 1718/1718/1718 1720/1720/1720
f 1712/1712/1712 1720/1720/1720 1713/1713/1713
f 1721/1721/1721 1713/1713/1713 1720/1720/1720
f 1722/1722/1722 1723/1723/1723 1724/1724/1724
f 1723/1723/1723 1722/1722/1722 1725/1725/1725
f 1726/1726/1726 1727/1727/1727 1728/1728/1728
f 1729/1729/1729 1728/1728/1728 1727/1727/1727
f 1724/1724/1724 1730/1730/1730 1722/1722/1722
f 1730/1730/1730 1724/1724/1724 1731/1731/1731
f 1728/1728/1728 1732/1732/1732 1726/1726/1726
f 1733/1733/1733 1732/1732/1732 1731/1731/1731
f 1730/1730/1730 1731/1731/1731 1732/1732/1732
f 1733/1733/1733 1726/1726/1726 1732/1732/1732
f 1734/1734/1734 1735/1735/1735 1736/1736/1736
f 1735/1735/1735 1734/1734/1734 1737/1737/1737
f 1738/1738/1738 1735/1735/1735 1737/1737/1737
f 1739/1739/1739 1740/1740/1740 1741/1741/1741
f 1742/1742/1742 1741/1741/1741 1740/1740/1740
f 1742/1742/1742 1740/1740/1740 1743/1743/1743
f 1744/1744/1744 1745/1745/1745 1746/1746/1746
f 1747/1747/1747 1748/1748/1748 1749/1749/1749
f 1748/1748/1748 1747/1747/1747 1750/1750/1750
f 1750/1750/1750 1745/1745/1745 1748/1748/1748
f 1745/1745/1745 1750/1750/1750 1751/1751/1751
f 1744/1744/1744 1746/1746/1746 1752/1752/1752
f 1753/1753/1753 1752/1752/1752 1754/1754/1754
f 1752/1752/1752 1753/1753/1753 1744/1744/1744
f 1755/1755/1755 1756/1756/1756 1757/1757/1757
f 1758/1758/1758 1759/1759/1759 1760/1760/1760
f 1761/1761/1761 1760/1760/1760 1759/1759/1759
f 1759/1759/1759 1756/1756/1756 1761/1761/1761
f 1762/1762/1762 1761/1761/1761 1756/1756/1756
f 1763/1763/1763 1755/1755/1755 1757/1757/1757
f 1764/1764/1764 1763/1763/1763 1765/1765/1765
f 1757/1757/1757 1765/1765/1765 1763/1763/1763
f 1755/1755/1755 1763/1763/1763 1746/1746/1746
f 1763/1763/1763 1764/1764/1764 1752/1752/1752
f 1754/1754/1754 1752/1752/1752 1764/1764/1764
f 1752/1752/1752 1746/1746/1746 1763/1763/1763
usemtl carskin

g frontDamaged

f 1766/1766/1766 1767/1767/1767 1768/1768/1768
f 1767/1767/1767 1766/1766/1766 1769/1769/1769
f 1770/1770/1770 1767/1767/1767 1769/1769/1769
f 1771/1771/1771 1772/1772/1772 1773/1773/1773
f 1774/1774/1774 1773/1773/1773 1772/1772/1772
f 1774/1774/1774 1772/1772/1772 1775/1775/1775
f 1776/1776/1776 1777/1777/1777 1778/1778/1778
f 1779/1779/1779 1780/1780/1780 1781/1781/1781
f 1780/1780/1780 1779/1779/1779 1782/1782/1782
f 1782/1782/1782 1777/1777/1777 1780/1780/1780
f 1777/1777/1777 1782/1782/1782 1783/1783/1783
f 1776/1776/1776 1778/1778/1778 1784/1784/1784
f 1785/1785/1785 1784/1784/1784 1786/1786/1786
f 1784/1784/1784 1785/1785/1785 1776/1776/1776
f 1787/1787/1787 1788/1788/1788 1789/1789/1789
f 1790/1790/1790 1791/1791/1791 1792/1792/1792
f 1793/1793/1793 1792/1792/1792 1791/1791/1791
f 1791/1791/1791 1788/1788/1788 1793/1793/1793
f 1794/1794/1794 1793/1793/1793 1788/1788/1788
f 1795/1795/1795 1787/1787/1787 1789/1789/1789
f 1796/1796/1796 1795/1795/1795 1797/1797/1797
f 1789/1789/1789 1797/1797/1797 1795/1795/1795
f 1787/1787/1787 1795/1795/1795 1778/1778/1778
f 1795/1795/1795 1796/1796/1796 1784/1784/1784
f 1786/1786/1786 1784/1784/1784 1796/1796/1796
f 1784/1784/1784 1778/1778/1778 1795/1795/1795
f 1798/1798/1798 1799/1799/1799 1800/1800/1800
f 1799/1799/1799 1798/1798/1798 1801/1801/1801
f 1802/1802/1802 1803/1803/1803 1804/1804/1804
f 1805/1805/1805 1804/1804/1804 1803/1803/1803
f 1806/1806/1806 1807/1807/1807 1808/1808/1808
f 1809/1809/1809 1808/1808/1808 1807/1807/1807
f 1810/1810/1810 1811/1811/1811 1812/1812/1812
f 1811/1811/1811 1810/1810/1810 1813/1813/1813
f 1813/1813/1813 1814/1814/1814 1811/1811/1811
f 1814/1814/1814 1813/1813/1813 1815/1815/1815
f 1810/1810/1810 1816/1816/1816 1813/1813/1813
f 1815/1815/1815 1813/1813/1813 1816/1816/1816
f 1816/1816/1816 1810/1810/1810 1817/1817/1817
f 1818/1818/1818 1815/1815/1815 1816/1816/1816
f 1815/1815/1815 1818/1818/1818 1819/1819/1819
f 1820/1820/1820 1821/1821/1821 1822/1822/1822
f 1821/1821/1821 1820/1820/1820 1823/1823/1823
f 1824/1824/1824 1823/1823/1823 1820/1820/1820
f 1823/1823/1823 1824/1824/1824 1825/1825/1825
f 1826/1826/1826 1827/1827/1827 1828/1828/1828
f 1829/1829/1829 1828/1828/1828 1827/1827/1827
f 1827/1827/1827 1830/1830/1830 1829/1829/1829
f 1831/1831/1831 1829/1829/1829 1830/1830/1830
f 1829/1829/1829 1832/1832/1832 1828/1828/1828
f 1832/1832/1832 1829/1829/1829 1831/1831/1831
f 1833/1833/1833 1828/1828/1828 1832/1832/1832
f 1832/1832/1832 1831/1831/1831 1834/1834/1834
f 1835/1835/1835 1834/1834/1834 1831/1831/1831
f 1836/1836/1836 1837/1837/1837 1838/1838/1838
f 1839/1839/1839 1838/1838/1838 1837/1837/1837
f 1838/1838/1838 1839/1839/1839 1840/1840/1840
f 1841/1841/1841 1840/1840/1840 1839/1839/1839
f 1842/1842/1842 1843/1843/1843 1844/1844/1844
f 1845/1845/1845 1846/1846/1846 1847/1847/1847
f 1843/1843/1843 1842/1842/1842 1848/1848/1848
f 1848/1848/1848 1849/1849/1849 1843/1843/1843
f 1849/1849/1849 1848/1848/1848 1850/1850/1850
f 1851/1851/1851 1847/1847/1847 1846/1846/1846
f 1846/1846/1846 1852/1852/1852 1851/1851/1851
f 1853/1853/1853 1851/1851/1851 1852/1852/1852
f 1854/1854/1854 1855/1855/1855 1856/1856/1856
f 1855/1855/1855 1854/1854/1854 1857/1857/1857
f 1858/1858/1858 1855/1855/1855 1857/1857/1857
f 1859/1859/1859 1860/1860/1860 1861/1861/1861
f 1862/1862/1862 1861/1861/1861 1860/1860/1860
f 1862/1862/1862 1860/1860/1860 1863/1863/1863
f 1864/1864/1864 1865/1865/1865 1866/1866/1866
f 1867/1867/1867 1868/1868/1868 1869/1869/1869
f 1868/1868/1868 1867/1867/1867 1870/1870/1870
f 1871/1871/1871 1872/1872/1872 1873/1873/1873
f 1872/1872/1872 1871/1871/1871 1874/1874/1874
f 1875/1875/1875 1876/1876/1876 1877/1877/1877
f 1876/1876/1876 1875/1875/1875 1878/1878/1878
f 1875/1875/1875 1879/1879/1879 1878/1878/1878
f 1879/1879/1879 1875/1875/1875 1880/1880/1880
f 1881/1881/1881 1873/1873/1873 1872/1872/1872
f 1873/1873/1873 1881/1881/1881 1882/1882/1882
f 1883/1883/1883 1884/1884/1884 1885/1885/1885
f 1886/1886/1886 1887/1887/1887 1888/1888/1888
f 1889/1889/1889 1888/1888/1888 1887/1887/1887
f 1890/1890/1890 1891/1891/1891 1892/1892/1892
f 1893/1893/1893 1892/1892/1892 1891/1891/1891
f 1894/1894/1894 1895/1895/1895 1896/1896/1896
f 1897/1897/1897 1896/1896/1896 1895/1895/1895
f 1897/1897/1897 1898/1898/1898 1896/1896/1896
f 1899/1899/1899 1896/1896/1896 1898/1898/1898
f 1891/1891/1891 1890/1890/1890 1900/1900/1900
f 1901/1901/1901 1900/1900/1900 1890/1890/1890
f 1898/1898/1898 1897/1897/1897 1879/1879/1879
f 1897/1897/1897 1895/1895/1895 1878/1878/1878
f 1876/1876/1876 1878/1878/1878 1895/1895/1895
f 1878/1878/1878 1879/1879/1879 1897/1897/1897
f 1900/1900/1900 1901/1901/1901 1881/1881/1881
f 1882/1882/1882 1881/1881/1881 1901/1901/1901
f 1902/1902/1902 1903/1903/1903 1904/1904/1904
f 1905/1905/1905 1906/1906/1906 1907/1907/1907
f 1908/1908/1908 1909/1909/1909 1910/1910/1910
f 1911/1911/1911 1912/1912/1912 1910/1910/1910
f 1908/1908/1908 1910/1910/1910 1912/1912/1912
f 1909/1909/1909 1908/1908/1908 1903/1903/1903
f 1902/1902/1902 1909/1909/1909 1903/1903/1903
f 1909/1909/1909 1902/1902/1902 1913/1913/1913
f 1911/1911/1911 1914/1914/1914 1912/1912/1912
f 1906/1906/1906 1912/1912/1912 1914/1914/1914
f 1906/1906/1906 1914/1914/1914 1907/1907/1907
f 1915/1915/1915 1907/1907/1907 1914/1914/1914
f 1916/1916/1916 1917/1917/1917 1918/1918/1918
f 1917/1917/1917 1916/1916/1916 1919/1919/1919
f 1920/1920/1920 1921/1921/1921 1922/1922/1922
f 1923/1923/1923 1922/1922/1922 1921/1921/1921
f 1918/1918/1918 1924/1924/1924 1916/1916/1916
f 1924/1924/1924 1918/1918/1918 1925/1925/1925
f 1922/1922/1922 1926/1926/1926 1920/1920/1920
f 1927/1927/1927 1926/1926/1926 1925/1925/1925
f 1924/1924/1924 1925/1925/1925 1926/1926/1926
f 1927/1927/1927 1920/1920/1920 1926/1926/1926
usemtl carskin

g rearIntact

f 1928/1928/1928 1929/1929/1929 1930/1930/1930
f 1929/1929/1929 1928/1928/1928 1931/1931/1931
f 1932/1932/1932 1929/1929/1929 1931/1931/1931
f 1933/1933/1933 1930/1930/1930 1929/1929/1929
f 1930/1930/1930 1933/1933/1933 1934/1934/1934
f 1934/1934/1934 1933/1933/1933 1935/1935/1935
f 1936/1936/1936 1937/1937/1937 1938/1938/1938
f 1934/1934/1934 1935/1935/1935 1938/1938/1938
f 1935/1935/1935 1936/1936/1936 1938/1938/1938
f 1939/1939/1939 1940/1940/1940 1941/1941/1941
f 1942/1942/1942 1941/1941/1941 1940/1940/1940
f 1942/1942/1942 1940/1940/1940 1943/1943/1943
f 1940/1940/1940 1939/1939/1939 1944/1944/1944
f 1945/1945/1945 1944/1944/1944 1939/1939/1939
f 1946/1946/1946 1944/1944/1944 1945/1945/1945
f 1947/1947/1947 1948/1948/1948 1949/1949/1949
f 1947/1947/1947 1946/1946/1946 1945/1945/1945
f 1947/1947/1947 1949/1949/1949 1946/1946/1946
f 1937/1937/1937 1947/1947/1947 1938/1938/1938
f 1947/1947/1947 1937/1937/1937 1948/1948/1948
f 1938/1938/1938 1945/1945/1945 1934/1934/1934
f 1945/1945/1945 1938/1938/1938 1947/1947/1947
f 1934/1934/1934 1939/1939/1939 1930/1930/1930
f 1939/1939/1939 1934/1934/1934 1945/1945/1945
f 1930/1930/1930 1941/1941/1941 1928/1928/1928
f 1941/1941/1941 1930/1930/1930 1939/1939/1939
f 1950/1950/1950 1951/1951/1951 1952/1952/1952
f 1951/1951/1951 1950/1950/1950 1953/1953/1953
f 1954/1954/1954 1955/1955/1955 1956/1956/1956
f 1955/1955/1955 1954/1954/1954 1957/1957/1957
f 1955/1955/1955 1957/1957/1957 1958/1958/1958
f 1959/1959/1959 1960/1960/1960 1961/1961/1961
f 1962/1962/1962 1961/1961/1961 1960/1960/1960
f 1963/1963/1963 1964/1964/1964 1965/1965/1965
f 1966/1966/1966 1965/1965/1965 1964/1964/1964
f 1967/1967/1967 1966/1966/1966 1964/1964/1964
f 1960/1960/1960 1951/1951/1951 1962/1962/1962
f 1953/1953/1953 1962/1962/1962 1951/1951/1951
f 1968/1968/1968 1969/1969/1969 1970/1970/1970
f 1969/1969/1969 1968/1968/1968 1971/1971/1971
f 1968/1968/1968 1972/1972/1972 1971/1971/1971
f 1972/1972/1972 1968/1968/1968 1973/1973/1973
f 1974/1974/1974 1975/1975/1975 1976/1976/1976
f 1977/1977/1977 1976/1976/1976 1975/1975/1975
f 1977/1977/1977 1978/1978/1978 1976/1976/1976
f 1979/1979/1979 1976/1976/1976 1978/1978/1978
f 1969/1969/1969 1974/1974/1974 1970/1970/1970
f 1974/1974/1974 1969/1969/1969 1975/1975/1975
f 1980/1980/1980 1981/1981/1981 1982/1982/1982
f 1981/1981/1981 1980/1980/1980 1983/1983/1983
f 1984/1984/1984 1985/1985/1985 1986/1986/1986
f 1984/1984/1984 1987/1987/1987 1985/1985/1985
f 1984/1984/1984 1988/1988/1988 1987/1987/1987
f 1989/1989/1989 1990/1990/1990 1991/1991/1991
f 1992/1992/1992 1991/1991/1991 1990/1990/1990
f 1993/1993/1993 1994/1994/1994 1995/1995/1995
f 1994/1994/1994 1996/1996/1996 1995/1995/1995
f 1996/1996/1996 1997/1997/1997 1995/1995/1995
f 1998/1998/1998 1988/1988/1988 1984/1984/1984
f 1986/1986/1986 1998/1998/1998 1984/1984/1984
f 1988/1988/1988 1998/1998/1998 1999/1999/1999
f 1998/1998/1998 1986/1986/1986 2000/2000/2000
f 2001/2001/2001 2000/2000/2000 2002/2002/2002
f 2000/2000/2000 2001/2001/2001 1998/1998/1998
f 2001/2001/2001 1999/1999/1999 1998/1998/1998
f 1999/1999/1999 2001/2001/2001 2003/2003/2003
f 1995/1995/1995 1997/1997/1997 2004/2004/2004
f 1995/1995/1995 2004/2004/2004 1993/1993/1993
f 2005/2005/2005 2004/2004/2004 1997/1997/1997
f 2006/2006/2006 1993/1993/1993 2004/2004/2004
f 2007/2007/2007 2006/2006/2006 2008/2008/2008
f 2004/2004/2004 2008/2008/2008 2006/2006/2006
f 2004/2004/2004 2005/2005/2005 2008/2008/2008
f 2009/2009/2009 2008/2008/2008 2005/2005/2005
f 2010/2010/2010 2011/2011/2011 2012/2012/2012
f 2011/2011/2011 2010/2010/2010 2013/2013/2013
f 2012/2012/2012 2014/2014/2014 2010/2010/2010
f 2014/2014/2014 2012/2012/2012 2015/2015/2015
f 2014/2014/2014 2016/2016/2016 2010/2010/2010
f 2017/2017/2017 2018/2018/2018 2019/2019/2019
f 2020/2020/2020 2019/2019/2019 2018/2018/2018
f 2019/2019/2019 2021/2021/2021 2017/2017/2017
f 2022/2022/2022 2017/2017/2017 2021/2021/2021
f 2019/2019/2019 2023/2023/2023 2021/2021/2021
f 2024/2024/2024 2025/2025/2025 2026/2026/2026
f 2025/2025/2025 2024/2024/2024 2027/2027/2027
f 2024/2024/2024 2028/2028/2028 2027/2027/2027
f 2029/2029/2029 2028/2028/2028 2024/2024/2024
f 2028/2028/2028 2029/2029/2029 2030/2030/2030
f 2031/2031/2031 2032/2032/2032 2033/2033/2033
f 2034/2034/2034 2033/2033/2033 2032/2032/2032
f 2034/2034/2034 2035/2035/2035 2033/2033/2033
f 2033/2033/2033 2035/2035/2035 2036/2036/2036
f 2037/2037/2037 2036/2036/2036 2035/2035/2035
f 2037/2037/2037 2029/2029/2029 2036/2036/2036
f 2029/2029/2029 2037/2037/2037 2030/2030/2030
usemtl carskin

g rearDamaged

f 2038/2038/2038 2039/2039/2039 2040/2040/2040
f 2039/2039/2039 2038/2038/2038 2041/2041/2041
f 2042/2042/2042 2039/2039/2039 2041/2041/2041
f 2043/2043/2043 2040/2040/2040 2039/2039/2039
f 2040/2040/2040 2043/2043/2043 2044/2044/2044
f 2044/2044/2044 2043/2043/2043 2045/2045/2045
f 2046/2046/2046 2047/2047/2047 2048/2048/2048
f 2044/2044/2044 2045/2045/2045 2048/2048/2048
f 2045/2045/2045 2046/2046/2046 2048/2048/2048
f 2049/2049/2049 2050/2050/2050 2051/2051/2051
f 2052/2052/2052 2051/2051/2051 2050/2050/2050
f 2052/2052/2052 2050/2050/2050 2053/2053/2053
f 2050/2050/2050 2049/2049/2049 2054/2054/2054
f 2055/2055/2055 2054/2054/2054 2049/2049/2049
f 2056/2056/2056 2054/2054/2054 2055/2055/2055
f 2057/2057/2057 2058/2058/2058 2059/2059/2059
f 2057/2057/2057 2056/2056/2056 2055/2055/2055
f 2057/2057/2057 2059/2059/2059 2056/2056/2056
f 2047/2047/2047 2057/2057/2057 2048/2048/2048
f 2057/2057/2057 2047/2047/2047 2058/2058/2058
f 2048/2048/2048 2055/2055/2055 2044/2044/2044
f 2055/2055/2055 2048/2048/2048 2057/2057/2057
f 2044/2044/2044 2049/2049/2049 2040/2040/2040
f 2049/2049/2049 2044/2044/2044 2055/2055/2055
f 2040/2040/2040 2051/2051/2051 2038/2038/2038
f 2051/2051/2051 2040/2040/2040 2049/2049/2049
f 2060/2060/2060 2061/2061/2061 2062/2062/2062
f 2061/2061/2061 2060/2060/2060 2063/2063/2063
f 2064/2064/2064 2065/2065/2065 2066/2066/2066
f 2065/2065/2065 2064/2064/2064 2067/2067/2067
f 2065/2065/2065 2067/2067/2067 2068/2068/2068
f 2069/2069/2069 2070/2070/2070 2071/2071/2071
f 2072/2072/2072 2071/2071/2071 2070/2070/2070
f 2073/2073/2073 2074/2074/2074 2075/2075/2075
f 2076/2076/2076 2075/2075/2075 2074/2074/2074
f 2077/2077/2077 2076/2076/2076 2074/2074/2074
f 2078/2078/2078 2079/2079/2079 2080/2080/2080
f 2079/2079/2079 2078/2078/2078 2081/2081/2081
f 2078/2078/2078 2082/2082/2082 2081/2081/2081
f 2082/2082/2082 2078/2078/2078 2083/2083/2083
f 2084/2084/2084 2085/2085/2085 2086/2086/2086
f 2087/2087/2087 2086/2086/2086 2085/2085/2085
f 2087/2087/2087 2088/2088/2088 2086/2086/2086
f 2089/2089/2089 2086/2086/2086 2088/2088/2088
f 2090/2090/2090 2091/2091/2091 2092/2092/2092
f 2091/2091/2091 2090/2090/2090 2093/2093/2093
f 2094/2094/2094 2095/2095/2095 2096/2096/2096
f 2094/2094/2094 2097/2097/2097 2095/2095/2095
f 2094/2094/2094 2098/2098/2098 2097/2097/2097
f 2099/2099/2099 2100/2100/2100 2101/2101/2101
f 2102/2102/2102 2101/2101/2101 2100/2100/2100
f 2103/2103/2103 2104/2104/2104 2105/2105/2105
f 2104/2104/2104 2106/2106/2106 2105/2105/2105
f 2106/2106/2106 2107/2107/2107 2105/2105/2105
f 2108/2108/2108 2098/2098/2098 2094/2094/2094
f 2096/2096/2096 2108/2108/2108 2094/2094/2094
f 2098/2098/2098 2108/2108/2108 2109/2109/2109
f 2108/2108/2108 2096/2096/2096 2110/2110/2110
f 2111/2111/2111 2110/2110/2110 2112/2112/2112
f 2110/2110/2110 2111/2111/2111 2108/2108/2108
f 2111/2111/2111 2109/2109/2109 2108/2108/2108
f 2109/2109/2109 2111/2111/2111 2113/2113/2113
f 2105/2105/2105 2107/2107/2107 2114/2114/2114
f 2105/2105/2105 2114/2114/2114 2103/2103/2103
f 2115/2115/2115 2114/2114/2114 2107/2107/2107
f 2116/2116/2116 2103/2103/2103 2114/2114/2114
f 2117/2117/2117 2116/2116/2116 2118/2118/2118
f 2114/2114/2114 2118/2118/2118 2116/2116/2116
f 2114/2114/2114 2115/2115/2115 2118/2118/2118
f 2119/2119/2119 2118/2118/2118 2115/2115/2115
f 2120/2120/2120 2121/2121/2121 2122/2122/2122
f 2121/2121/2121 2120/2120/2120 2123/2123/2123
f 2122/2122/2122 2124/2124/2124 2120/2120/2120
f 2124/2124/2124 2122/2122/2122 2125/2125/2125
f 2124/2124/2124 2126/2126/2126 2120/2120/2120
f 2127/2127/2127 2128/2128/2128 2129/2129/2129
f 2130/2130/2130 2129/2129/2129 2128/2128/2128
f 2129/2129/2129 2131/2131/2131 2127/2127/2127
f 2132/2132/2132 2127/2127/2127 2131/2131/2131
f 2129/2129/2129 2133/2133/2133 2131/2131/2131
f 2134/2134/2134 2135/2135/2135 2136/2136/2136
f 2135/2135/2135 2134/2134/2134 2137/2137/2137
f 2134/2134/2134 2138/2138/2138 2137/2137/2137
f 2139/2139/2139 2138/2138/2138 2134/2134/2134
f 2138/2138/2138 2139/2139/2139 2140/2140/2140
f 2141/2141/2141 2142/2142/2142 2143/2143/2143
f 2144/2144/2144 2143/2143/2143 2142/2142/2142
f 2144/2144/2144 2145/2145/2145 2143/2143/2143
f 2143/2143/2143 2145/2145/2145 2146/2146/2146
f 2147/2147/2147 2146/2146/2146 2145/2145/2145
f 2148/2148/2148 2149/2149/2149 2150/2150/2150
f 2151/2151/2151 2150/2150/2150 2149/2149/2149
f 2152/2152/2152 2153/2153/2153 2154/2154/2154
f 2153/2153/2153 2152/2152/2152 2155/2155/2155
f 2156/2156/2156 2157/2157/2157 2158/2158/2158
f 2157/2157/2157 2156/2156/2156 2159/2159/2159
