# Exported by ZModeler 2.2.6 (Build 981) with WavefrontOBJ filter (Build 45)
# 

v -0.000827228 1.21875 -0.291698
v -0.323166 1.20905 -0.252151
v -0.000827072 1.23093 -0.27508
v -0.318837 1.22256 -0.234543
v -0.506296 0.772275 -0.815741
v -0.000837858 0.772033 -0.895747
v -0.510875 0.759057 -0.832974
v -0.00083785 0.757526 -0.915535
v -0.722381 0.782139 -0.730901
v -0.745612 0.763087 -0.747856
v -0.527971 1.16349 -0.220673
v -0.538284 1.1987 -0.162193
v -0.492851 1.18763 -0.200267
v -0.593505 0.834997 1.59631
v -0.494446 1.18055 1.3189
v -0.599869 0.835163 1.59463
v -0.311184 0.827642 1.67079
v -0.000838601 0.823374 1.69527
v -0.301216 1.19167 1.34843
v -0.00082736 1.2008 1.37329
v -0.545101 1.22472 0.505349
v -0.555805 1.20779 0.180514
v -0.759377 0.824852 0.473496
v -0.762944 0.768854 -0.463448
v -0.716604 0.902796 -0.448061
v -0.5835 1.16841 -0.107976
v -0.723506 0.852703 1.29372
v -0.688666 0.902107 1.3366
v -0.545397 1.21621 0.999657
v -0.545739 1.18919 1.1267
v -0.754716 0.83377 0.60201
v -0.731438 0.847892 1.11793
v -0.54409 1.2246 0.617125
v 0.317183 1.22256 -0.234543
v 0.321511 1.20905 -0.252151
v 0.509199 0.759057 -0.832974
v 0.50462 0.772275 -0.815741
v 0.743937 0.763087 -0.747856
v 0.720705 0.782139 -0.7309
v 0.491196 1.18763 -0.200267
v 0.536629 1.1987 -0.162193
v 0.526316 1.16349 -0.220672
v 0.598192 0.835163 1.59463
v 0.492791 1.18055 1.3189
v 0.591828 0.834997 1.59631
v 0.299561 1.19167 1.34843
v 0.309507 0.827642 1.67079
v 0.543446 1.22472 0.50535
v 0.757701 0.824853 0.473496
v 0.554151 1.20779 0.180515
v 0.714928 0.902796 -0.448061
v 0.581846 1.16841 -0.107975
v 0.761269 0.768854 -0.463448
v 0.544084 1.18919 1.1267
v 0.686989 0.902107 1.3366
v 0.543742 1.21621 0.999658
v 0.721829 0.852703 1.29372
v 0.729761 0.847892 1.11793
v 0.542435 1.2246 0.617125
v 0.75304 0.833771 0.60201
v 0.84243 0.382337 0.513368
v 0.847408 0.415876 0.521797
v 0.835443 0.387337 0.765652
v 0.840519 0.422856 0.77143
v 0.837035 0.435698 0.798727
v 0.840519 0.422856 0.77143
v 0.844397 0.428017 0.524817
v 0.847408 0.415876 0.521797
v 0.837035 0.435698 0.798727
v 0.835443 0.387337 0.765652
v 0.840519 0.422856 0.77143
v -0.000837945 0.79449 -0.970924
v -0.000837937 0.749982 -0.967741
v 0.599401 0.794501 -0.874238
v 0.55096 0.739157 -0.879737
v 0.55096 0.739157 -0.879737
v 0.509199 0.759057 -0.832974
v 0.740848 0.763864 -0.751682
v -0.000837926 0.757526 -0.915534
v -0.000837937 0.749982 -0.967741
v 0.829764 0.60437 -0.86687
v 0.822325 0.62867 -0.86692
v 0.830909 0.604872 -0.718275
v 0.824501 0.629138 -0.718771
v 0.854413 0.349162 -0.782197
v 0.858948 0.375312 -0.774297
v 0.858948 0.375312 -0.774297
v 0.853788 0.387147 -0.782967
v 0.853788 0.387147 -0.782967
v 0.858948 0.375312 -0.774297
v 0.854413 0.349162 -0.782197
v 0.757701 0.824853 0.473496
v 0.767517 0.813386 0.496448
v 0.757728 0.824475 0.465132
v 0.538484 1.24275 0.562575
v 0.543446 1.22472 0.505349
v 0.55073 1.22576 0.178937
v 0.554151 1.20779 0.180515
v 0.579922 1.18434 -0.128716
v 0.581846 1.16841 -0.107975
v 0.68699 0.902107 1.3366
v 0.692184 0.901256 1.35813
v 0.72183 0.852703 1.29372
v 0.731996 0.839658 1.30546
v 0.757701 0.824853 0.473496
v 0.543446 1.22472 0.505349
v 0.75304 0.833771 0.60201
v 0.542435 1.2246 0.617125
v 0.542435 1.2246 0.617125
v 0.538395 1.20635 1.14206
v 0.544084 1.18919 1.1267
v 0.540036 1.23379 0.99922
v 0.543743 1.21621 0.999658
v 0.637291 0.10012 1.67553
v 0.588834 0.0889665 1.52933
v 0.695048 0.0982762 1.62786
v -0.000838075 0.411929 -1.90953
v -0.000838052 0.532281 -1.8776
v 0.261457 0.419569 -1.88815
v 0.319534 0.526831 -1.84535
v 0.740848 0.763864 -0.751682
v 0.659069 0.78443 -0.852972
v 0.733405 0.0978848 1.58994
v 0.747946 0.092446 1.55363
v 0.0759559 0.694096 1.74924
v 0.0605769 0.73385 1.74043
v -0.000837632 0.698484 1.7607
v -0.000837633 0.695999 1.7545
v -0.000837663 0.634946 1.78014
v 0.0759559 0.694096 1.74924
v 0.0757073 0.633601 1.77385
v 0.00904585 0.740237 1.75914
v 0.00904585 0.729347 1.76203
v 0.0126491 0.7372 1.73957
v 0.0126491 0.722288 1.74352
v -0.00083764 0.745682 1.7577
v -0.000837645 0.744656 1.73759
v -0.000837646 0.749122 1.73485
v 0.00904585 0.729347 1.76203
v 0.00904585 0.740237 1.75914
v -0.000837636 0.723901 1.76347
v -0.00083764 0.745682 1.7577
v 0.685648 0.762518 -0.645108
v 0.761269 0.768854 -0.463448
v 0.714928 0.902796 -0.448061
v 0.729761 0.847892 1.11793
v 0.740178 0.833609 1.11922
v 0.75304 0.833771 0.60201
v 0.767517 0.813386 0.496448
v 0.817632 0.694707 0.383836
v 0.832788 0.646796 0.385723
v 0.816749 0.687777 0.301606
v 0.820414 0.645215 0.297588
v 0.822834 0.652511 0.473334
v 0.819144 0.695633 0.466027
v 0.823917 0.603432 0.307419
v 0.820414 0.645215 0.297588
v 0.823355 0.610521 0.469009
v 0.822834 0.652511 0.473334
v 0.757701 0.824853 0.473496
v 0.757728 0.824475 0.465132
v 0.761269 0.768854 -0.463448
v 0.761221 0.759699 -0.631277
v 0.772972 0.75004 -0.636478
v 0.731996 0.839658 1.30546
v 0.72183 0.852703 1.29372
v -0.000838091 0.0701913 -1.9403
v -0.000838089 0.238586 -1.9567
v 0.31691 0.0709834 -1.91415
v 0.315294 0.238071 -1.92948
v 0.714928 0.902796 -0.448061
v 0.767355 0.749908 -0.672126
v 0.761221 0.759699 -0.631277
v 0.767355 0.749908 -0.672126
v 0.714928 0.902796 -0.448061
v 0.761269 0.768854 -0.463448
v 0.761221 0.759699 -0.631277
v 0.863743 0.877983 -0.453423
v 0.781683 0.879253 -0.486261
v 0.881055 0.870979 -0.446122
v 0.892117 0.84579 -0.440731
v 0.893483 0.815165 -0.439389
v 0.878609 0.794665 -0.445226
v 0.786429 0.792073 -0.482955
v 0.764512 0.804664 -0.491671
v 0.759266 0.826986 -0.494524
v 0.757955 0.847283 -0.495395
v 0.768141 0.872786 -0.491996
v -0.000826816 1.23891 1.41433
v -0.000826815 1.20643 1.38991
v 0.179663 1.23433 1.4024
v 0.17969 1.20477 1.3776
v -0.837118 0.387337 0.765653
v -0.842195 0.422856 0.771431
v -0.844106 0.382337 0.513368
v -0.849083 0.415876 0.521797
v -0.846073 0.428017 0.524817
v -0.849083 0.415876 0.521797
v -0.838711 0.435698 0.798727
v -0.842195 0.422856 0.771431
v -0.842195 0.422856 0.771431
v -0.837118 0.387337 0.765653
v -0.838711 0.435698 0.798727
v -0.601077 0.794501 -0.874238
v -0.552636 0.739157 -0.879737
v -0.742524 0.763864 -0.751682
v -0.510875 0.759057 -0.832974
v -0.552636 0.739157 -0.879737
v -0.832585 0.604872 -0.718275
v -0.826177 0.629138 -0.71877
v -0.83144 0.60437 -0.866869
v -0.824001 0.62867 -0.86692
v -0.856089 0.349162 -0.782196
v -0.860624 0.375312 -0.774297
v -0.860624 0.375312 -0.774297
v -0.855464 0.387147 -0.782966
v -0.856089 0.349162 -0.782196
v -0.860624 0.375312 -0.774297
v -0.855464 0.387147 -0.782966
v -0.555805 1.20779 0.180514
v -0.5451 1.22472 0.505349
v -0.552384 1.22576 0.178937
v -0.540138 1.24275 0.562575
v -0.5835 1.16841 -0.107975
v -0.581576 1.18434 -0.128716
v -0.723505 0.852703 1.29372
v -0.733671 0.839658 1.30546
v -0.688665 0.902107 1.3366
v -0.693859 0.901256 1.35813
v -0.544089 1.2246 0.617125
v -0.5451 1.22472 0.505349
v -0.754716 0.83377 0.60201
v -0.759376 0.824852 0.473496
v -0.544089 1.2246 0.617125
v -0.545738 1.18919 1.1267
v -0.540049 1.20635 1.14206
v -0.545397 1.21621 0.999658
v -0.54169 1.23379 0.99922
v -0.696724 0.0982761 1.62786
v -0.590509 0.0889664 1.52933
v -0.638966 0.10012 1.67553
v -0.511365 0.0870435 1.52943
v -0.573641 0.102973 1.70473
v -0.263133 0.419569 -1.88815
v -0.32121 0.526831 -1.84534
v -0.660744 0.78443 -0.852972
v -0.742524 0.763864 -0.751682
v -0.749621 0.092446 1.55363
v -0.735081 0.0978849 1.58994
v -0.0622522 0.73385 1.74043
v -0.0776312 0.694096 1.74924
v -0.0776312 0.694096 1.74924
v -0.0773826 0.633601 1.77385
v -0.0143244 0.722288 1.74352
v -0.0107211 0.729346 1.76203
v -0.0143244 0.7372 1.73957
v -0.0107211 0.740237 1.75914
v -0.0107211 0.729346 1.76203
v -0.0107211 0.740237 1.75914
v -0.630381 0.829019 1.4278
v -0.75939 0.824664 0.469314
v -0.754716 0.83377 0.60201
v -0.716604 0.902796 -0.448061
v -0.762944 0.768854 -0.463448
v -0.687324 0.762518 -0.645108
v -0.754716 0.83377 0.60201
v -0.769193 0.813386 0.496448
v -0.731436 0.847892 1.11793
v -0.741854 0.833609 1.11922
v -0.819815 0.687777 0.301606
v -0.82348 0.645215 0.297588
v -0.820697 0.694707 0.383836
v -0.835854 0.646796 0.385723
v -0.825899 0.652511 0.473334
v -0.82221 0.695633 0.466027
v -0.826421 0.610521 0.469009
v -0.825899 0.652511 0.473334
v -0.826983 0.603432 0.307419
v -0.82348 0.645215 0.297588
v -0.759376 0.824852 0.473496
v -0.774647 0.75004 -0.636477
v -0.762897 0.759699 -0.631277
v -0.762944 0.768854 -0.463448
v -0.75939 0.824664 0.469314
v -0.733671 0.839658 1.30546
v -0.723505 0.852703 1.29372
v -0.318586 0.0709834 -1.91415
v -0.31697 0.238071 -1.92948
v -0.762897 0.759699 -0.631277
v -0.716604 0.902796 -0.448061
v -0.769031 0.749908 -0.672126
v -0.769031 0.749908 -0.672126
v -0.762897 0.759699 -0.631277
v -0.762944 0.768854 -0.463448
v -0.716604 0.902796 -0.448061
v -0.769816 0.872786 -0.491995
v -0.783358 0.879253 -0.486261
v -0.75963 0.847283 -0.495395
v -0.760941 0.826986 -0.494524
v -0.766188 0.804664 -0.491671
v -0.788104 0.792073 -0.482955
v -0.880285 0.794665 -0.445226
v -0.895158 0.815165 -0.439389
v -0.893793 0.84579 -0.440731
v -0.88273 0.870979 -0.446122
v -0.865419 0.877982 -0.453423
v -0.181317 1.23433 1.4024
v -0.181343 1.20477 1.3776
v -0.463871 0.105723 1.73826
v -0.519051 0.141482 1.73251
v -0.511365 0.0870435 1.52943
v -0.573641 0.102973 1.70473
v -0.446204 0.0270515 1.64653
v -0.437576 0.0735347 1.24996
v -0.388652 0.074069 1.64653
v -0.584723 0.0270515 1.64653
v -0.589167 0.0735347 1.24996
v -0.642276 0.074069 1.64653
v -0.628067 0.139342 1.64653
v -0.388652 0.074069 1.64653
v -0.437576 0.0735347 1.24996
v -0.40286 0.139342 1.64653
v -0.584723 0.0270515 1.64653
v -0.628067 0.139342 1.64653
v -0.642276 0.074069 1.64653
v -0.553006 0.157173 1.64653
v -0.477933 0.157173 1.64653
v -0.40286 0.139342 1.64653
v -0.446204 0.0270515 1.64653
v -0.388652 0.074069 1.64653
v -0.550807 0.109051 1.76333
v -0.546296 0.124552 1.57806
v -0.551053 0.0808868 1.76333
v -0.546813 0.0653091 1.57806
v -0.530719 0.128792 1.76333
v -0.487053 0.124035 1.57806
v -0.502555 0.128546 1.76333
v -0.482813 0.108458 1.76333
v -0.48757 0.0647921 1.57806
v -0.483059 0.0802935 1.76333
v -0.503148 0.0605522 1.76333
v -0.48757 0.0647921 1.57806
v -0.483059 0.0802935 1.76333
v -0.531312 0.060798 1.76333
v -0.550807 0.109051 1.76333
v -0.551053 0.0808868 1.76333
v -0.530719 0.128792 1.76333
v -0.483059 0.0802935 1.76333
v -0.482813 0.108458 1.76333
v -0.503148 0.0605522 1.76333
v -0.502555 0.128546 1.76333
v -0.531312 0.060798 1.76333
v -0.548305 0.528932 1.72836
v -0.355805 0.528932 1.76902
v -0.548305 0.572546 1.7188
v -0.355805 0.572546 1.75946
v 0.546629 0.528932 1.72836
v 0.546629 0.572546 1.7188
v 0.354129 0.528932 1.76902
v 0.354129 0.572546 1.75946
v 0.347214 0.506539 -1.86469
v -0.000837914 0.506817 -1.8968
v 0.346699 0.525133 -1.85133
v -0.000837915 0.524423 -1.88203
v 0.347004 0.498359 -1.86177
v -0.000837914 0.498757 -1.89387
v 0.347214 0.506539 -1.86469
v -0.000837914 0.506817 -1.8968
v 0.331934 0.469233 -1.87683
v -0.000837914 0.46951 -1.90578
v 0.346699 0.487826 -1.86348
v -0.000837915 0.487116 -1.89101
v 0.331725 0.461053 -1.87392
v -0.000837914 0.46145 -1.90285
v 0.331934 0.469233 -1.87683
v -0.000837914 0.46951 -1.90578
v 0.329087 0.432028 -1.886
v -0.000837913 0.432305 -1.91812
v 0.328573 0.450621 -1.87265
v -0.000837914 0.449911 -1.90335
v 0.328877 0.423848 -1.88309
v -0.000837914 0.424245 -1.91519
v 0.329087 0.432028 -1.886
v -0.000837913 0.432305 -1.91812
v -0.348375 0.525133 -1.85133
v -0.348889 0.506539 -1.86469
v -0.348889 0.506539 -1.86469
v -0.34868 0.498359 -1.86177
v -0.348375 0.487826 -1.86348
v -0.33361 0.469233 -1.87683
v -0.33361 0.469233 -1.87683
v -0.3334 0.461053 -1.87392
v -0.330249 0.450621 -1.87265
v -0.330763 0.432028 -1.886
v -0.330763 0.432028 -1.886
v -0.330553 0.423848 -1.88309
v -0.625823 0.514787 -1.69625
v -0.733412 0.484729 -1.71414
v -0.672941 0.537013 -1.74208
v -0.680964 0.402813 -1.66787
v -0.767025 0.394394 -1.71219
v -0.680964 0.402813 -1.66787
v -0.614561 0.394382 -1.81959
v -0.709365 0.394389 -1.75692
v -0.767025 0.394394 -1.71219
v -0.487069 0.518993 -1.75991
v -0.486344 0.5681 -1.80247
v -0.404102 0.406834 -1.78463
v -0.403092 0.394415 -1.87964
v -0.403092 0.394415 -1.87964
v -0.404102 0.406834 -1.78463
v -0.486344 0.5681 -1.80247
v -0.487069 0.518993 -1.75991
v -0.404102 0.406834 -1.78463
v -0.590699 0.407029 -1.65038
v -0.61452 0.397162 -1.73331
v -0.566878 0.416896 -1.73331
v -0.557011 0.488359 -1.65038
v -0.547144 0.464538 -1.73331
v -0.566878 0.51218 -1.73331
v -0.638341 0.522047 -1.65038
v -0.61452 0.531914 -1.73331
v -0.662162 0.51218 -1.73331
v -0.672029 0.440717 -1.65038
v -0.681896 0.464538 -1.73331
v -0.672029 0.440717 -1.65038
v -0.681896 0.464538 -1.73331
v -0.662162 0.416896 -1.73331
v -0.61452 0.464538 -1.70061
v -0.662162 0.416896 -1.73331
v -0.681896 0.464538 -1.73331
v -0.662162 0.51218 -1.73331
v -0.61452 0.531914 -1.73331
v -0.566878 0.51218 -1.73331
v -0.547144 0.464538 -1.73331
v -0.566878 0.416896 -1.73331
v -0.61452 0.397162 -1.73331
v -0.478944 0.408708 -1.68888
v -0.495603 0.401808 -1.8133
v -0.462285 0.415609 -1.8133
v -0.455385 0.465586 -1.68888
v -0.448484 0.448927 -1.8133
v -0.462285 0.482245 -1.8133
v -0.512262 0.489145 -1.68888
v -0.495603 0.496046 -1.8133
v -0.528921 0.482245 -1.8133
v -0.535822 0.432268 -1.68888
v -0.542722 0.448927 -1.8133
v -0.528921 0.415609 -1.8133
v -0.535822 0.432268 -1.68888
v -0.528921 0.415609 -1.8133
v -0.495603 0.448927 -1.78604
v -0.528921 0.415609 -1.8133
v -0.542722 0.448927 -1.8133
v -0.528921 0.482245 -1.8133
v -0.495603 0.496046 -1.8133
v -0.462285 0.482245 -1.8133
v -0.448484 0.448927 -1.8133
v -0.462285 0.415609 -1.8133
v -0.495603 0.401808 -1.8133
v -0.49575 0.49211 -1.79797
v -0.45257 0.448931 -1.79797
v -0.53893 0.44893 -1.79797
v -0.49575 0.405751 -1.79797
v -0.607559 0.457347 -1.74734
v -0.621565 0.457347 -1.74734
v -0.607559 0.47163 -1.74734
v -0.621565 0.47163 -1.74734
v -0.603616 0.453326 -1.71917
v -0.625508 0.453326 -1.71917
v -0.603616 0.475651 -1.71917
v -0.625508 0.475651 -1.71917
v 0.673523 0.535934 -1.7435
v 0.731736 0.484729 -1.71413
v 0.624147 0.514787 -1.69625
v 0.765349 0.394394 -1.71219
v 0.679288 0.402813 -1.66787
v 0.70769 0.394389 -1.75692
v 0.612885 0.394382 -1.81959
v 0.679288 0.402813 -1.66787
v 0.765349 0.394394 -1.71219
v 0.401416 0.394415 -1.87964
v 0.484668 0.5681 -1.80247
v 0.402427 0.406834 -1.78463
v 0.485394 0.518993 -1.75991
v 0.402427 0.406834 -1.78463
v 0.401416 0.394415 -1.87964
v 0.485394 0.518993 -1.75991
v 0.484668 0.5681 -1.80247
v 0.402427 0.406834 -1.78463
v 0.565202 0.416896 -1.73331
v 0.612844 0.397162 -1.73331
v 0.589023 0.407029 -1.65038
v 0.545468 0.464538 -1.73331
v 0.555335 0.488359 -1.65038
v 0.565202 0.51218 -1.73331
v 0.612844 0.531914 -1.73331
v 0.636665 0.522047 -1.65038
v 0.636665 0.488359 -1.71696
v 0.680221 0.464538 -1.73331
v 0.670353 0.440717 -1.65038
v 0.660486 0.416896 -1.73331
v 0.680221 0.464538 -1.73331
v 0.670353 0.440717 -1.65038
v 0.680221 0.464538 -1.73331
v 0.660486 0.416896 -1.73331
v 0.636665 0.488359 -1.71696
v 0.565202 0.51218 -1.73331
v 0.612844 0.531914 -1.73331
v 0.545468 0.464538 -1.73331
v 0.565202 0.416896 -1.73331
v 0.612844 0.397162 -1.73331
v 0.460609 0.415609 -1.8133
v 0.493927 0.401808 -1.8133
v 0.477268 0.408708 -1.68888
v 0.446808 0.448927 -1.8133
v 0.453709 0.465586 -1.68888
v 0.460609 0.482245 -1.8133
v 0.493927 0.496046 -1.8133
v 0.510587 0.489145 -1.68888
v 0.527246 0.482245 -1.8133
v 0.541047 0.448927 -1.8133
v 0.534146 0.432268 -1.68888
v 0.527246 0.415609 -1.8133
v 0.527246 0.415609 -1.8133
v 0.534146 0.432268 -1.68888
v 0.541047 0.448927 -1.8133
v 0.527246 0.415609 -1.8133
v 0.493927 0.448927 -1.78604
v 0.527246 0.482245 -1.8133
v 0.493927 0.496046 -1.8133
v 0.460609 0.482245 -1.8133
v 0.446808 0.448927 -1.8133
v 0.460609 0.415609 -1.8133
v 0.493927 0.401808 -1.8133
v 0.494074 0.405751 -1.79797
v 0.450894 0.448931 -1.79797
v 0.537254 0.44893 -1.79797
v 0.494074 0.49211 -1.79797
v 0.619889 0.47163 -1.74734
v 0.619889 0.457347 -1.74734
v 0.605883 0.47163 -1.74734
v 0.605883 0.457347 -1.74734
v 0.616535 0.460767 -1.71917
v 0.60194 0.475651 -1.71917
v -0.764071 0.563505 1.59111
v -0.742182 0.630936 1.6007
v -0.76361 0.632915 1.55543
v -0.680494 0.503376 1.68683
v -0.611548 0.507657 1.71321
v -0.689822 0.626183 1.6559
v -0.617178 0.624238 1.6907
v -0.615414 0.774389 1.64074
v -0.685966 0.774086 1.59355
v -0.726202 0.773149 1.52994
v -0.746981 0.491914 1.63611
v 0.761935 0.632915 1.55543
v 0.740506 0.630936 1.6007
v 0.762395 0.563505 1.59111
v 0.615503 0.624238 1.6907
v 0.609872 0.507657 1.71321
v 0.688146 0.626183 1.6559
v 0.678819 0.503376 1.68683
v 0.68429 0.774086 1.59355
v 0.613739 0.774389 1.64074
v 0.724527 0.773149 1.52994
v 0.745306 0.491914 1.63611
v -0.568297 0.621886 1.70228
v -0.617162 0.624358 1.69377
v -0.566015 0.507838 1.72604
v -0.611184 0.503557 1.71596
v 0.566519 0.621969 1.70228
v 0.563949 0.507657 1.72604
v 0.615385 0.623914 1.69377
v 0.609118 0.503376 1.71596
v 0.565187 0.463751 -0.922907
v 0.565187 -0.00596593 -0.794932
v 0.565187 0.458443 -1.41437
v 0.565186 0.000758691 -1.53799
v 0.588834 0.431085 1.42938
v 0.588834 0.0889665 1.52933
v 0.588834 0.448459 0.863037
v 0.588834 0.0232167 0.798415
v 0.868714 0.435086 -0.955188
v 0.565187 0.463751 -0.922907
v 0.867372 0.488885 -1.08386
v 0.856029 0.42427 -1.39186
v 0.863635 0.483618 -1.2571
v 0.565187 0.458443 -1.41437
v 0.847347 0.302861 -1.49368
v 0.801647 0.052676 -1.54311
v 0.820313 0.160327 -1.54109
v 0.565186 0.000758691 -1.53799
v 0.565187 -0.00596593 -0.794932
v 0.813448 0.00112621 -0.786939
v 0.858836 0.0916638 -0.793746
v 0.865923 0.302433 -0.841883
v 0.856286 0.461027 0.964308
v 0.588834 0.448459 0.863037
v 0.858631 0.350019 0.85441
v 0.855052 0.139138 0.796979
v 0.804846 0.0223999 0.78934
v 0.588834 0.0232167 0.798415
v 0.588834 0.0889665 1.52933
v 0.588834 0.431085 1.42938
v 0.747946 0.092446 1.55363
v 0.806284 0.266694 1.51703
v 0.837961 0.401609 1.44534
v 0.853503 0.489009 1.3082
v 0.857628 0.510805 1.1424
v 0.565186 0.000758691 -1.53799
v 0.798637 0.000768771 -1.5439
v 0.801647 0.052676 -1.54311
v 0.810365 0.0150407 -1.54396
v 0.68699 0.902107 1.3366
v 0.72183 0.852703 1.29372
v 0.628706 0.829019 1.4278
v 0.544084 1.18919 1.1267
v 0.497112 1.17897 1.21209
v 0.598193 0.835163 1.59463
v 0.628706 0.829019 1.4278
v 0.309508 0.827642 1.67079
v 0.75304 0.833771 0.60201
v 0.542435 1.2246 0.617125
v 0.687548 0.769016 0.550142
v 0.510765 1.21127 0.566047
v 0.543446 1.22472 0.505349
v 0.757701 0.824853 0.473496
v 0.75304 0.833771 0.60201
v 0.757701 0.824853 0.473496
v 0.761269 0.768854 -0.463448
v 0.714928 0.902796 -0.448061
v 0.581846 1.16841 -0.107975
v 0.685648 0.762518 -0.645108
v 0.536654 1.17988 -0.110132
v 0.740848 0.763864 -0.751682
v 0.536629 1.1987 -0.162193
v -0.000837636 0.823374 1.69527
v -0.000837672 0.812783 1.52227
v 0.72183 0.852703 1.29372
v 0.729761 0.847892 1.11793
v -0.000837926 0.757526 -0.915534
v 0.509199 0.759057 -0.832974
v 0.740848 0.763864 -0.751682
v 0.248509 1.06422 0.345916
v 0.463678 1.06412 0.345916
v 0.190263 0.775848 0.279867
v 0.522112 0.775841 0.279867
v 0.497112 1.17897 1.21209
v 0.628706 0.829019 1.4278
v 0.492791 1.18055 1.3189
v 0.598193 0.835163 1.59463
v -0.566862 0.458443 -1.41437
v -0.566862 0.000758719 -1.53799
v -0.566862 0.463751 -0.922906
v -0.566863 -0.0059659 -0.794932
v -0.590509 0.448459 0.863037
v -0.590509 0.0232167 0.798415
v -0.590509 0.431085 1.42938
v -0.590509 0.0889664 1.52933
v -0.87039 0.435086 -0.955187
v -0.869048 0.488885 -1.08386
v -0.566862 0.463751 -0.922906
v -0.566862 0.458443 -1.41437
v -0.857705 0.42427 -1.39186
v -0.865311 0.483618 -1.2571
v -0.849023 0.302861 -1.49368
v -0.566862 0.000758719 -1.53799
v -0.803323 0.052676 -1.54311
v -0.821989 0.160327 -1.54109
v -0.815124 0.00112622 -0.786938
v -0.860512 0.0916638 -0.793746
v -0.566863 -0.0059659 -0.794932
v -0.867599 0.302433 -0.841883
v -0.857961 0.461027 0.964308
v -0.860306 0.350019 0.854411
v -0.590509 0.448459 0.863037
v -0.806521 0.0223999 0.78934
v -0.590509 0.0232167 0.798415
v -0.856727 0.139138 0.796979
v -0.749621 0.092446 1.55363
v -0.807959 0.266694 1.51703
v -0.590509 0.0889664 1.52933
v -0.590509 0.431085 1.42938
v -0.839636 0.401609 1.44534
v -0.855178 0.489009 1.3082
v -0.859304 0.510805 1.1424
v -0.803323 0.052676 -1.54311
v -0.812041 0.0150407 -1.54396
v -0.566862 0.000758719 -1.53799
v -0.800313 0.000768781 -1.5439
v -0.630381 0.829019 1.4278
v -0.723505 0.852703 1.29372
v -0.688665 0.902107 1.3366
v -0.498765 1.17897 1.21209
v -0.545738 1.18919 1.1267
v -0.311183 0.827642 1.67079
v -0.630381 0.829019 1.4278
v -0.599868 0.835163 1.59463
v -0.512419 1.21127 0.566047
v -0.544089 1.2246 0.617125
v -0.689224 0.769015 0.550142
v -0.754716 0.83377 0.60201
v -0.759376 0.824852 0.473496
v -0.5451 1.22472 0.505349
v -0.75939 0.824664 0.469314
v -0.762944 0.768854 -0.463448
v -0.538308 1.17988 -0.110132
v -0.5835 1.16841 -0.107975
v -0.687324 0.762518 -0.645108
v -0.716604 0.902796 -0.448061
v -0.538284 1.1987 -0.162193
v -0.742524 0.763864 -0.751682
v -0.731436 0.847892 1.11793
v -0.723505 0.852703 1.29372
v -0.754716 0.83377 0.60201
v -0.510875 0.759057 -0.832974
v -0.742524 0.763864 -0.751682
v -0.523787 0.775841 0.279867
v -0.465353 1.06412 0.345916
v -0.191938 0.775848 0.279867
v -0.250185 1.06422 0.345916
v -0.599868 0.835163 1.59463
v -0.630381 0.829019 1.4278
v -0.494445 1.18055 1.3189
v -0.498765 1.17897 1.21209
v 0.248509 1.06422 0.394734
v 0.190263 0.775848 0.328685
v 0.463678 1.06412 0.394734
v 0.522112 0.775841 0.328685
v -0.523787 0.775841 0.328685
v -0.191938 0.775848 0.328685
v -0.465353 1.06412 0.394734
v -0.250185 1.06422 0.394734
v 0.522112 0.775841 0.328685
v 0.190263 0.775848 0.328685
v 0.522112 0.775841 0.279606
v 0.190263 0.775848 0.279606
v 0.522112 0.775841 0.279606
v 0.190263 0.775848 0.328685
v 0.463678 1.06412 0.394734
v 0.522112 0.775841 0.328685
v 0.463678 1.06412 0.345655
v 0.522112 0.775841 0.279606
v 0.463678 1.06412 0.345655
v 0.522112 0.775841 0.328685
v 0.248509 1.06422 0.394734
v 0.463678 1.06412 0.394734
v 0.248509 1.06422 0.345655
v 0.463678 1.06412 0.345655
v 0.248509 1.06422 0.345655
v 0.463678 1.06412 0.394734
v 0.190263 0.775848 0.328685
v 0.248509 1.06422 0.394734
v 0.190263 0.775848 0.279606
v 0.248509 1.06422 0.345655
v 0.190263 0.775848 0.279606
v 0.248509 1.06422 0.394734
v -0.250185 1.06422 0.394734
v -0.191938 0.775848 0.328685
v -0.250185 1.06422 0.345655
v -0.191938 0.775848 0.279606
v -0.250185 1.06422 0.345655
v -0.191938 0.775848 0.328685
v -0.465353 1.06412 0.394734
v -0.250185 1.06422 0.394734
v -0.465353 1.06412 0.345655
v -0.250185 1.06422 0.345655
v -0.465353 1.06412 0.345655
v -0.250185 1.06422 0.394734
v -0.523787 0.775841 0.328685
v -0.465353 1.06412 0.394734
v -0.523787 0.775841 0.279606
v -0.465353 1.06412 0.345655
v -0.523787 0.775841 0.279606
v -0.465353 1.06412 0.394734
v -0.191938 0.775848 0.328685
v -0.523787 0.775841 0.328685
v -0.191938 0.775848 0.279606
v -0.523787 0.775841 0.279606
v -0.191938 0.775848 0.279606
v -0.523787 0.775841 0.328685
v 0.561382 0.743574 -1.12039
v 0.524681 0.694412 -1.35801
v -0.000837943 0.763633 -1.13432
v -0.000837962 0.714043 -1.3969
v 0.524681 0.694412 -1.35801
v 0.561382 0.743574 -1.12039
v 0.584932 0.681881 -1.34154
v 0.619895 0.730243 -1.11113
v 0.422071 0.574251 -1.82008
v -0.000838059 0.584885 -1.86969
v 0.837366 0.490089 -0.9098
v 0.865561 0.455471 -0.934668
v 0.825853 0.552898 -1.07295
v 0.862937 0.515519 -1.07918
v 0.863635 0.483618 -1.2571
v 0.859185 0.510299 -1.26372
v 0.867372 0.488885 -1.08386
v 0.862937 0.515519 -1.07918
v 0.863787 0.313038 -0.818348
v 0.865923 0.302433 -0.841883
v 0.865561 0.455471 -0.934668
v 0.868714 0.435086 -0.955188
v 0.850161 0.43749 -1.41736
v 0.856029 0.42427 -1.39186
v 0.731736 0.484729 -1.71413
v 0.804773 0.450483 -1.46069
v 0.765349 0.394394 -1.71219
v 0.852521 0.546543 1.13997
v 0.857628 0.510805 1.1424
v 0.853412 0.491126 0.941556
v 0.856286 0.461027 0.964308
v 0.856698 0.36311 0.819937
v 0.858631 0.350019 0.85441
v 0.846519 0.517732 1.33386
v 0.853503 0.489009 1.3082
v 0.810507 0.744313 0.514238
v 0.779329 0.762976 1.125
v 0.824755 0.537517 0.912526
v 0.814025 0.600148 1.13602
v 0.810507 0.744313 0.514238
v 0.767517 0.813386 0.496448
v 0.779329 0.762976 1.125
v 0.740178 0.833609 1.11922
v 0.806325 0.566863 1.35475
v 0.846519 0.517732 1.33386
v 0.814025 0.600148 1.13602
v 0.852521 0.546543 1.13997
v 0.724527 0.773149 1.52994
v 0.761935 0.632915 1.55543
v 0.744883 0.770698 1.42966
v 0.806325 0.566863 1.35475
v 0.760282 0.768301 1.32857
v 0.723143 0.697067 -1.08612
v 0.791238 0.630303 -1.07168
v 0.708938 0.648971 -1.29517
v 0.774146 0.588527 -1.28709
v 0.767517 0.813386 0.496448
v 0.810507 0.744313 0.514238
v 0.772972 0.75004 -0.636478
v 0.809341 0.677989 -0.629647
v 0.810507 0.744313 0.514238
v 0.841206 0.38175 0.501894
v 0.809341 0.677989 -0.629647
v 0.85193 0.344852 -0.610574
v 0.731736 0.484729 -1.71413
v 0.671265 0.537013 -1.74208
v 0.809341 0.677989 -0.629647
v 0.85193 0.344852 -0.610574
v 0.803964 0.667008 -0.757305
v 0.838304 0.325786 -0.780983
v 0.825371 0.372134 0.767003
v 0.841206 0.38175 0.501894
v 0.538484 1.24275 0.562575
v 0.55073 1.22576 0.178937
v 0.50076 1.27602 0.559197
v 0.517259 1.25844 0.164001
v 0.740848 0.763864 -0.751682
v 0.536629 1.1987 -0.162193
v 0.767355 0.749908 -0.672126
v 0.579922 1.18434 -0.128716
v 0.302214 1.28018 1.01268
v 0.320407 1.30091 0.553924
v -0.000826822 1.29427 1.01898
v -0.00082687 1.31562 0.544533
v 0.322592 1.28169 0.141239
v -0.000826914 1.29233 0.103422
v -0.000827117 1.23093 -0.27508
v 0.317183 1.22256 -0.234543
v 0.656318 0.864471 1.52553
v 0.68491 0.885382 1.44821
v 0.512291 1.18751 1.27625
v 0.528961 1.19754 1.21494
v 0.55073 1.22576 0.178937
v 0.579922 1.18434 -0.128716
v 0.517259 1.25844 0.164001
v 0.536629 1.1987 -0.162193
v 0.847347 0.302861 -1.49368
v 0.8412 0.314119 -1.51929
v 0.820313 0.160327 -1.54109
v 0.801647 0.052676 -1.54311
v 0.814888 0.160088 -1.57057
v 0.800121 0.0539884 -1.57201
v 0.794232 0.275122 1.55318
v 0.733405 0.0978848 1.58994
v 0.806284 0.266694 1.51703
v 0.747946 0.092446 1.55363
v 0.830236 0.427446 1.47184
v 0.837961 0.401609 1.44534
v 0.741643 0.311705 1.66339
v 0.710604 0.220876 1.67893
v 0.762308 0.278014 1.59306
v 0.70707 0.126536 1.61728
v 0.76342 0.463442 1.63854
v 0.761914 0.4265 1.64689
v 0.797497 0.450066 1.5227
v 0.791634 0.407125 1.54938
v 0.797497 0.450066 1.5227
v 0.745306 0.491914 1.63611
v 0.757338 0.475516 1.63463
v 0.674723 0.220413 1.70303
v 0.659257 0.133138 1.67651
v 0.692829 0.206052 1.67966
v 0.70707 0.126536 1.61728
v 0.659257 0.133138 1.67651
v 0.637291 0.10012 1.67553
v 0.70707 0.126536 1.61728
v 0.695048 0.0982762 1.62786
v 0.695048 0.0982762 1.62786
v 0.733405 0.0978848 1.58994
v 0.70707 0.126536 1.61728
v 0.589822 0.338828 1.78686
v 0.571089 0.250191 1.78743
v 0.712778 0.334 1.71915
v 0.689565 0.239538 1.71915
v -0.000837639 0.44184 1.86912
v -0.000837646 0.424517 1.83044
v 0.19666 0.441751 1.85324
v 0.17876 0.424236 1.82928
v 0.61337 0.475719 1.77416
v 0.608505 0.441746 1.78037
v 0.733201 0.468106 1.70224
v 0.730625 0.433111 1.71167
v 0.288541 0.441749 1.83698
v 0.298171 0.480349 1.83268
v 0.19666 0.441751 1.85324
v -0.000837639 0.44184 1.86912
v -0.000837648 0.480545 1.86081
v 0.298452 0.497851 1.82027
v 0.321343 0.512339 1.77225
v -0.000837654 0.498032 1.84778
v -0.000837629 0.512816 1.80544
v -0.000837648 0.480545 1.86081
v 0.298171 0.480349 1.83268
v 0.609872 0.507657 1.71321
v 0.612214 0.493859 1.75931
v 0.678819 0.503376 1.68683
v 0.745306 0.491914 1.63611
v 0.517375 0.141482 1.73251
v 0.56815 0.230686 1.76444
v 0.517375 0.141482 1.73251
v 0.519176 0.105278 1.72832
v 0.286694 0.107091 1.76888
v 0.288049 0.143947 1.77103
v -0.000837681 0.104295 1.78525
v -0.000837689 0.147228 1.7924
v -0.000837646 0.424517 1.83044
v -0.000837653 0.23709 1.83175
v 0.17876 0.424236 1.82928
v 0.202773 0.403883 1.82908
v 0.229497 0.236847 1.8252
v 0.229497 0.236847 1.8252
v 0.288049 0.143947 1.77103
v -0.000837689 0.147228 1.7924
v -0.000837653 0.23709 1.83175
v 0.31852 0.775304 1.69999
v 0.309508 0.827642 1.67079
v -0.000837639 0.775312 1.72224
v -0.000837636 0.823374 1.69527
v 0.321343 0.512339 1.77225
v 0.320294 0.621131 1.75111
v -0.000837629 0.512816 1.80544
v -0.000837658 0.617428 1.78425
v 0.76342 0.463442 1.63854
v 0.61337 0.475719 1.77416
v 0.724537 0.486895 1.69402
v 0.733201 0.468106 1.70224
v 0.540036 1.23379 0.99922
v 0.482559 1.25902 1.00467
v 0.824755 0.537517 0.912526
v 0.853412 0.491126 0.941556
v 0.825371 0.372134 0.767003
v 0.856698 0.36311 0.819937
v 0.830236 0.427446 1.47184
v 0.797497 0.450066 1.5227
v 0.791634 0.407125 1.54938
v 0.762308 0.278014 1.59306
v 0.794232 0.275122 1.55318
v 0.202773 0.403883 1.82908
v 0.229497 0.236847 1.8252
v 0.231506 0.344286 1.85313
v 0.240421 0.257266 1.84395
v 0.22246 0.417384 1.85056
v 0.231506 0.344286 1.85313
v 0.22246 0.417384 1.85056
v 0.797497 0.450066 1.5227
v 0.762395 0.563505 1.59111
v 0.745306 0.491914 1.63611
v 0.815826 0.544661 -1.27575
v 0.859185 0.510299 -1.26372
v 0.863787 0.313038 -0.818348
v 0.838304 0.325786 -0.780983
v 0.804773 0.450483 -1.46069
v 0.850161 0.43749 -1.41736
v 0.8412 0.314119 -1.51929
v 0.814606 0.401154 -1.5035
v 0.571089 0.250191 1.78743
v 0.56815 0.230686 1.76444
v 0.689565 0.239538 1.71915
v 0.674723 0.220413 1.70303
v 0.240421 0.257266 1.84395
v 0.229497 0.236847 1.8252
v 0.692829 0.206052 1.67966
v 0.710604 0.220876 1.67893
v 0.70707 0.126536 1.61728
v 0.710604 0.220876 1.67893
v 0.741643 0.311705 1.66339
v 0.761914 0.4265 1.64689
v 0.76342 0.463442 1.63854
v 0.76342 0.463442 1.63854
v 0.757338 0.475516 1.63463
v 0.740848 0.763864 -0.751682
v 0.767355 0.749908 -0.672126
v 0.803964 0.667008 -0.757305
v 0.425886 0.333713 -1.95322
v 0.33264 0.335611 -1.97466
v 0.401416 0.394415 -1.87964
v 0.288447 0.406164 -1.9081
v 0.70769 0.394389 -1.75692
v 0.712785 0.327913 -1.8037
v 0.612885 0.394382 -1.81959
v 0.633841 0.330737 -1.88282
v 0.765349 0.394394 -1.71219
v 0.774842 0.325754 -1.71457
v -0.000838041 0.400752 -1.93486
v -0.000838081 0.33768 -2.00686
v 0.367419 0.545775 -1.85395
v 0.288447 0.406164 -1.9081
v 0.319534 0.526831 -1.84535
v 0.261457 0.419569 -1.88815
v -0.000838041 0.400752 -1.93486
v -0.000838075 0.411929 -1.90953
v 0.288447 0.406164 -1.9081
v 0.261457 0.419569 -1.88815
v 0.367419 0.545775 -1.85395
v 0.319534 0.526831 -1.84535
v -0.00083806 0.551731 -1.89795
v -0.000838052 0.532281 -1.8776
v 0.288447 0.406164 -1.9081
v 0.367419 0.545775 -1.85395
v 0.401416 0.394415 -1.87964
v 0.422071 0.574251 -1.82008
v 0.484668 0.5681 -1.80247
v 0.422071 0.574251 -1.82008
v 0.367419 0.545775 -1.85395
v -0.000838059 0.584885 -1.86969
v -0.00083806 0.551731 -1.89795
v 0.401416 0.394415 -1.87964
v 0.425886 0.333713 -1.95322
v 0.801647 0.052676 -1.54311
v 0.810365 0.0150407 -1.54396
v 0.800121 0.0539884 -1.57201
v 0.814606 0.401154 -1.5035
v 0.8412 0.314119 -1.51929
v 0.774842 0.325754 -1.71457
v 0.615503 0.624238 1.6907
v 0.609872 0.507657 1.71321
v 0.00904585 0.729347 1.76203
v -0.000837636 0.723901 1.76347
v 0.0126491 0.722288 1.74352
v -0.000837639 0.714832 1.74714
v 0.0759559 0.694096 1.74924
v -0.000837632 0.698484 1.7607
v -0.000837633 0.695999 1.7545
v 0.303389 1.24655 1.24185
v -0.000826823 1.25162 1.26671
v 0.538395 1.20635 1.14206
v 0.516714 1.22036 1.17843
v 0.422071 0.574251 -1.82008
v 0.484668 0.5681 -1.80247
v 0.480927 1.22566 1.21232
v 0.731996 0.839658 1.30546
v 0.760282 0.768301 1.32857
v 0.240421 0.257266 1.84395
v 0.815826 0.544661 -1.27575
v 0.774146 0.588527 -1.28709
v 0.825853 0.552898 -1.07295
v 0.791238 0.630303 -1.07168
v 0.322592 1.28169 0.141239
v 0.317183 1.22256 -0.234543
v 0.659069 0.78443 -0.852972
v 0.599401 0.794501 -0.874238
v 0.599401 0.794501 -0.874238
v -0.000837945 0.79449 -0.970924
v 0.723143 0.697067 -1.08612
v 0.708938 0.648971 -1.29517
v 0.671265 0.537013 -1.74208
v 0.740848 0.763864 -0.751682
v 0.836106 0.162835 0.47031
v 0.853405 0.127109 0.758417
v 0.841474 0.130583 -0.606338
v 0.858436 0.0943803 -0.764682
v 0.813448 0.00112621 -0.786939
v 0.858436 0.0943803 -0.764682
v 0.804846 0.0223999 0.78934
v 0.853405 0.127109 0.758417
v 0.841474 0.130583 -0.606338
v 0.836106 0.162835 0.47031
v 0.825719 0.163806 0.714926
v 0.858436 0.0943803 -0.764682
v 0.858836 0.0916638 -0.793746
v 0.855052 0.139138 0.796979
v 0.853405 0.127109 0.758417
v 0.804846 0.0223999 0.78934
v 0.836106 0.162835 0.47031
v 0.825719 0.163806 0.714926
v 0.825719 0.163806 0.714926
v 0.853405 0.127109 0.758417
v 0.828022 0.1191 -0.7337
v 0.858436 0.0943803 -0.764682
v 0.841474 0.130583 -0.606338
v 0.828022 0.1191 -0.7337
v 0.828022 0.1191 -0.7337
v 0.858836 0.0916638 -0.793746
v 0.765606 0.0510536 -1.6928
v 0.772621 0.1817 -1.71083
v 0.800121 0.0539884 -1.57201
v 0.814888 0.160088 -1.57057
v 0.425886 0.333713 -1.95322
v 0.413881 0.224187 -1.95846
v 0.33264 0.335611 -1.97466
v 0.328976 0.246439 -1.98272
v 0.34909 0.222868 -1.97834
v 0.37553 0.0306993 -1.95943
v 0.34605 0.0394629 -1.95772
v 0.624482 0.0145001 -1.87603
v 0.617612 0.0497975 -1.86454
v 0.712876 0.0147592 -1.79864
v 0.707127 0.0498248 -1.78819
v 0.771386 0.0151476 -1.69746
v 0.765606 0.0510536 -1.6928
v 0.37553 0.0306993 -1.95943
v 0.402293 0.0159432 -1.95772
v 0.771386 0.0151476 -1.69746
v 0.765606 0.0510536 -1.6928
v 0.8412 0.314119 -1.51929
v 0.774842 0.325754 -1.71457
v 0.71766 0.20986 -1.80156
v 0.712785 0.327913 -1.8037
v 0.772621 0.1817 -1.71083
v 0.774842 0.325754 -1.71457
v 0.707127 0.0498248 -1.78819
v 0.765606 0.0510536 -1.6928
v 0.633841 0.330737 -1.88282
v 0.628539 0.225297 -1.88264
v -0.000838068 0.247041 -2.01283
v -0.000838081 0.33768 -2.00686
v 0.32292 0.228745 -1.96359
v 0.324574 0.058406 -1.94719
v 0.315294 0.238071 -1.92948
v 0.31691 0.0709834 -1.91415
v -0.00083807 0.229325 -1.99114
v 0.32292 0.228745 -1.96359
v -0.000838089 0.238586 -1.9567
v 0.315294 0.238071 -1.92948
v 0.31691 0.0709834 -1.91415
v 0.324574 0.058406 -1.94719
v -0.000838091 0.0701913 -1.9403
v -0.000838114 0.0576713 -1.97365
v 0.328976 0.246439 -1.98272
v 0.34909 0.222868 -1.97834
v 0.32292 0.228745 -1.96359
v 0.324574 0.058406 -1.94719
v 0.34605 0.0394629 -1.95772
v 0.328976 0.246439 -1.98272
v 0.32292 0.228745 -1.96359
v -0.000838068 0.247041 -2.01283
v -0.00083807 0.229325 -1.99114
v -0.00083811 0.0370855 -1.99419
v -0.000838114 0.0576713 -1.97365
v 0.34605 0.0394629 -1.95772
v 0.324574 0.058406 -1.94719
v 0.617612 0.0497975 -1.86454
v 0.765349 0.394394 -1.71219
v 0.814606 0.401154 -1.5035
v 0.837366 0.490089 -0.9098
v 0.809341 0.677989 -0.629647
v 0.772972 0.75004 -0.636478
v 0.598193 0.835163 1.59463
v 0.492791 1.18055 1.3189
v 0.692184 0.901256 1.35813
v 0.613739 0.774389 1.64074
v 0.598193 0.835163 1.59463
v 0.744883 0.770698 1.42966
v 0.692184 0.901256 1.35813
v 0.892146 0.84615 -0.475991
v 0.893469 0.816723 -0.477502
v 0.876804 0.850918 -0.496839
v 0.88001 0.81523 -0.49741
v 0.776883 0.808455 -0.546891
v 0.783111 0.852829 -0.537464
v 0.864873 0.877094 -0.468126
v 0.788538 0.875593 -0.502156
v 0.768141 0.872786 -0.491996
v 0.756687 0.833679 -0.512471
v 0.759944 0.825661 -0.53574
v 0.729197 0.824811 -0.515402
v 0.759266 0.826986 -0.494524
v 0.756687 0.833679 -0.512471
v 0.759266 0.826986 -0.494524
v 0.757955 0.847283 -0.495395
v 0.895077 0.845935 -0.454923
v 0.896271 0.81625 -0.454516
v 0.883687 0.86858 -0.460357
v 0.740431 0.804272 -0.564509
v 0.731882 0.820568 -0.545768
v 0.776883 0.808455 -0.546891
v 0.759944 0.825661 -0.53574
v 0.756687 0.833679 -0.512471
v 0.729197 0.824811 -0.515402
v 0.878609 0.794665 -0.445226
v 0.786429 0.792073 -0.482955
v 0.744419 0.768631 -0.508713
v 0.883601 0.799839 -0.481814
v 0.878609 0.794665 -0.445226
v 0.75061 0.772821 -0.558757
v 0.744419 0.768631 -0.508713
v 0.764512 0.804664 -0.491671
v 0.781683 0.879253 -0.486261
v 0.863743 0.877983 -0.453423
v 0.881055 0.870979 -0.446122
v 0.892117 0.84579 -0.440731
v 0.893483 0.815165 -0.439389
v 0.893483 0.815165 -0.439389
v 0.896271 0.81625 -0.454516
v 0.893469 0.816723 -0.477502
v 0.88001 0.81523 -0.49741
v 0.480927 1.22566 1.21232
v 0.496725 1.21936 1.32281
v 0.512291 1.18751 1.27625
v 0.303389 1.24655 1.24185
v 0.296155 1.24996 1.37573
v 0.492791 1.18055 1.3189
v 0.496725 1.20659 1.33289
v 0.452741 1.22114 1.36305
v 0.299561 1.19167 1.34843
v 0.299633 1.23766 1.38622
v -0.000827138 1.2008 1.37329
v -0.000826818 1.24376 1.41365
v -0.000826823 1.25162 1.26671
v -0.000826786 1.25682 1.40397
v 0.512291 1.18751 1.27625
v 0.452854 1.23362 1.34985
v 0.496725 1.20659 1.33289
v 0.452741 1.22114 1.36305
v -0.000826818 1.24376 1.41365
v 0.299633 1.23766 1.38622
v -0.563058 0.743574 -1.12039
v -0.526357 0.694412 -1.35801
v -0.586607 0.681881 -1.34154
v -0.62157 0.730243 -1.11113
v -0.526357 0.694412 -1.35801
v -0.563058 0.743574 -1.12039
v -0.423747 0.574251 -1.82008
v -0.827529 0.552898 -1.07295
v -0.864613 0.515519 -1.07918
v -0.839042 0.490089 -0.909799
v -0.867237 0.455471 -0.934667
v -0.869048 0.488885 -1.08386
v -0.864613 0.515519 -1.07918
v -0.865311 0.483618 -1.2571
v -0.860861 0.510299 -1.26372
v -0.867237 0.455471 -0.934667
v -0.87039 0.435086 -0.955187
v -0.865463 0.313038 -0.818348
v -0.867599 0.302433 -0.841883
v -0.857705 0.42427 -1.39186
v -0.851837 0.43749 -1.41736
v -0.767025 0.394394 -1.71219
v -0.806449 0.450483 -1.46069
v -0.733412 0.484728 -1.71414
v -0.855088 0.491126 0.941556
v -0.857961 0.461027 0.964308
v -0.854197 0.546543 1.13997
v -0.859304 0.510805 1.1424
v -0.860306 0.350019 0.854411
v -0.858373 0.36311 0.819937
v -0.848194 0.517732 1.33386
v -0.855178 0.489009 1.3082
v -0.8157 0.600148 1.13602
v -0.781005 0.762976 1.125
v -0.82643 0.537517 0.912527
v -0.812183 0.744313 0.514238
v -0.741854 0.833609 1.11922
v -0.769193 0.813386 0.496448
v -0.781005 0.762976 1.125
v -0.812183 0.744313 0.514238
v -0.8157 0.600148 1.13602
v -0.854197 0.546543 1.13997
v -0.808001 0.566863 1.35475
v -0.848194 0.517732 1.33386
v -0.746559 0.770698 1.42966
v -0.808001 0.566863 1.35475
v -0.726202 0.773149 1.52994
v -0.76361 0.632915 1.55543
v -0.761958 0.768301 1.32857
v -0.710614 0.648971 -1.29517
v -0.775821 0.588527 -1.28709
v -0.724818 0.697066 -1.08612
v -0.792914 0.630303 -1.07168
v -0.811016 0.677989 -0.629646
v -0.812183 0.744313 0.514238
v -0.774647 0.75004 -0.636477
v -0.769193 0.813386 0.496448
v -0.811016 0.677989 -0.629646
v -0.853606 0.344852 -0.610574
v -0.812183 0.744313 0.514238
v -0.842881 0.38175 0.501894
v -0.733412 0.484728 -1.71414
v -0.672941 0.537013 -1.74208
v -0.80564 0.667008 -0.757304
v -0.83998 0.325786 -0.780983
v -0.811016 0.677989 -0.629646
v -0.853606 0.344852 -0.610574
v -0.842881 0.38175 0.501894
v -0.827046 0.372134 0.767003
v -0.502414 1.27602 0.559197
v -0.518913 1.25844 0.164001
v -0.540138 1.24275 0.562575
v -0.552384 1.22576 0.178937
v -0.581576 1.18434 -0.128716
v -0.538284 1.1987 -0.162193
v -0.769031 0.749908 -0.672126
v -0.742524 0.763864 -0.751682
v -0.303868 1.28018 1.01268
v -0.322061 1.30091 0.553924
v -0.324245 1.28169 0.141239
v -0.318837 1.22256 -0.234543
v -0.685966 0.774086 1.59355
v -0.655441 0.87272 1.51932
v -0.726202 0.773149 1.52994
v -0.68394 0.892875 1.44275
v -0.518913 1.25844 0.164001
v -0.538284 1.1987 -0.162193
v -0.552384 1.22576 0.178937
v -0.581576 1.18434 -0.128716
v -0.842876 0.314119 -1.51929
v -0.849023 0.302861 -1.49368
v -0.816565 0.160088 -1.57057
v -0.801797 0.0539884 -1.57201
v -0.821989 0.160327 -1.54109
v -0.803323 0.052676 -1.54311
v -0.807959 0.266694 1.51703
v -0.749621 0.092446 1.55363
v -0.795907 0.275122 1.55318
v -0.735081 0.0978849 1.58994
v -0.831911 0.427446 1.47184
v -0.839636 0.401609 1.44534
v -0.763983 0.278014 1.59306
v -0.708746 0.126536 1.61728
v -0.743318 0.311705 1.66339
v -0.712279 0.220876 1.67893
v -0.799172 0.450066 1.5227
v -0.79331 0.407125 1.54938
v -0.765095 0.463442 1.63854
v -0.763589 0.4265 1.64689
v -0.759013 0.475516 1.63463
v -0.746981 0.491914 1.63611
v -0.799172 0.450066 1.5227
v -0.708746 0.126536 1.61728
v -0.660932 0.133138 1.67651
v -0.694504 0.206052 1.67966
v -0.676398 0.220413 1.70303
v -0.708746 0.126536 1.61728
v -0.696724 0.0982761 1.62786
v -0.660932 0.133138 1.67651
v -0.638966 0.10012 1.67553
v -0.708746 0.126536 1.61728
v -0.735081 0.0978849 1.58994
v -0.696724 0.0982761 1.62786
v -0.714453 0.334 1.71915
v -0.691241 0.239538 1.71915
v -0.591497 0.338828 1.78686
v -0.572765 0.250191 1.78743
v -0.198335 0.441751 1.85324
v -0.180435 0.424236 1.82928
v -0.734876 0.468106 1.70224
v -0.732301 0.433111 1.71167
v -0.615045 0.475719 1.77416
v -0.61018 0.441746 1.78037
v -0.290216 0.441749 1.83698
v -0.198335 0.441751 1.85324
v -0.299846 0.480349 1.83268
v -0.300127 0.497851 1.82027
v -0.323018 0.512339 1.77225
v -0.299846 0.480349 1.83268
v -0.611548 0.507657 1.71321
v -0.61389 0.493859 1.75931
v -0.680494 0.503376 1.68683
v -0.726213 0.486895 1.69402
v -0.519051 0.141482 1.73251
v -0.569826 0.230686 1.76444
v -0.573641 0.102973 1.70473
v -0.519051 0.141482 1.73251
v -0.288369 0.107091 1.76888
v -0.289724 0.145395 1.77103
v -0.231172 0.238295 1.8252
v -0.204448 0.403883 1.82908
v -0.180435 0.424236 1.82928
v -0.231172 0.238295 1.8252
v -0.289724 0.145395 1.77103
v -0.320195 0.775304 1.69999
v -0.311183 0.827642 1.67079
v -0.323018 0.512339 1.77225
v -0.321969 0.621131 1.75111
v -0.765095 0.463442 1.63854
v -0.734876 0.468106 1.70224
v -0.615045 0.475719 1.77416
v -0.484213 1.25902 1.00467
v -0.54169 1.23379 0.99922
v -0.858373 0.36311 0.819937
v -0.855088 0.491126 0.941556
v -0.827046 0.372134 0.767003
v -0.82643 0.537517 0.912527
v -0.79331 0.407125 1.54938
v -0.799172 0.450066 1.5227
v -0.831911 0.427446 1.47184
v -0.795907 0.275122 1.55318
v -0.735081 0.0978849 1.58994
v -0.763983 0.278014 1.59306
v -0.708746 0.126536 1.61728
v -0.233181 0.344285 1.85313
v -0.242097 0.257266 1.84395
v -0.204448 0.403883 1.82908
v -0.231172 0.238295 1.8252
v -0.233181 0.344285 1.85313
v -0.224135 0.417384 1.85056
v -0.224135 0.417384 1.85056
v -0.764071 0.563505 1.59111
v -0.799172 0.450066 1.5227
v -0.746981 0.491914 1.63611
v -0.817501 0.544661 -1.27575
v -0.860861 0.510299 -1.26372
v -0.865463 0.313038 -0.818348
v -0.83998 0.325786 -0.780983
v -0.851837 0.43749 -1.41736
v -0.806449 0.450483 -1.46069
v -0.816282 0.401154 -1.5035
v -0.842876 0.314119 -1.51929
v -0.463871 0.105723 1.73826
v -0.691241 0.239538 1.71915
v -0.676398 0.220413 1.70303
v -0.572765 0.250191 1.78743
v -0.569826 0.230686 1.76444
v -0.242097 0.257266 1.84395
v -0.231172 0.238295 1.8252
v -0.712279 0.220876 1.67893
v -0.694504 0.206052 1.67966
v -0.708746 0.126536 1.61728
v -0.712279 0.220876 1.67893
v -0.743318 0.311705 1.66339
v -0.763589 0.4265 1.64689
v -0.765095 0.463442 1.63854
v -0.765095 0.463442 1.63854
v -0.759013 0.475516 1.63463
v -0.746981 0.491914 1.63611
v -0.80564 0.667008 -0.757304
v -0.769031 0.749908 -0.672126
v -0.742524 0.763864 -0.751682
v -0.427562 0.333713 -1.95322
v -0.403092 0.394415 -1.87964
v -0.334316 0.335611 -1.97466
v -0.290123 0.406164 -1.9081
v -0.614561 0.394382 -1.81959
v -0.635517 0.330737 -1.88282
v -0.709366 0.394389 -1.75692
v -0.714461 0.327913 -1.8037
v -0.767025 0.394394 -1.71219
v -0.776518 0.325754 -1.71457
v -0.32121 0.526831 -1.84534
v -0.263133 0.419569 -1.88815
v -0.369095 0.545775 -1.85395
v -0.290123 0.406164 -1.9081
v -0.290123 0.406164 -1.9081
v -0.263133 0.419569 -1.88815
v -0.369095 0.545775 -1.85395
v -0.32121 0.526831 -1.84534
v -0.403092 0.394415 -1.87964
v -0.486344 0.5681 -1.80247
v -0.423747 0.574251 -1.82008
v -0.423747 0.574251 -1.82008
v -0.369095 0.545775 -1.85395
v -0.403092 0.394415 -1.87964
v -0.427562 0.333713 -1.95322
v -0.801797 0.0539884 -1.57201
v -0.812041 0.0150407 -1.54396
v -0.803323 0.052676 -1.54311
v -0.776518 0.325754 -1.71457
v -0.842876 0.314119 -1.51929
v -0.816282 0.401154 -1.5035
v -0.617178 0.624238 1.6907
v -0.611548 0.507657 1.71321
v -0.0143244 0.722288 1.74352
v -0.0107211 0.729346 1.76203
v -0.0776312 0.694096 1.74924
v -0.305043 1.24654 1.24185
v -0.518368 1.22036 1.17843
v -0.540049 1.20635 1.14206
v -0.486344 0.5681 -1.80247
v -0.423747 0.574251 -1.82008
v -0.48258 1.22566 1.21232
v -0.513945 1.18751 1.27625
v -0.530615 1.19754 1.21494
v -0.761958 0.768301 1.32857
v -0.733671 0.839658 1.30546
v -0.242097 0.257266 1.84395
v -0.827529 0.552898 -1.07295
v -0.792914 0.630303 -1.07168
v -0.817501 0.544661 -1.27575
v -0.775821 0.588527 -1.28709
v -0.369095 0.545775 -1.85395
v -0.290123 0.406164 -1.9081
v -0.324245 1.28169 0.141239
v -0.318837 1.22256 -0.234543
v -0.601077 0.794501 -0.874238
v -0.660744 0.78443 -0.852972
v -0.601077 0.794501 -0.874238
v -0.724818 0.697066 -1.08612
v -0.710614 0.648971 -1.29517
v -0.672941 0.537013 -1.74208
v -0.742524 0.763864 -0.751682
v -0.860112 0.0943804 -0.764682
v -0.85508 0.127109 0.758417
v -0.84315 0.130583 -0.606337
v -0.837781 0.162835 0.470311
v -0.806521 0.0223999 0.78934
v -0.85508 0.127109 0.758417
v -0.815124 0.00112622 -0.786938
v -0.860112 0.0943804 -0.764682
v -0.837781 0.162835 0.470311
v -0.84315 0.130583 -0.606337
v -0.827394 0.163806 0.714926
v -0.860512 0.0916638 -0.793746
v -0.860112 0.0943804 -0.764682
v -0.85508 0.127109 0.758417
v -0.856727 0.139138 0.796979
v -0.806521 0.0223999 0.78934
v -0.827394 0.163806 0.714926
v -0.837781 0.162835 0.470311
v -0.85508 0.127109 0.758417
v -0.827394 0.163806 0.714926
v -0.860112 0.0943804 -0.764682
v -0.829698 0.1191 -0.7337
v -0.829698 0.1191 -0.7337
v -0.84315 0.130583 -0.606337
v -0.829698 0.1191 -0.7337
v -0.860512 0.0916638 -0.793746
v -0.801797 0.0539884 -1.57201
v -0.816565 0.160088 -1.57057
v -0.767282 0.0510537 -1.6928
v -0.774297 0.1817 -1.71082
v -0.350766 0.222868 -1.97834
v -0.415557 0.224187 -1.95846
v -0.330652 0.246439 -1.98272
v -0.334316 0.335611 -1.97466
v -0.427562 0.333713 -1.95322
v -0.377206 0.0306994 -1.95943
v -0.347726 0.0394629 -1.95772
v -0.714552 0.0147593 -1.79864
v -0.708803 0.0498248 -1.78819
v -0.626158 0.0145001 -1.87603
v -0.619288 0.0497976 -1.86454
v -0.773062 0.0151476 -1.69746
v -0.767282 0.0510537 -1.6928
v -0.377206 0.0306994 -1.95943
v -0.403969 0.0159433 -1.95771
v -0.773062 0.0151476 -1.69746
v -0.767282 0.0510537 -1.6928
v -0.776518 0.325754 -1.71457
v -0.842876 0.314119 -1.51929
v -0.774297 0.1817 -1.71082
v -0.776518 0.325754 -1.71457
v -0.719335 0.20986 -1.80156
v -0.714461 0.327913 -1.8037
v -0.767282 0.0510537 -1.6928
v -0.708803 0.0498248 -1.78819
v -0.635517 0.330737 -1.88282
v -0.630215 0.225297 -1.88264
v -0.31697 0.238071 -1.92948
v -0.318586 0.0709834 -1.91415
v -0.324596 0.228745 -1.96359
v -0.32625 0.058406 -1.94719
v -0.31697 0.238071 -1.92948
v -0.324596 0.228745 -1.96359
v -0.318586 0.0709834 -1.91415
v -0.32625 0.058406 -1.94719
v -0.324596 0.228745 -1.96359
v -0.350766 0.222868 -1.97834
v -0.330652 0.246439 -1.98272
v -0.347726 0.0394629 -1.95772
v -0.32625 0.058406 -1.94719
v -0.330652 0.246439 -1.98272
v -0.324596 0.228745 -1.96359
v -0.347726 0.0394629 -1.95772
v -0.32625 0.058406 -1.94719
v -0.619288 0.0497976 -1.86454
v -0.767025 0.394394 -1.71219
v -0.816282 0.401154 -1.5035
v -0.839042 0.490089 -0.909799
v -0.774647 0.75004 -0.636477
v -0.811016 0.677989 -0.629646
v -0.615414 0.774389 1.64074
v -0.599868 0.835163 1.59463
v -0.746559 0.770698 1.42966
v -0.693859 0.901256 1.35813
v -0.615414 0.774389 1.64074
v -0.599868 0.835163 1.59463
v -0.878479 0.850918 -0.496838
v -0.881685 0.81523 -0.49741
v -0.893822 0.84615 -0.475991
v -0.895144 0.816723 -0.477502
v -0.778559 0.808455 -0.54689
v -0.784786 0.852829 -0.537463
v -0.790214 0.875592 -0.502156
v -0.866549 0.877093 -0.468126
v -0.761619 0.825661 -0.53574
v -0.758363 0.833679 -0.512471
v -0.769816 0.872786 -0.491995
v -0.758363 0.833679 -0.512471
v -0.760941 0.826986 -0.494524
v -0.730873 0.824811 -0.515402
v -0.75963 0.847283 -0.495395
v -0.760941 0.826986 -0.494524
v -0.897946 0.81625 -0.454516
v -0.896752 0.845935 -0.454923
v -0.885363 0.86858 -0.460357
v -0.778559 0.808455 -0.54689
v -0.761619 0.825661 -0.53574
v -0.742107 0.804272 -0.564509
v -0.733557 0.820568 -0.545768
v -0.730873 0.824811 -0.515402
v -0.758363 0.833679 -0.512471
v -0.746094 0.76863 -0.508713
v -0.788104 0.792073 -0.482955
v -0.880285 0.794665 -0.445226
v -0.752285 0.772821 -0.558756
v -0.746094 0.76863 -0.508713
v -0.885277 0.799839 -0.481814
v -0.880285 0.794665 -0.445226
v -0.766188 0.804664 -0.491671
v -0.783358 0.879253 -0.486261
v -0.865419 0.877982 -0.453423
v -0.88273 0.870979 -0.446122
v -0.893793 0.84579 -0.440731
v -0.895158 0.815165 -0.439389
v -0.895144 0.816723 -0.477502
v -0.897946 0.81625 -0.454516
v -0.895158 0.815165 -0.439389
v -0.881685 0.81523 -0.49741
v -0.513945 1.18751 1.27625
v -0.498378 1.21936 1.32281
v -0.48258 1.22566 1.21232
v -0.454508 1.23362 1.34985
v -0.297808 1.24996 1.37573
v -0.305043 1.24654 1.24185
v -0.454395 1.22114 1.36305
v -0.498378 1.20659 1.33289
v -0.494445 1.18055 1.3189
v -0.301215 1.19167 1.34843
v -0.301287 1.23766 1.38621
v -0.513945 1.18751 1.27625
v -0.454395 1.22114 1.36305
v -0.498378 1.20659 1.33289
v -0.301287 1.23766 1.38621
v 0.37553 0.0306993 -1.95943
v 0.359191 0.0262419 -1.9493
v 0.34605 0.0394629 -1.95772
v -0.347726 0.0394629 -1.95772
v -0.360867 0.026242 -1.9493
v -0.377206 0.0306994 -1.95943
v 0.703627 0.000768843 -1.79346
v 0.712876 0.0147592 -1.79864
v 0.759994 0.000768924 -1.6938
v 0.771386 0.0151476 -1.69746
v 0.619568 0.000768843 -1.86766
v 0.624482 0.0145001 -1.87603
v 0.408849 0.000769062 -1.94465
v 0.402293 0.0159432 -1.95772
v 0.759994 0.000768924 -1.6938
v 0.771386 0.0151476 -1.69746
v 0.798637 0.000768771 -1.5439
v 0.810365 0.0150407 -1.54396
v 0.402293 0.0159432 -1.95772
v 0.408849 0.000769062 -1.94465
v -0.00083811 0.0370855 -1.99419
v -0.000838108 0.0258524 -1.98985
v -0.800313 0.000768781 -1.5439
v -0.812041 0.0150407 -1.54396
v -0.76167 0.000768933 -1.6938
v -0.773062 0.0151476 -1.69746
v -0.621244 0.000768938 -1.86765
v -0.626158 0.0145001 -1.87603
v -0.410525 0.000769024 -1.94465
v -0.403969 0.0159433 -1.95771
v -0.705303 0.000768938 -1.79346
v -0.714552 0.0147593 -1.79864
v -0.76167 0.000768933 -1.6938
v -0.773062 0.0151476 -1.69746
v -0.403969 0.0159433 -1.95771
v -0.410525 0.000769024 -1.94465
v -0.68394 0.892875 1.44275
v -0.693859 0.901256 1.35813
v -0.655441 0.87272 1.51932
v -0.599868 0.835163 1.59463
v -0.494445 1.18055 1.3189
v 0.68491 0.885382 1.44821
v 0.724527 0.773149 1.52994
v 0.656318 0.864471 1.52553
v 0.68429 0.774086 1.59355
v 0.613739 0.774389 1.64074
v 0.598193 0.835163 1.59463
v -0.000837699 0.0746394 1.53005
v -0.000838063 0.000758743 -1.54242
v 0.588834 0.0889665 1.52933
v 0.588834 0.0232167 0.798415
v 0.565187 -0.00596593 -0.794932
v 0.813448 0.00112621 -0.786939
v 0.804846 0.0223999 0.78934
v 0.519176 0.105278 1.72832
v 0.286694 0.107091 1.76888
v 0.637291 0.10012 1.67553
v -0.000837681 0.104295 1.78525
v 0.703627 0.000768843 -1.79346
v 0.759994 0.000768924 -1.6938
v 0.619568 0.000768843 -1.86766
v 0.408849 0.000769062 -1.94465
v 0.565186 0.000758691 -1.53799
v 0.798637 0.000768771 -1.5439
v 0.565186 0.000758691 -1.53799
v 0.359191 0.0262419 -1.9493
v -0.000838108 0.0258524 -1.98985
v 0.359191 0.0262419 -1.9493
v 0.408849 0.000769062 -1.94465
v 0.565186 0.000758691 -1.53799
v -0.566863 -0.0059659 -0.794932
v -0.511365 0.0870435 1.52943
v -0.590509 0.0232167 0.798415
v -0.590509 0.0889664 1.52933
v -0.806521 0.0223999 0.78934
v -0.815124 0.00112622 -0.786938
v -0.800313 0.000768781 -1.5439
v -0.76167 0.000768933 -1.6938
v -0.566862 0.000758719 -1.53799
v -0.410525 0.000769024 -1.94465
v -0.621244 0.000768938 -1.86765
v -0.705303 0.000768938 -1.79346
v -0.566862 0.000758719 -1.53799
v -0.360867 0.026242 -1.9493
v -0.566862 0.000758719 -1.53799
v -0.410525 0.000769024 -1.94465
v -0.360867 0.026242 -1.9493
v -0.288369 0.107091 1.76888
v -0.463871 0.105723 1.73826


vn 2.61684e-007 0.80531 -0.592854
vn -0.180966 0.808516 -0.559958
vn 1.98059e-007 0.805655 -0.592385
vn -0.210832 0.798922 -0.56327
vn -0.14321 0.799006 -0.584021
vn 2.21724e-007 0.805274 -0.592902
vn -0.125808 0.803425 -0.581962
vn 1.82986e-007 0.80649 -0.591248
vn -0.239221 0.805245 -0.542544
vn -0.230253 0.80453 -0.547463
vn -0.259784 0.815824 -0.516666
vn -0.244718 0.807086 -0.537332
vn -0.260748 0.803403 -0.535308
vn -0.178788 0.646609 0.741574
vn -0.169431 0.650373 0.740479
vn -0.178798 0.646609 0.741571
vn -0.126618 0.656763 0.743391
vn -8.70433e-009 0.656406 0.754408
vn -0.0943874 0.656418 0.74847
vn -2.57535e-007 0.649011 0.760779
vn -0.881562 0.472048 0.00445036
vn -0.89946 0.436966 0.00571132
vn -0.885995 0.463595 -0.00967859
vn -0.922018 0.384382 0.046192
vn -0.941943 0.311485 0.125383
vn -0.934193 0.347437 0.0810595
vn -0.872792 0.483231 0.0687186
vn -0.856109 0.505542 0.107257
vn -0.87446 0.481077 0.0623342
vn -0.857558 0.503593 0.104825
vn -0.880419 0.47344 0.026766
vn -0.88701 0.4613 0.0204063
vn -0.886158 0.463077 0.0168237
vn 0.210834 0.798917 -0.563276
vn 0.180967 0.808513 -0.559962
vn 0.125808 0.803426 -0.581961
vn 0.14321 0.799006 -0.584021
vn 0.230247 0.804529 -0.547466
vn 0.239212 0.805243 -0.542551
vn 0.260748 0.803401 -0.53531
vn 0.244723 0.807084 -0.537333
vn 0.25978 0.815822 -0.516671
vn 0.178799 0.646603 0.741576
vn 0.169432 0.650366 0.740484
vn 0.178788 0.646603 0.741579
vn 0.0943877 0.656414 0.748473
vn 0.126619 0.656758 0.743395
vn 0.881581 0.472011 0.00445395
vn 0.886014 0.463557 -0.0096756
vn 0.89948 0.436924 0.00571621
vn 0.941948 0.311497 0.125314
vn 0.934203 0.347418 0.0810293
vn 0.92203 0.384356 0.0461727
vn 0.857594 0.503535 0.104812
vn 0.856131 0.505502 0.107268
vn 0.874482 0.481035 0.0623395
vn 0.872808 0.4832 0.0687365
vn 0.887031 0.461259 0.0204074
vn 0.88618 0.463036 0.0168243
vn 0.880439 0.473403 0.0267695
vn 0.986975 -0.159729 0.0191657
vn 0.988331 -0.150241 0.0250964
vn 0.988157 -0.150304 0.0308933
vn 0.988727 -0.146407 0.0313773
vn 0.974841 0.222005 0.0199766
vn 0.973234 0.228936 0.0200963
vn 0.972412 0.232897 0.0132132
vn 0.956354 0.292164 0.00515137
vn 0.964063 -0.170871 0.203433
vn 0.964063 -0.170871 0.203433
vn 0.964063 -0.170871 0.203433
vn 0.052597 0.0613479 0.99673
vn -0.0537652 0.0606541 0.99671
vn -0.207493 0.0947286 0.973639
vn -0.325387 0.347016 0.879604
vn 0.0630841 0.96027 -0.27185
vn 0.0731127 0.939546 -0.334525
vn 0.0923465 0.943268 -0.318932
vn 0.0254244 0.976693 -0.213132
vn -0.0167318 0.977929 -0.208268
vn 0.956166 0.292705 -0.00835358
vn 0.961686 0.273903 -0.0116826
vn 0.961686 0.273903 -0.0116826
vn 0.966827 0.254992 -0.0150069
vn 0.984502 -0.174845 0.0135829
vn 0.986618 -0.162485 0.0135426
vn 0.917776 0.397075 -0.00425491
vn 0.947409 0.320016 -0.0024133
vn 0.861622 0.00388959 -0.507536
vn 0.861622 0.00388959 -0.507536
vn 0.861622 0.00388959 -0.507536
vn 0.779494 0.626071 -0.0205953
vn 0.77745 0.628585 -0.021267
vn 0.789085 0.61358 -0.0293864
vn 0.976579 0.214995 0.0084279
vn 0.977836 0.208597 0.0180181
vn 0.980454 0.193171 0.0373484
vn 0.979424 0.195044 0.0518358
vn 0.936186 0.351484 -0.00381432
vn 0.962761 0.250066 0.102752
vn 0.851223 0.490752 -0.185964
vn 0.861533 0.489956 -0.133055
vn 0.780774 0.621357 -0.0656349
vn 0.801192 0.598339 -0.00907946
vn 0.881416 0.472341 -0.000810009
vn 0.880932 0.473228 0.00382631
vn 0.880932 0.473228 0.00382631
vn 0.880428 0.474104 0.00846255
vn 0.973729 0.227651 0.00522584
vn 0.943986 0.329469 -0.0184715
vn 0.954079 0.294969 -0.0522102
vn 0.973524 0.225939 0.0346726
vn 0.977568 0.210119 0.0145401
vn 0.0189861 -0.995131 0.096717
vn -0.0320377 -0.996694 0.07466
vn 0.0322551 -0.997707 0.0594968
vn -0.0323371 0.284181 -0.958225
vn 0.0235196 0.278739 -0.960079
vn 0.0857552 0.28886 -0.953523
vn 0.100261 0.321498 -0.941587
vn -0.436809 0.745132 0.50396
vn -0.398051 0.493241 0.773479
vn 0.0196539 -0.994842 0.09951
vn -0.000945108 -0.989018 0.14779
vn 0.157218 0.271184 0.949601
vn 0.0952705 0.365248 0.926022
vn -1.28857e-006 0.366917 0.930254
vn -0.0274997 0.383504 0.92313
vn 0.0243203 0.383526 0.92321
vn 0.0775039 0.380726 0.921434
vn 0.0824206 0.375285 0.923238
vn 0.737915 0.674149 0.0316888
vn 0.924686 -0.259169 0.278904
vn 0.924826 0.36292 0.113953
vn 0.746987 -0.554206 0.36724
vn -3.6148e-006 0.9987 -0.0509651
vn -2.96774e-006 0.998676 -0.0514375
vn -1.4385e-006 0.454709 0.89064
vn 2.03643e-005 0.256262 0.966607
vn 3.57571e-006 0.256272 0.966605
vn -6.33543e-006 0.256275 0.966604
vn -1.06504e-005 0.256275 0.966604
vn -0.863455 -0.341394 0.371343
vn -0.863455 -0.341394 0.371343
vn -0.863455 -0.341394 0.371343
vn 0.798403 0.601847 0.0182262
vn 0.827257 0.561488 0.0194244
vn 0.81738 0.576032 0.00874237
vn 0.77745 0.628585 -0.021267
vn 0.973075 0.230219 0.0111491
vn 0.971284 0.23609 -0.0294775
vn 0.975712 0.20043 -0.0883948
vn 0.985271 0.0980533 -0.140095
vn 0.980326 0.194323 0.0346396
vn 0.996447 0.0819855 -0.0192617
vn 0.996507 0.0835071 -0.000198725
vn 0.998785 0.0487348 -0.0072755
vn 0.998785 0.0487348 -0.0072755
vn 0.999801 0.013901 -0.0143431
vn 0.779494 0.626071 -0.0205953
vn 0.789085 0.61358 -0.0293864
vn 0.794215 0.606722 -0.0333172
vn 0.785676 0.618367 -0.0183036
vn 0.614933 0.785508 -0.069528
vn 0.801192 0.598339 -0.00907946
vn 0.780774 0.621357 -0.0656349
vn -0.0285116 -0.09478 -0.99509
vn 0.0273977 -0.0947721 -0.995122
vn 0.0835864 -0.09341 -0.992113
vn 0.0853012 -0.0901975 -0.992264
vn 0.916829 0.398965 -0.0158381
vn 0.808604 0.579734 -0.100344
vn 0.785676 0.618367 -0.0183036
vn 0.808604 0.579734 -0.100344
vn 0.944234 0.328772 -0.0181997
vn 0.944234 0.328772 -0.0181997
vn 0.944234 0.328772 -0.0181997
vn -0.370342 0.0515001 0.927467
vn -0.379698 0.0259675 0.924746
vn -0.371068 0.0433854 0.927591
vn -0.37332 0.0295736 0.927231
vn -0.377642 0.0182888 0.925771
vn -0.379756 0.0135716 0.924987
vn -0.370416 0.0150503 0.928744
vn -0.378627 0.0200474 0.925332
vn -0.386308 0.0198945 0.922155
vn -0.391619 0.0279001 0.919704
vn -0.40593 0.0404354 0.913009
vn -0.0152472 -0.615039 0.788349
vn 0.0116436 -0.615063 0.788392
vn 0.0419379 -0.621575 0.782231
vn 0.0463072 -0.642194 0.765142
vn -0.988786 -0.14624 0.0302848
vn -0.988147 -0.150361 0.0309271
vn -0.988335 -0.150237 0.024947
vn -0.986948 -0.159844 0.019601
vn -0.956475 0.291771 0.00495805
vn -0.972543 0.232315 0.0137872
vn -0.973393 0.228255 0.0201199
vn -0.975176 0.220458 0.0207448
vn -0.964063 -0.170873 0.203432
vn -0.964063 -0.170873 0.203432
vn -0.964063 -0.170873 0.203432
vn 0.232915 0.107829 0.966501
vn 0.284059 0.277107 0.91789
vn -0.0923473 0.943268 -0.318933
vn -0.0617643 0.961713 -0.267009
vn -0.082146 0.941366 -0.327234
vn -0.966867 0.255145 -0.00831017
vn -0.96167 0.273963 -0.0116418
vn -0.96167 0.273963 -0.0116418
vn -0.956096 0.292673 -0.014969
vn -0.986612 -0.162517 0.0136153
vn -0.984459 -0.175034 0.0142441
vn -0.947636 0.319343 -0.00234108
vn -0.918177 0.396128 -0.00578621
vn -0.861621 0.00389127 -0.507538
vn -0.861621 0.00389127 -0.507538
vn -0.861621 0.00389127 -0.507538
vn -0.97942 0.195064 0.0518334
vn -0.977831 0.20862 0.0180187
vn -0.980449 0.193196 0.0373466
vn -0.976574 0.215015 0.00842846
vn -0.962752 0.250096 0.10276
vn -0.936165 0.351541 -0.00383849
vn -0.797741 0.603001 0.000252381
vn -0.78459 0.617139 -0.0596462
vn -0.863271 0.488776 -0.125942
vn -0.856809 0.480251 -0.187717
vn -0.880407 0.474143 0.0084656
vn -0.880911 0.473266 0.00382485
vn -0.880911 0.473266 0.00382485
vn -0.881396 0.472378 -0.000815991
vn -0.973727 0.227658 0.00522702
vn -0.957646 0.287932 0.00315492
vn -0.94203 0.325481 -0.0814917
vn -0.977562 0.210144 0.0145425
vn -0.973516 0.225973 0.0346771
vn -0.0322561 -0.997707 0.0594958
vn -0.0173199 -0.996125 0.0862265
vn -0.00799837 -0.997268 0.0734302
vn 0.0652023 -0.995165 0.073452
vn -0.00799806 -0.996733 0.0803642
vn -0.0666424 0.338508 -0.938601
vn -0.0839859 0.297149 -0.95113
vn 0.398053 0.493239 0.773479
vn 0.436811 0.74513 0.503962
vn 0.000944949 -0.989018 0.147793
vn -0.019655 -0.994842 0.09951
vn -0.0952731 0.365248 0.926022
vn -0.15722 0.271185 0.9496
vn -0.0726222 0.375607 0.923929
vn -0.0774389 0.380741 0.921433
vn -0.74699 -0.554205 0.367237
vn -0.924686 -0.25917 0.278902
vn -0.924827 0.362918 0.113955
vn -0.737918 0.674146 0.03169
vn -9.36918e-006 0.256272 0.966605
vn 7.41934e-006 0.256262 0.966607
vn 0.15156 0.987526 -0.0426748
vn 0.466325 0.88209 -0.0667744
vn 0.817857 0.571376 -0.0681148
vn 0.863454 -0.341394 0.371344
vn 0.863454 -0.341394 0.371344
vn 0.863454 -0.341394 0.371344
vn -0.827876 0.560887 0.00522573
vn -0.783277 0.621525 -0.0135402
vn -0.830781 0.556206 0.0209277
vn -0.798984 0.601115 0.0168957
vn -0.996004 0.0874617 -0.0180592
vn -0.978228 0.192053 -0.0786512
vn -0.971638 0.228886 -0.0594208
vn -0.971933 0.234574 -0.0179382
vn -0.989098 0.102535 0.105695
vn -0.978225 0.203109 0.0426832
vn -0.999922 0.01212 0.00294438
vn -0.998923 0.0458672 -0.00704489
vn -0.998923 0.0458672 -0.00704489
vn -0.996685 0.0795575 -0.0170254
vn -0.774911 0.631874 -0.0157457
vn -0.614937 0.785505 -0.0695275
vn -0.785685 0.618356 -0.0183028
vn -0.793542 0.607601 -0.0333536
vn -0.792718 0.608672 -0.0333979
vn -0.78459 0.617139 -0.0596462
vn -0.797741 0.603001 0.000252381
vn -0.0819047 -0.0902571 -0.992545
vn -0.0835728 -0.0934261 -0.992112
vn -0.785685 0.618356 -0.0183028
vn -0.916801 0.399029 -0.0158685
vn -0.808567 0.579779 -0.100383
vn -0.808567 0.579779 -0.100383
vn -0.944234 0.328772 -0.0182002
vn -0.944234 0.328772 -0.0182002
vn -0.944234 0.328772 -0.0182002
vn 0.405935 0.0404388 0.913007
vn 0.379699 0.0259687 0.924746
vn 0.39162 0.0279002 0.919704
vn 0.38631 0.0198935 0.922154
vn 0.37863 0.0200477 0.925331
vn 0.370415 0.0150496 0.928744
vn 0.379756 0.0135705 0.924987
vn 0.377641 0.0182876 0.925771
vn 0.373321 0.029571 0.927231
vn 0.371068 0.0433919 0.927591
vn 0.370341 0.0515172 0.927466
vn -0.0342744 -0.64251 0.76551
vn -0.041632 -0.621595 0.782231
vn -0.547559 -0.813183 0.197262
vn -0.0435957 -0.965392 0.257135
vn -0.0435957 -0.965392 0.257135
vn 0.472606 -0.846585 0.244822
vn 0.334715 -0.936726 -0.102517
vn 0.526746 -0.838188 -0.141349
vn 0.93745 -0.328503 -0.115212
vn -0.221457 -0.968823 -0.11108
vn -0.709461 -0.689387 -0.146323
vn -0.936264 -0.328328 -0.124945
vn -0.968823 0.210889 -0.130032
vn 0.93745 -0.328503 -0.115212
vn 0.526746 -0.838188 -0.141349
vn 0.970061 0.211163 -0.119962
vn -3.19103e-007 2.26012e-007 1
vn -4.37114e-008 0 1
vn -4.37114e-008 0 1
vn -4.37114e-008 0 1
vn -3.1235e-007 7.16265e-007 1
vn 1.2296e-006 8.6737e-007 1
vn 4.37977e-007 8.79596e-007 1
vn 2.20727e-006 4.89993e-007 1
vn -0.920507 0.39059 0.0102677
vn -0.700845 0.713185 -0.013554
vn -0.969733 -0.244161 -0.00166232
vn -0.713249 -0.700908 -0.00192692
vn -0.374468 0.927183 0.0102674
vn 0.850474 0.525943 -0.00883529
vn 0.261047 0.965325 -0.00166322
vn 0.927183 0.374467 0.0102664
vn 0.525943 -0.850474 -0.00883476
vn 0.965324 -0.261048 -0.0016634
vn 0.374466 -0.927184 0.0102671
vn 0.525943 -0.850474 -0.00883476
vn 0.965324 -0.261048 -0.0016634
vn -0.261049 -0.965324 -0.00166277
vn -4.37114e-008 0 1
vn -4.37114e-008 0 1
vn -4.37114e-008 0 1
vn -4.37114e-008 0 1
vn -4.37114e-008 0 1
vn -4.37114e-008 0 1
vn -4.37114e-008 0 1
vn -4.37114e-008 0 1
vn -0.202077 0.209575 0.956684
vn -0.202076 0.209577 0.956683
vn -0.202076 0.209577 0.956683
vn -0.202076 0.209578 0.956683
vn 0.202075 0.209575 0.956684
vn 0.202075 0.209576 0.956684
vn 0.202075 0.209576 0.956684
vn 0.202074 0.209578 0.956683
vn 0.0751069 0.583045 -0.80896
vn 7.56078e-008 0.614083 -0.789242
vn 0.0707139 0.612546 -0.787265
vn 1.97764e-007 0.642625 -0.766181
vn 0.086153 -0.336473 -0.937744
vn 2.24158e-008 -0.339714 -0.940529
vn 0.0861377 -0.338451 -0.937033
vn 2.61237e-008 -0.341697 -0.93981
vn 0.0732371 0.542734 -0.836706
vn 3.32763e-008 0.594547 -0.804061
vn 0.0663863 0.593235 -0.802287
vn 3.72227e-008 0.642624 -0.766182
vn 0.0812196 -0.3365 -0.938174
vn 4.11127e-008 -0.339657 -0.940549
vn 0.08121 -0.338535 -0.937443
vn 4.10804e-008 -0.341697 -0.93981
vn 0.0792038 0.582932 -0.808652
vn 2.00849e-007 0.614122 -0.789211
vn 0.0745781 0.612411 -0.787014
vn 3.34907e-008 0.642628 -0.766179
vn 0.0908481 -0.336425 -0.937318
vn 2.8426e-007 -0.339771 -0.940508
vn 0.0908322 -0.338363 -0.936622
vn 2.50562e-007 -0.341712 -0.939805
vn -0.0707137 0.612545 -0.787267
vn -0.075107 0.583042 -0.808963
vn -0.0861376 -0.338451 -0.937033
vn -0.086153 -0.336472 -0.937744
vn -0.0663862 0.593235 -0.802287
vn -0.073237 0.542734 -0.836706
vn -0.0812099 -0.338535 -0.937443
vn -0.0812195 -0.3365 -0.938174
vn -0.0745777 0.612413 -0.787012
vn -0.079203 0.582936 -0.808649
vn -0.0908317 -0.33837 -0.936619
vn -0.0908475 -0.33644 -0.937313
vn 0.0411922 -0.52219 -0.851834
vn 0.261952 -0.420742 -0.868537
vn 0.158074 -0.814853 -0.557698
vn -0.131758 -0.19642 -0.971627
vn 0.326552 -0.262761 -0.907921
vn -0.052074 0.995722 -0.0763235
vn -0.0449382 0.994511 -0.0944844
vn -0.0549271 0.995543 -0.0766611
vn -0.0584942 0.995428 -0.0755124
vn -0.740044 -0.434232 -0.513592
vn -0.853074 -0.461902 -0.242716
vn -0.853074 -0.461902 -0.242716
vn -0.891959 -0.449425 0.0492568
vn -0.0370438 0.990834 -0.129903
vn -0.0417212 0.993825 -0.102814
vn -0.157724 -0.783893 -0.600529
vn -0.387577 -0.253357 -0.886338
vn -0.386204 -0.0832072 -0.918653
vn 0.16725 -0.965325 0.200436
vn 0.00485337 -0.993147 0.116768
vn 0.785087 -0.599901 0.154133
vn 0.965325 0.16725 0.200436
vn 0.993147 0.00485328 0.116769
vn 0.599902 0.785087 0.154133
vn -0.167251 0.965325 0.200437
vn -0.00485438 0.993147 0.116769
vn -0.785087 0.599901 0.154134
vn -0.965325 -0.167251 0.200437
vn -0.993147 -0.00485504 0.11677
vn -0.965325 -0.167251 0.200437
vn -0.993147 -0.00485504 0.11677
vn -0.599901 -0.785088 0.154132
vn -1.26715e-007 1.97779e-007 -1
vn 0.308752 0.308752 -0.899636
vn 0.436641 4.1643e-007 -0.899636
vn 0.308752 -0.308752 -0.899636
vn 2.43754e-007 -0.436641 -0.899636
vn -0.308752 -0.308752 -0.899636
vn -0.436642 2.49858e-007 -0.899636
vn -0.308752 0.308752 -0.899636
vn 3.04325e-007 0.436641 -0.899636
vn 0.168684 -0.981036 0.0954708
vn 0.00108043 -0.998473 0.0552322
vn 0.794482 -0.602891 0.0729407
vn 0.981036 0.168684 0.0954711
vn 0.998473 0.0010798 0.0552323
vn 0.60289 0.794483 0.0729409
vn -0.168684 0.981036 0.0954713
vn -0.00108021 0.998473 0.0552325
vn -0.794482 0.602891 0.0729409
vn -0.981036 -0.168684 0.0954708
vn -0.998473 -0.00108101 0.0552318
vn -0.602889 -0.794483 0.0729405
vn -0.981036 -0.168684 0.0954708
vn -0.602889 -0.794483 0.0729405
vn -1.83755e-006 3.47243e-007 -1
vn 0.354109 0.354112 -0.86557
vn 0.500787 4.03287e-007 -0.86557
vn 0.354109 -0.354112 -0.86557
vn -1.91012e-006 -0.50079 -0.865569
vn -0.354112 -0.354112 -0.865569
vn -0.50079 2.35885e-007 -0.865569
vn -0.354112 0.354113 -0.865569
vn -1.91012e-006 0.50079 -0.865569
vn -1.72317e-006 -1.76689e-006 -1
vn -1.72317e-006 -1.59162e-012 -1
vn -1.72317e-006 -1.59162e-012 -1
vn -1.72318e-006 1.76689e-006 -1
vn 0.376447 -0.752605 -0.540252
vn -0.604027 -0.301897 -0.73757
vn 0.604028 0.301898 -0.737569
vn -0.376447 0.752606 -0.540252
vn 0.878929 -0.439297 -0.185747
vn -0.439465 -0.878592 -0.186943
vn 0.439465 0.878592 -0.18694
vn -0.878929 0.439297 -0.185749
vn -0.165795 -0.823905 -0.541935
vn -0.263502 -0.428972 -0.864031
vn -0.0442546 -0.527341 -0.8485
vn -0.326553 -0.26276 -0.907921
vn 0.131757 -0.196421 -0.971627
vn 0.054927 0.995543 -0.0766608
vn 0.0449381 0.994511 -0.0944844
vn 0.052074 0.995722 -0.0763234
vn 0.0584947 0.995428 -0.075512
vn 0.89196 -0.449424 0.0492575
vn 0.853075 -0.461901 -0.242715
vn 0.853075 -0.461901 -0.242715
vn 0.740045 -0.434232 -0.513591
vn 0.0417212 0.993825 -0.102814
vn 0.0370439 0.990834 -0.129903
vn 0.387576 -0.253358 -0.886338
vn 0.150741 -0.789925 -0.594387
vn 0.386204 -0.083207 -0.918653
vn -0.785087 -0.599901 0.154133
vn -0.00485355 -0.993147 0.116768
vn -0.16725 -0.965325 0.200436
vn -0.993147 0.00485336 0.116769
vn -0.965325 0.16725 0.200436
vn -0.599901 0.785087 0.154133
vn 0.365786 0.930682 0.0056628
vn 0.37535 0.92681 0.0116685
vn 0.828911 0.558119 -0.0375311
vn 0.946396 0.262631 0.18804
vn 0.992518 -0.0434352 0.114108
vn 0.5999 -0.785088 0.154133
vn 0.946396 0.262631 0.18804
vn 0.992518 -0.0434352 0.114108
vn -0.290537 0.120345 -0.949266
vn -0.187134 0.1594 -0.969315
vn 0.0292136 0.0292137 -0.999146
vn 0.1594 -0.187134 -0.969315
vn 0.120345 -0.290538 -0.949265
vn 0.178419 -0.00770241 -0.983924
vn 0.112931 0.112931 -0.987164
vn -0.00770261 0.178419 -0.983924
vn -0.794483 -0.602891 0.0729408
vn -0.00108024 -0.998473 0.0552322
vn -0.168684 -0.981036 0.0954709
vn -0.998473 0.00107982 0.0552322
vn -0.981036 0.168684 0.0954711
vn -0.60289 0.794483 0.072941
vn 0.0010804 0.998473 0.0552325
vn 0.168684 0.981036 0.0954713
vn 0.794482 0.602891 0.0729409
vn 0.998473 -0.00108101 0.0552318
vn 0.981036 -0.168684 0.0954709
vn 0.602889 -0.794483 0.0729406
vn 0.602889 -0.794483 0.0729406
vn 0.981036 -0.168684 0.0954709
vn -0.500787 4.03287e-007 -0.86557
vn -0.354109 0.354112 -0.86557
vn 1.87003e-006 3.42847e-007 -1
vn -0.354109 -0.354112 -0.86557
vn 1.87165e-006 -0.50079 -0.865569
vn 0.354112 -0.354112 -0.865569
vn 0.50079 2.28276e-007 -0.865569
vn 0.354112 0.354112 -0.865569
vn 1.87165e-006 0.50079 -0.865569
vn 1.8106e-006 1.76689e-006 -1
vn 1.8106e-006 -1.59162e-012 -1
vn 1.8106e-006 -1.59162e-012 -1
vn 1.8106e-006 -1.76689e-006 -1
vn 0.681736 0.675159 -0.281775
vn 0.440854 -0.440731 -0.781923
vn -0.673349 0.118317 -0.729796
vn -0.63988 -0.679111 -0.35967
vn 0.0118732 -0.744211 0.667838
vn -0.0424175 0.979037 0.199219
vn -0.894664 0.145711 0.422308
vn -0.773279 0.242907 0.585693
vn -0.933595 0.223412 0.280157
vn -0.573307 0.181441 0.798998
vn -0.39261 0.177046 0.902503
vn -0.525656 0.232647 0.818267
vn -0.454082 0.265024 0.85063
vn -0.535747 0.272254 0.799282
vn -0.614692 0.326008 0.718242
vn -0.905205 0.288976 0.311603
vn -0.790968 0.145485 0.594309
vn 0.933508 0.233629 0.271994
vn 0.773277 0.242908 0.585695
vn 0.920628 0.147742 0.361408
vn 0.454083 0.265023 0.85063
vn 0.392611 0.177047 0.902503
vn 0.525657 0.232646 0.818267
vn 0.573307 0.181443 0.798998
vn 0.614693 0.326007 0.718243
vn 0.535746 0.272255 0.799283
vn 0.874332 0.312417 0.371401
vn 0.790966 0.145487 0.594312
vn -0.158369 0.198303 0.967262
vn -0.194176 0.181681 0.963996
vn -0.194176 0.181681 0.963996
vn -0.229678 0.164774 0.959217
vn 0.160517 0.197361 0.9671
vn 0.195237 0.181109 0.963889
vn 0.195237 0.181109 0.963889
vn 0.229668 0.164589 0.959251
vn 1 -6.32555e-008 -1.88461e-007
vn 1 -8.01916e-008 -2.01159e-007
vn 1 -8.01916e-008 -2.01159e-007
vn 0.518517 -0.837722 0.171352
vn 1 -1.32367e-007 -2.77061e-008
vn 1 -6.61837e-008 8.00264e-009
vn 1 -6.61837e-008 8.00264e-009
vn 1 0 4.37114e-008
vn -0.13765 -0.800188 -0.583739
vn 0.0391347 -0.624348 -0.780166
vn 0.0103991 -0.993109 -0.116728
vn -0.139014 -0.787624 0.600269
vn -0.0351883 -0.974246 0.222723
vn 0.00301369 -0.867929 0.496679
vn 0.0756696 -0.423809 0.902585
vn 0.0257955 -0.0188772 0.999489
vn 0.129594 -0.18828 0.973527
vn 0.103029 -0.163555 0.98114
vn 0.0385463 -0.262673 -0.964115
vn 0.121323 -0.219412 -0.96806
vn 0.171244 -0.19975 -0.964767
vn -0.000840301 -0.450078 -0.892989
vn -0.148034 -0.854992 0.497066
vn -0.00584366 -0.724604 0.68914
vn -0.152111 -0.492021 0.857192
vn 0.0159326 -0.165434 0.986092
vn 0.0415133 -0.083003 0.995684
vn 0.056083 -0.116514 0.991604
vn 0.150992 -0.277219 -0.948868
vn 0.131907 -0.730761 -0.669768
vn 0.167889 -0.269096 -0.948367
vn 0.0938311 -0.36894 -0.924705
vn -0.0328068 -0.675894 -0.736268
vn 0.0478418 -0.937827 -0.34379
vn 0.121266 -0.99185 0.0391003
vn 0.103029 -0.163555 0.98114
vn 0.025302 -0.016617 0.999542
vn 0.0257955 -0.0188772 0.999489
vn 0.0253067 -0.0166172 0.999542
vn -0.649989 -0.455977 -0.607946
vn -0.813177 -0.0721519 -0.577526
vn -0.636961 -0.349453 -0.687142
vn -0.642942 -0.63412 -0.429555
vn -0.523575 -0.621268 -0.583006
vn -0.0375176 0.998343 -0.0436264
vn -0.197732 0.979097 -0.0476636
vn -0.0261843 0.999244 -0.0287335
vn -0.425751 -0.262907 0.865804
vn -0.610998 -0.302192 0.731683
vn -0.863815 -0.386155 0.323586
vn -0.883148 -0.377105 -0.279001
vn -0.778125 -0.376906 -0.502457
vn -0.71381 -0.305175 -0.630352
vn -0.188652 0.97995 -0.0640972
vn -0.469816 0.880191 -0.0673494
vn -0.111027 0.993268 -0.0330398
vn -0.102816 -0.803052 0.586973
vn -0.166253 -0.801908 0.573849
vn -0.61807 -0.696105 0.365277
vn -0.924846 -0.38032 0.00410015
vn -0.956558 -0.021091 -0.290778
vn -0.948076 -0.299254 -0.107703
vn -1.65175e-007 0.999298 -0.0374743
vn -0.000856334 0.999295 -0.037534
vn 0.873781 0.485617 0.0261336
vn 0.649376 -0.758817 0.0500695
vn 0.00927291 0.999633 -0.0254527
vn -0.00616633 0.999763 -0.0208667
vn -0.0150481 0.999755 -0.0162414
vn 0.000113815 0.223234 -0.974765
vn 5.91602e-005 0.223283 -0.974754
vn 5.91602e-005 0.223283 -0.974754
vn 4.50498e-006 0.223333 -0.974742
vn -0.92884 -0.369084 -0.0321402
vn -0.91889 -0.3837 -0.0917351
vn -0.91889 -0.3837 -0.0917351
vn -0.90539 -0.396832 -0.150975
vn -1 -3.55393e-007 3.77455e-008
vn -0.866286 -0.489415 0.100108
vn -1 -1.31337e-007 -1.30908e-007
vn -1 9.27194e-008 -2.99561e-007
vn -1 -2.09146e-007 1.51943e-007
vn -1 -1.44039e-007 1.09857e-007
vn -1 -1.44039e-007 1.09857e-007
vn -1 -7.89319e-008 6.77702e-008
vn 0.13765 -0.800188 -0.583739
vn -0.010399 -0.993109 -0.116728
vn 0.0174611 -0.803614 -0.594894
vn -0.00301348 -0.867929 0.496679
vn 0.139014 -0.787624 0.600269
vn 0.0351883 -0.974246 0.222723
vn -0.0756688 -0.423809 0.902585
vn -0.087494 -0.134122 0.987095
vn -0.026039 -0.0200085 0.999461
vn -0.129593 -0.18828 0.973528
vn -0.0346755 -0.0922038 -0.995136
vn -0.0567578 -0.158737 -0.985688
vn -0.0773699 -0.193214 -0.978101
vn -0.0191949 -0.387062 -0.921854
vn 0.148034 -0.854992 0.497066
vn 0.152112 -0.492021 0.857191
vn 0.00584414 -0.724604 0.68914
vn -0.0415137 -0.0830057 0.995684
vn -0.0560829 -0.116515 0.991604
vn -0.0159324 -0.165435 0.986092
vn -0.151508 -0.251519 -0.95592
vn -0.109172 -0.335156 -0.935816
vn -0.161928 -0.263918 -0.950856
vn -0.119204 -0.8076 -0.577558
vn 0.0328065 -0.675895 -0.736268
vn -0.0478419 -0.937827 -0.34379
vn -0.121266 -0.99185 0.0391005
vn -0.026039 -0.0200085 0.999461
vn -0.0252967 -0.0166195 0.999542
vn -0.087494 -0.134122 0.987095
vn -0.0252967 -0.0166194 0.999542
vn 0.636953 -0.34946 -0.687145
vn 0.813178 -0.0721463 -0.577526
vn 0.649975 -0.455994 -0.607948
vn 0.523549 -0.621291 -0.583004
vn 0.642914 -0.634151 -0.429552
vn 0.0261839 0.999244 -0.0287327
vn 0.15156 0.987526 -0.0426748
vn 0.0375174 0.998343 -0.0436259
vn 0.883131 -0.377143 -0.279004
vn 0.610982 -0.302217 0.731687
vn 0.863798 -0.386191 0.323588
vn 0.425734 -0.262922 0.865807
vn 0.713794 -0.305204 -0.630356
vn 0.778108 -0.376938 -0.50246
vn 0.466325 0.88209 -0.0667744
vn 0.134607 0.99027 -0.0353002
vn 0.924835 -0.380348 0.004089
vn 0.166245 -0.801912 0.573847
vn 0.618059 -0.69612 0.365266
vn 0.102803 -0.803053 0.586972
vn 0.948066 -0.299279 -0.107715
vn 0.956554 -0.0211257 -0.290787
vn 0.694958 -0.718955 -0.0116794
vn 0.972117 0.229072 -0.0501333
vn 0.817857 0.571376 -0.0681148
vn 0.00199414 0.999655 -0.0261961
vn 0.0150476 0.999755 -0.016242
vn -4.47111e-006 0.223333 -0.974742
vn -5.91476e-005 0.223283 -0.974754
vn -5.91476e-005 0.223283 -0.974754
vn -0.000113824 0.223234 -0.974765
vn 0.905371 -0.396877 -0.15097
vn 0.918872 -0.383745 -0.0917278
vn 0.918872 -0.383745 -0.0917278
vn 0.928822 -0.36913 -0.0321308
vn -0.000113816 -0.223234 0.974765
vn -5.91883e-005 -0.223283 0.974754
vn -5.91883e-005 -0.223283 0.974754
vn -4.561e-006 -0.223333 0.974742
vn 4.41509e-006 -0.223333 0.974742
vn 5.91195e-005 -0.223283 0.974754
vn 5.91195e-005 -0.223283 0.974754
vn 0.000113824 -0.223234 0.974765
vn -2.02317e-005 -1 1.48409e-011
vn -2.02317e-005 -1 1.48409e-011
vn -2.02317e-005 -1 1.48409e-011
vn -2.02317e-005 -1 -8.84356e-013
vn -2.02317e-005 -1 -8.84356e-013
vn -2.02317e-005 -1 -8.84356e-013
vn 0.980068 0.198661 4.28401e-008
vn 0.980068 0.198661 4.28401e-008
vn 0.980068 0.198661 4.28401e-008
vn 0.980068 0.198661 -7.18927e-007
vn 0.980068 0.198661 -7.18927e-007
vn 0.980068 0.198661 -7.18927e-007
vn 0.000508109 1 -1.75256e-010
vn 0.000508109 1 -1.75256e-010
vn 0.000508109 1 -1.75256e-010
vn 0.000508109 1 2.22101e-011
vn 0.000508109 1 2.22101e-011
vn 0.000508109 1 2.22101e-011
vn -0.980206 0.197983 -4.28461e-008
vn -0.980206 0.197983 -4.28461e-008
vn -0.980206 0.197983 -4.28461e-008
vn -0.980206 0.197982 3.38091e-007
vn -0.980206 0.197982 3.38091e-007
vn -0.980206 0.197982 3.38091e-007
vn 0.980206 0.197983 -3.38091e-007
vn 0.980206 0.197983 -3.38091e-007
vn 0.980206 0.197983 -3.38091e-007
vn 0.980206 0.197983 4.28461e-008
vn 0.980206 0.197983 4.28461e-008
vn 0.980206 0.197983 4.28461e-008
vn -0.000507755 1 -2.21947e-011
vn -0.000507755 1 -2.21947e-011
vn -0.000507755 1 -2.21947e-011
vn -0.000507755 1 1.75134e-010
vn -0.000507755 1 1.75134e-010
vn -0.000507755 1 1.75134e-010
vn -0.980068 0.198662 7.18927e-007
vn -0.980068 0.198662 7.18927e-007
vn -0.980068 0.198662 7.18927e-007
vn -0.980068 0.198662 -4.28401e-008
vn -0.980068 0.198662 -4.28401e-008
vn -0.980068 0.198662 -4.28401e-008
vn 2.04616e-005 -1 8.94405e-013
vn 2.04616e-005 -1 8.94405e-013
vn 2.04616e-005 -1 8.94405e-013
vn 2.04616e-005 -1 -1.50096e-011
vn 2.04616e-005 -1 -1.50096e-011
vn 2.04616e-005 -1 -1.50096e-011
vn 0.0376839 0.978985 -0.20042
vn 0.0486376 0.974521 -0.218961
vn 0.00342163 0.981146 -0.193237
vn 0.00230523 0.973479 -0.228764
vn 0.233876 0.934588 -0.268045
vn 0.253654 0.938547 -0.234069
vn 0.282568 0.924465 -0.25597
vn 0.296156 0.925273 -0.236983
vn 0.0552568 0.963222 -0.262963
vn -0.0184936 0.964524 -0.263346
vn 0.833713 0.425261 0.352244
vn 0.79613 0.530264 0.291542
vn 0.752066 0.64825 0.119034
vn 0.687598 0.724024 0.054751
vn 0.983247 0.156458 -0.0935172
vn 0.986446 0.153698 -0.0574485
vn 0.987025 0.160559 0.00116455
vn 0.988749 0.148157 0.0206297
vn 0.998157 0.00422178 0.0605401
vn 0.995767 0.030854 0.0865821
vn 0.995023 0.0751094 0.065485
vn 0.991908 0.111767 0.0602282
vn 0.980623 0.130533 -0.146079
vn 0.97845 0.116765 -0.170296
vn 0.898299 0.387855 -0.206462
vn 0.862551 0.44077 -0.248451
vn 0.908134 0.355238 -0.221582
vn 0.987376 0.156794 0.022438
vn 0.99285 0.119199 -0.00634239
vn 0.995117 0.0924859 -0.0344734
vn 0.997311 0.0646046 -0.0346049
vn 0.99823 0.0401958 -0.0438222
vn 0.998897 0.0167941 -0.043846
vn 0.982451 0.126788 0.136802
vn 0.986022 0.140189 0.0900416
vn 0.996029 0.0868094 0.01975
vn 0.978229 0.202267 0.0464427
vn 0.991551 0.129663 0.00373356
vn 0.977283 0.210117 0.0277147
vn 0.86462 0.502355 -0.00841494
vn 0.857412 0.514566 0.00809248
vn 0.879519 0.474421 0.0370202
vn 0.873618 0.486088 0.0225791
vn 0.812066 0.505746 0.291152
vn 0.802348 0.557571 0.21296
vn 0.807239 0.589091 0.036572
vn 0.837205 0.544994 -0.0454937
vn 0.874332 0.312417 0.371401
vn 0.933508 0.233629 0.271994
vn 0.954917 0.25452 0.152815
vn 0.970319 0.202592 0.132053
vn 0.965364 0.235306 0.112707
vn 0.749603 0.643184 -0.156236
vn 0.698928 0.695041 -0.168576
vn 0.688073 0.694853 -0.209127
vn 0.684202 0.695558 -0.219242
vn 0.857412 0.514566 0.00809248
vn 0.86462 0.502355 -0.00841494
vn 0.880159 0.470242 -0.0647498
vn 0.888642 0.451195 -0.0820839
vn 0.996029 0.0868094 0.01975
vn 0.998862 0.03783 0.029057
vn 0.993569 0.111844 -0.0176585
vn 0.998703 0.0390426 -0.0326692
vn 0.695517 0.679277 -0.234175
vn 0.686104 0.689127 -0.233162
vn 0.993569 0.111844 -0.0176585
vn 0.998703 0.0390426 -0.0326692
vn 0.989643 0.141305 -0.025284
vn 0.999071 0.0191298 -0.0386038
vn 0.998977 0.0310906 0.032824
vn 0.998862 0.03783 0.029057
vn 0.580531 0.813981 0.020491
vn 0.688979 0.724638 -0.0144064
vn 0.421283 0.906776 0.0166678
vn 0.384903 0.919963 -0.0742789
vn 0.791791 0.589348 -0.160425
vn 0.429322 0.877129 -0.215236
vn 0.682816 0.673295 -0.283613
vn 0.56767 0.800226 -0.193361
vn 0.083522 0.991491 0.0998522
vn 0.0893918 0.995994 0.00199734
vn 0.00241909 0.994604 0.10372
vn -0.00141296 0.999996 -0.00248515
vn 0.0926445 0.990175 -0.104743
vn -9.50899e-005 0.994489 -0.104838
vn -0.0168985 0.987172 -0.158762
vn 0.0849246 0.983872 -0.157425
vn 0.599967 0.611793 0.515509
vn 0.7809 0.552549 0.291349
vn 0.602746 0.690407 0.400044
vn 0.74808 0.62602 0.220172
vn 0.688979 0.724638 -0.0144064
vn 0.56767 0.800226 -0.193361
vn 0.384903 0.919963 -0.0742789
vn 0.429322 0.877129 -0.215236
vn 0.97241 0.000426918 -0.233279
vn 0.978149 -0.00653448 -0.207803
vn 0.970279 -0.121558 -0.209241
vn 0.981433 -0.151166 -0.118058
vn 0.980886 -0.136651 -0.138523
vn 0.988868 -0.136844 -0.0584345
vn 0.934814 -0.112087 0.336987
vn 0.89937 -0.226883 0.373708
vn 0.917979 -0.168059 0.359263
vn 0.894438 -0.217369 0.390808
vn 0.966489 0.0271193 0.255271
vn 0.967485 0.0237091 0.251816
vn 0.890835 -0.159132 0.425546
vn 0.875564 -0.235198 0.421984
vn 0.911966 -0.204795 0.355495
vn 0.893703 -0.268414 0.359513
vn 0.924308 0.0442654 0.379072
vn 0.926707 -0.0340786 0.374237
vn 0.958989 0.0345653 0.281327
vn 0.949605 -0.0601434 0.307623
vn 0.827413 0.533447 0.175563
vn 0.608918 0.724779 0.322356
vn 0.80518 0.527223 0.271515
vn 0.462508 -0.39041 0.796031
vn 0.529713 -0.314774 0.787605
vn 0.675558 -0.339295 0.654599
vn 0.68732 -0.271711 0.67362
vn 0.529713 -0.314774 0.787605
vn 0.581766 -0.249573 0.77412
vn 0.68732 -0.271711 0.67362
vn 0.636735 0.0178473 0.770876
vn 0.702565 -0.0326313 0.710871
vn 0.689089 -0.0561157 0.7225
vn 0.71574 -0.0971574 0.691575
vn 0.334237 -0.0396486 0.941655
vn 0.382672 -0.0824543 0.920197
vn 0.701263 -0.113055 0.703881
vn 0.737171 -0.177722 0.651915
vn -0.00469113 -0.886093 0.463484
vn 0.0113102 -0.882024 0.47107
vn -0.139653 -0.788392 0.599112
vn -0.300007 -0.644986 0.702844
vn 0.295186 0.101129 0.950073
vn 0.343594 0.0821518 0.935518
vn 0.664324 0.112106 0.73899
vn 0.729464 0.0211217 0.683693
vn 0.176352 0.0795653 0.981106
vn 0.132131 0.16191 0.97792
vn 0.142383 0.150032 0.978375
vn 0.030037 0.241932 0.969828
vn -0.0257796 0.231252 0.972552
vn 0.0863376 0.806827 0.584446
vn 0.0483583 0.946846 0.318031
vn -0.00774213 0.806861 0.590691
vn -0.00938061 0.947096 0.320814
vn 0.0251308 0.590678 0.806516
vn 0.130608 0.592849 0.794652
vn 0.104346 0.950059 0.294108
vn 0.254052 0.804082 0.537503
vn 0.373097 0.811697 0.449385
vn 0.608918 0.724779 0.322356
vn 0.267514 -0.254507 0.929334
vn 0.233861 -0.448081 0.862863
vn 0.267514 -0.254507 0.929334
vn 0.307057 -0.15951 0.938228
vn 0.130906 -0.076305 0.988454
vn 0.110611 -0.270277 0.956408
vn 0.0235884 -0.129772 0.991263
vn -0.00674909 -0.281204 0.959624
vn -0.00817487 -0.00273475 0.999963
vn 0.00429089 -0.000461124 0.999991
vn 0.00857365 0.00493597 0.999951
vn 0.0195404 -0.00789891 0.999778
vn 0.0283762 -0.0186907 0.999423
vn 0.0793525 -0.434172 0.897328
vn 0.110611 -0.270277 0.956408
vn -0.00674909 -0.281204 0.959624
vn -0.0222988 -0.431395 0.901888
vn 0.129821 0.439529 0.888798
vn 0.110432 0.496686 0.860876
vn -0.00519061 0.421473 0.906826
vn -0.020143 0.491252 0.870784
vn 0.165489 0.185521 0.968605
vn 0.144325 0.253229 0.95658
vn 0.0329751 0.196134 0.980023
vn -0.00567862 0.273561 0.961838
vn 0.823339 0.500983 0.2667
vn 0.352802 0.588158 0.727737
vn 0.561167 0.678671 0.473811
vn 0.700952 0.530196 0.477032
vn 0.51049 0.854582 0.0953411
vn 0.31204 0.944672 0.101122
vn 0.865659 0.457102 -0.204187
vn 0.864793 0.401735 -0.301233
vn 0.859208 0.287145 -0.423451
vn 0.860567 0.217225 -0.460693
vn 0.85254 0.239264 0.464681
vn 0.856402 0.308183 0.414244
vn 0.887154 0.0603889 0.457506
vn 0.825087 -0.0314828 0.564127
vn 0.746846 -0.0386777 0.663872
vn -0.670508 -0.25122 0.698074
vn -0.784409 -0.142252 0.603711
vn -0.762997 -0.116438 0.635829
vn -0.778549 -0.144202 0.610792
vn 0.177273 0.0664739 0.981914
vn 0.179536 0.0154965 0.983629
vn -0.547931 -0.389065 0.74054
vn 0.948021 0.114224 0.297001
vn 0.920628 0.147742 0.361408
vn 0.790966 0.145487 0.594312
vn 0.66483 0.729311 -0.161574
vn 0.620449 0.736891 -0.268393
vn 0.83524 0.273528 0.477028
vn 0.813871 0.193234 0.547974
vn 0.621016 0.659295 -0.423875
vn 0.690503 0.555314 -0.463499
vn 0.812786 0.334824 -0.47673
vn 0.737687 0.456769 -0.497172
vn 0.162118 -0.742579 0.649842
vn 0.221342 -0.753449 0.61913
vn 0.312634 -0.746754 0.587042
vn 0.381587 -0.681155 0.624835
vn 0.105262 -0.702506 0.70385
vn 0.10285 -0.734552 0.670712
vn 0.461914 -0.518587 0.719515
vn 0.437503 -0.60201 0.667963
vn 0.447933 -0.500786 0.740655
vn 0.875564 -0.235198 0.421984
vn 0.890835 -0.159132 0.425546
vn 0.926707 -0.0340786 0.374237
vn 0.924308 0.0442654 0.379072
vn 0.823339 0.500983 0.2667
vn 0.80518 0.527223 0.271515
vn 0.821898 0.545175 -0.165131
vn 0.86507 0.483827 -0.132533
vn 0.812925 0.56762 -0.130237
vn 0.180688 0.78734 -0.589447
vn 0.127917 0.748108 -0.651131
vn 0.196681 0.760441 -0.618907
vn -0.102316 0.637534 -0.763598
vn 0.627211 0.364781 -0.688144
vn 0.593366 0.552684 -0.585198
vn 0.403218 0.656565 -0.637446
vn 0.314472 0.741078 -0.593221
vn 0.832025 0.133723 -0.538379
vn 0.841154 0.260429 -0.473959
vn 0.0246578 0.736148 -0.676371
vn -0.0170118 0.738315 -0.674242
vn -0.3413 0.501417 -0.795044
vn -0.102316 0.637534 -0.763598
vn -0.340294 0.501391 -0.795492
vn -0.339287 0.501364 -0.795939
vn -0.00629482 0.895165 -0.445691
vn 0.0111656 0.892884 -0.450148
vn 0.0198911 0.880876 -0.472928
vn 0.0194414 0.841832 -0.53939
vn 0.0868079 -0.585654 -0.8059
vn 0.0722849 -0.656403 -0.750939
vn 0.0245782 -0.68019 -0.732623
vn -0.0292014 -0.672388 -0.739622
vn 0.259673 0.217991 -0.940771
vn 0.228233 0.461355 -0.857358
vn 0.321523 0.244705 -0.914736
vn 0.276953 0.40859 -0.869685
vn 0.285292 0.27164 -0.919141
vn 0.276953 0.40859 -0.869685
vn 0.228233 0.461355 -0.857358
vn 0.0330629 0.657864 -0.752411
vn -0.0341917 0.659372 -0.751039
vn 0.196681 0.760441 -0.618907
vn 0.180688 0.78734 -0.589447
vn 0.973177 0.226354 -0.0411119
vn 0.96972 0.156285 -0.187667
vn 0.976891 0.14167 -0.160042
vn 0.936355 0.235353 -0.260477
vn 0.900504 0.327121 -0.286505
vn 0.841154 0.260429 -0.473959
vn 0.194521 0.226253 0.954448
vn 0.200087 0.176408 0.963766
vn 0.924686 -0.259169 0.278904
vn -2.74965e-006 -0.884096 0.467306
vn 0.746987 -0.554206 0.36724
vn -4.35682e-006 -0.874241 0.485491
vn 0.00249768 -0.928191 0.372097
vn 7.48886e-008 -0.928194 0.372098
vn 7.48886e-008 -0.928194 0.372098
vn 0.0971922 0.984038 0.14907
vn 0.0157947 0.986753 0.161457
vn 0.751494 0.639069 0.163854
vn 0.529582 0.82406 0.201168
vn 0.17248 0.943302 -0.283606
vn 0.229453 0.930927 -0.284124
vn 0.284153 0.935866 0.208354
vn 0.897756 0.430083 0.0951989
vn 0.91297 0.395011 0.102237
vn 0.173945 -0.0570197 0.983103
vn 0.735355 0.645032 -0.207816
vn 0.820822 0.538078 -0.191633
vn 0.862103 0.505038 -0.0414059
vn 0.934443 0.353595 -0.0422599
vn 0.0926445 0.990175 -0.104743
vn 0.0849246 0.983872 -0.157425
vn 0.352915 0.907973 -0.225912
vn 0.246694 0.940476 -0.233766
vn 0.0333951 0.977679 -0.207432
vn 0.0143936 0.981115 -0.192889
vn 0.387191 0.894212 -0.224652
vn 0.33889 0.908827 -0.243284
vn 0.291325 0.917961 -0.269217
vn 0.461709 0.864838 -0.197181
vn 0.85895 0.511921 0.011906
vn 0.871252 0.490803 0.00567593
vn 0.815128 0.577081 -0.0504282
vn 0.74457 0.663653 -0.071973
vn 0.897157 -0.440527 0.0323193
vn 0.901037 -0.43299 0.0255409
vn 0.904089 -0.427192 0.0113904
vn 0.908475 -0.417767 0.0119783
vn 0.996842 -0.0569114 -0.0553764
vn 0.999216 -0.0342764 0.0198093
vn 0.780129 0.624868 0.0306444
vn 0.999665 -0.0206179 0.015675
vn 0.998319 -0.0161431 0.0556688
vn 0.978136 -0.206724 0.0226942
vn 0.990518 -0.13733 -0.00387642
vn 0.913264 -0.398351 0.0852407
vn 0.999216 -0.0342764 0.0198093
vn 0.998481 -0.02126 0.0508365
vn 0.870513 0.116614 -0.47813
vn 0.877745 0.109353 -0.466483
vn 0.752102 0.111193 0.649599
vn 0.797247 0.111157 0.593331
vn 0.996842 -0.0569114 -0.0553764
vn 0.992553 -0.0718742 -0.0983506
vn 0.540751 0.83076 -0.132012
vn 0.894276 -0.444268 0.0538217
vn 0.887969 -0.103463 -0.448115
vn 0.905399 -0.0605663 -0.42022
vn 0.95151 -0.108135 -0.287985
vn 0.949312 -0.0677422 -0.306949
vn 0.293007 0.00429312 -0.956101
vn 0.305935 -0.00901129 -0.95201
vn 0.204974 0.0608816 -0.976872
vn 0.193568 0.0745668 -0.978249
vn 0.168236 -0.0312435 -0.985251
vn 0.194906 -0.0788954 -0.977644
vn -0.0902772 -0.109809 -0.989844
vn 0.420465 0.392831 -0.817858
vn 0.52365 0.34281 -0.779918
vn 0.695669 0.318904 -0.643696
vn 0.769406 0.268889 -0.579408
vn 0.881117 0.224028 -0.416465
vn 0.925841 0.148221 -0.347634
vn 0.313894 0.406646 -0.857968
vn 0.308532 0.462758 -0.831062
vn 0.881117 0.224028 -0.416465
vn 0.925841 0.148221 -0.347634
vn 0.944503 -0.0534283 -0.324129
vn 0.915974 -0.0347567 -0.399728
vn 0.771127 -0.0533373 -0.634443
vn 0.80008 0.00506935 -0.599873
vn 0.905399 -0.0605663 -0.42022
vn 0.915974 -0.0347567 -0.399728
vn 0.724983 -0.108756 -0.680127
vn 0.887969 -0.103463 -0.448115
vn 0.578205 -0.0123472 -0.815798
vn 0.502889 -0.0654523 -0.86187
vn -0.0322002 0.0725523 -0.996845
vn 0.0303998 0.0724774 -0.996907
vn -0.977172 -0.0297395 -0.210356
vn -0.976642 -0.0294671 -0.212842
vn -0.976642 -0.0294671 -0.212842
vn -0.976106 -0.0291945 -0.215326
vn 1.71239e-007 -0.965689 0.259703
vn -0.0238369 -0.965541 0.259158
vn 1.63341e-007 -0.965815 0.259232
vn -0.0238508 -0.965667 0.258686
vn 0.0264938 0.93626 -0.350309
vn 0.026476 0.936068 -0.350821
vn 0.00879359 0.936296 -0.351102
vn -0.00883528 0.936293 -0.35111
vn -0.500267 -0.55094 -0.66798
vn -0.518698 -0.330105 -0.788659
vn -0.516027 -0.249399 -0.819461
vn -0.499861 -0.0878111 -0.861643
vn -0.501983 -0.0880314 -0.860386
vn 0.0596003 -0.742142 -0.667588
vn 0.0559986 -0.75803 -0.649811
vn 0.0186021 -0.764245 -0.644658
vn -0.019844 -0.764022 -0.644885
vn -0.0233882 0.658957 -0.751817
vn 0.0269972 0.654766 -0.755349
vn 0.0685508 0.626527 -0.776379
vn 0.0669222 0.541605 -0.837965
vn 0.45433 -0.102615 -0.884903
vn 0.832025 0.133723 -0.538379
vn 0.899781 0.374161 -0.224493
vn 0.967438 0.249 0.0454123
vn 0.888642 0.451195 -0.0820839
vn 0.880159 0.470242 -0.0647498
vn 0.511446 0.621277 0.593664
vn 0.719069 0.55419 0.4193
vn 0.863982 0.477316 0.160327
vn 0.179559 0.420935 0.889141
vn 0.182496 0.564355 0.805108
vn 0.890468 0.429691 0.149774
vn 0.863982 0.477316 0.160327
vn 0.927821 0.238348 -0.286946
vn 0.898902 0.0684544 -0.432769
vn 0.597005 0.481178 -0.641913
vn 0.566402 0.0912898 -0.819057
vn 0.0387522 0.202446 -0.978526
vn -0.200227 0.554922 -0.807447
vn 0.271908 0.921355 -0.277797
vn -0.0129611 0.892781 -0.450305
vn -0.610761 0.683334 -0.400031
vn -0.89814 0.371047 -0.235941
vn -0.590192 0.461252 -0.66251
vn -0.563881 0.300176 0.769371
vn -0.520034 0.492844 0.697617
vn -0.320685 0.871476 0.371066
vn -0.990978 -0.0588478 0.120417
vn -0.983043 0.171856 -0.0639741
vn 0.96597 0.249133 0.0695348
vn 0.998726 0.0440423 -0.024636
vn 0.682678 0.709064 -0.176577
vn 0.353991 0.424725 -0.833246
vn 0.0789414 0.846765 -0.526077
vn 0.398174 0.164032 -0.902525
vn -0.0800798 0.893412 -0.442043
vn -0.254283 0.902866 -0.34666
vn -0.1912 0.949351 -0.249348
vn -0.348582 -0.336505 0.874789
vn -0.399099 -0.253108 0.881281
vn -0.463558 -0.190296 0.865391
vn 0.647102 -0.583706 -0.490456
vn 0.611129 -0.791158 -0.0243035
vn 0.451613 -0.653528 -0.60741
vn 0.215199 -0.975019 -0.0550251
vn -0.533767 -0.0858147 0.841266
vn -0.0619913 0.978052 -0.198927
vn 0.29178 0.95496 -0.0539929
vn 0.76679 0.63821 0.0687051
vn 0.948569 0.245146 0.200303
vn 0.97982 0.04729 0.194207
vn 0.791028 -0.603131 0.102507
vn 0.773716 -0.633531 -0.0010435
vn 0.830718 -0.520349 -0.197849
vn 0.605291 -0.492466 -0.62538
vn 0.364708 0.930404 -0.0365629
vn 0.729263 0.615764 0.298346
vn 0.929483 0.363608 0.0620496
vn 0.0494002 0.99841 -0.0271519
vn 0.109508 0.907955 0.404506
vn 0.487308 -0.551766 0.67682
vn 0.671331 -0.426855 0.605895
vn 0.16879 -0.616541 0.769017
vn 0.0536088 -0.657829 0.751257
vn 0.0485262 -0.65099 0.757533
vn 0.0192573 -0.668251 0.743687
vn -0.014846 -0.668312 0.743733
vn -0.00686149 0.999416 -0.0334749
vn -0.0124859 0.907093 0.420745
vn 0.880069 -0.320912 0.349992
vn 0.290491 0.857639 0.424346
vn 0.824903 0.350357 0.443604
vn 0.452553 0.619078 0.641824
vn 0.0288729 0.61777 0.785828
vn 0.150135 0.68179 0.715976
vn -0.0438907 0.978548 -0.201289
vn -0.0541854 0.967914 -0.245371
vn -0.288505 0.920551 -0.263345
vn -0.330206 0.914338 -0.234415
vn -0.260842 0.93084 -0.255927
vn -0.247963 0.940201 -0.233532
vn -0.0550421 0.963299 -0.262728
vn -0.689086 0.723713 0.0374082
vn -0.756262 0.64178 0.12722
vn -0.800103 0.52518 0.289863
vn -0.833024 0.41405 0.366924
vn -0.988969 0.146835 0.0194912
vn -0.986919 0.16121 -0.00133842
vn -0.984208 0.159695 -0.0763656
vn -0.986523 0.146438 -0.0729925
vn -0.992057 0.11126 0.0586942
vn -0.995093 0.0727244 0.0670828
vn -0.997482 0.0176158 0.0686918
vn -0.99637 0.0145025 0.0838809
vn -0.978451 0.116763 -0.170293
vn -0.980623 0.130534 -0.146079
vn -0.908134 0.35524 -0.22158
vn -0.862551 0.44077 -0.24845
vn -0.898299 0.387856 -0.206461
vn -0.996906 0.0728508 -0.0295228
vn -0.995772 0.0849262 -0.0350172
vn -0.992571 0.121596 -0.00408599
vn -0.987084 0.159114 0.0186412
vn -0.998897 0.0167955 -0.0438478
vn -0.99823 0.0401972 -0.043823
vn -0.985689 0.141622 0.0914322
vn -0.982485 0.129384 0.1341
vn -0.9749 0.217432 0.0478945
vn -0.980493 0.19244 0.0400003
vn -0.991551 0.129663 0.00373375
vn -0.995371 0.0946539 0.0166781
vn -0.873618 0.486088 0.0225801
vn -0.857413 0.514565 0.00809285
vn -0.879519 0.474421 0.0370207
vn -0.864621 0.502354 -0.00841478
vn -0.834435 0.549351 -0.0439519
vn -0.807493 0.589328 0.0254418
vn -0.80174 0.561439 0.204939
vn -0.816187 0.500924 0.287948
vn -0.95945 0.228606 0.164911
vn -0.964693 0.225217 0.136542
vn -0.905205 0.288976 0.311603
vn -0.933595 0.223412 0.280157
vn -0.96879 0.227447 0.0985621
vn -0.683395 0.694589 -0.224761
vn -0.68771 0.694612 -0.211114
vn -0.698259 0.690104 -0.190238
vn -0.752348 0.640507 -0.154022
vn -0.888642 0.451195 -0.0820827
vn -0.864621 0.502354 -0.00841478
vn -0.880159 0.470241 -0.0647491
vn -0.857413 0.514565 0.00809285
vn -0.991839 0.117034 -0.0505802
vn -0.998696 0.0278819 -0.0427721
vn -0.995371 0.0946539 0.0166781
vn -0.999503 0.0124103 0.0289788
vn -0.685654 0.689619 -0.233032
vn -0.695084 0.681384 -0.229291
vn -0.979946 0.199176 -0.0059485
vn -0.997661 0.0629998 -0.0265138
vn -0.991839 0.117034 -0.0505802
vn -0.998696 0.0278819 -0.0427721
vn -0.999503 0.0124103 0.0289788
vn -0.99925 0.0164302 0.0350732
vn -0.366993 0.930219 0.00306206
vn -0.438325 0.895135 -0.0812706
vn -0.674626 0.73816 -0.000632666
vn -0.608172 0.791381 -0.061995
vn -0.472224 0.845882 -0.247969
vn -0.542614 0.818635 -0.188166
vn -0.682806 0.67331 -0.283602
vn -0.791777 0.589369 -0.160417
vn -0.0868923 0.991373 0.098132
vn -0.0871022 0.996199 -0.000769249
vn -0.0887614 0.990954 -0.100654
vn -0.114227 0.980432 -0.160331
vn -0.540447 0.602545 0.587245
vn -0.61667 0.608951 0.498895
vn -0.812733 0.501452 0.296665
vn -0.782021 0.552541 0.288342
vn -0.438325 0.895135 -0.0812706
vn -0.542614 0.818635 -0.188166
vn -0.608172 0.791381 -0.061995
vn -0.472224 0.845882 -0.247969
vn -0.976143 0.0324481 -0.21469
vn -0.976299 -0.0366083 -0.213305
vn -0.971857 -0.111856 -0.207322
vn -0.981217 -0.151655 -0.119221
vn -0.979891 -0.143055 -0.139097
vn -0.983732 -0.169455 -0.0596413
vn -0.935302 -0.109572 0.336457
vn -0.899482 -0.226988 0.373376
vn -0.918009 -0.168315 0.359069
vn -0.892368 -0.225141 0.391141
vn -0.967499 0.0237941 0.251755
vn -0.966957 0.0293263 0.253248
vn -0.924929 -0.163397 0.343232
vn -0.896742 -0.257117 0.360202
vn -0.891295 -0.174596 0.41846
vn -0.860582 -0.219003 0.459821
vn -0.959813 0.0414108 0.277569
vn -0.956299 -0.0142227 0.292043
vn -0.942884 0.0421983 0.330437
vn -0.927508 -0.0313687 0.372486
vn -0.808332 0.530677 0.254914
vn -0.658351 0.715059 0.235084
vn -0.827416 0.533441 0.175567
vn -0.746026 -0.223825 0.627174
vn -0.554834 -0.326556 0.765193
vn -0.675555 -0.339296 0.654602
vn -0.547477 -0.33058 0.768756
vn -0.746026 -0.223825 0.627174
vn -0.684579 -0.251742 0.684088
vn -0.554834 -0.326556 0.765193
vn -0.448012 -0.2522 0.857718
vn -0.67771 -0.0751487 0.73148
vn -0.709936 -0.095097 0.697816
vn -0.702566 -0.0326337 0.71087
vn -0.68615 -0.119308 0.71761
vn -0.614153 -0.143212 0.776084
vn -0.33587 -0.0325835 0.941345
vn -0.282941 -0.0731346 0.956345
vn 0.203745 -0.711515 0.672484
vn 0.217829 -0.737356 0.639419
vn -0.803666 0.10272 0.586148
vn -0.725419 0.0158095 0.688126
vn -0.402307 0.144287 0.904063
vn -0.337598 0.0476332 0.940085
vn -0.176479 0.0586085 0.982558
vn -0.129724 0.156833 0.979068
vn -0.155818 0.139737 0.977852
vn -0.0920891 0.807329 0.582872
vn -0.0600816 0.951416 0.301991
vn -0.103064 0.580751 0.807531
vn -0.175129 0.922627 0.34364
vn -0.249481 0.807327 0.534773
vn -0.272623 0.902163 0.334332
vn -0.544387 0.734282 0.405551
vn -0.255436 -0.295681 0.920503
vn -0.302668 -0.40675 0.861944
vn -0.403482 -0.0852401 0.911009
vn -0.255436 -0.295681 0.920503
vn -0.100908 -0.0948345 0.990366
vn -0.10931 -0.261093 0.959105
vn -0.0163573 -0.00788397 0.999835
vn -0.00538847 -0.0124455 0.999908
vn -0.00643231 -0.00214973 0.999977
vn -0.107582 -0.44416 0.889465
vn -0.10931 -0.261093 0.959105
vn -0.123359 0.406604 0.905238
vn -0.139751 0.542442 0.828388
vn -0.133195 0.192538 0.972208
vn -0.140424 0.258856 0.955654
vn -0.812619 0.505004 0.290897
vn -0.57888 0.55595 0.596504
vn -0.25563 0.601535 0.756842
vn -0.248469 0.963744 0.0972682
vn -0.55086 0.830419 0.083412
vn -0.860567 0.217224 -0.460693
vn -0.854489 0.450961 -0.257841
vn -0.859208 0.287144 -0.42345
vn -0.885693 0.404338 -0.228165
vn -0.85022 0.0810959 0.520143
vn -0.838902 0.358447 0.409585
vn -0.876161 0.206242 0.435668
vn -0.820427 -0.0236133 0.571264
vn -0.709936 -0.095097 0.697816
vn -0.738406 -0.0732331 0.670368
vn -0.67771 -0.0751487 0.73148
vn 0.756429 -0.10418 0.645725
vn 0.78992 -0.142371 0.596453
vn 0.703482 -0.224604 0.674289
vn 0.786596 -0.141042 0.601143
vn -0.17797 -0.00144607 0.984035
vn -0.17727 0.0664696 0.981915
vn 0.54793 -0.389067 0.74054
vn -0.894664 0.145711 0.422308
vn -0.953926 0.113168 0.277882
vn -0.790968 0.145485 0.594309
vn -0.642752 0.732506 -0.224288
vn -0.646274 0.731513 -0.217299
vn -0.838594 0.232867 0.492477
vn -0.819243 0.234073 0.523498
vn -0.690501 0.555316 -0.4635
vn -0.621014 0.659296 -0.423875
vn -0.737685 0.456771 -0.497173
vn -0.812785 0.334826 -0.476731
vn -0.167255 -0.0776555 0.982851
vn -0.331197 -0.745146 0.578849
vn -0.355959 -0.699823 0.619306
vn -0.218532 -0.754158 0.619265
vn -0.1579 -0.751161 0.640956
vn -0.0988014 -0.747309 0.65709
vn -0.104997 -0.728933 0.676486
vn -0.437503 -0.602007 0.667965
vn -0.461914 -0.518585 0.719517
vn -0.447934 -0.500785 0.740654
vn -0.860582 -0.219003 0.459821
vn -0.891295 -0.174596 0.41846
vn -0.927508 -0.0313687 0.372486
vn -0.942884 0.0421983 0.330437
vn -0.812619 0.505004 0.290897
vn -0.808332 0.530677 0.254914
vn -0.658351 0.715059 0.235084
vn -0.845384 0.521024 -0.117732
vn -0.86507 0.483827 -0.132531
vn -0.789759 0.594683 -0.150439
vn -0.184539 0.766636 -0.614991
vn -0.186043 0.772335 -0.607361
vn -0.154312 0.747953 -0.645565
vn -0.00385009 0.696106 -0.717929
vn -0.263814 0.744184 -0.613671
vn -0.42489 0.65069 -0.629342
vn -0.519911 0.574829 -0.631874
vn -0.672407 0.384786 -0.632304
vn -0.809305 0.277619 -0.517642
vn -0.907715 0.203549 -0.366908
vn 0.341452 0.502004 -0.794608
vn 0.340545 0.501444 -0.795351
vn 0.340545 0.501444 -0.795351
vn -0.00385009 0.696106 -0.717929
vn -0.0328037 0.849544 -0.526496
vn -0.0195801 0.884419 -0.466283
vn -0.0724893 -0.64443 -0.761219
vn -0.0735009 -0.560605 -0.824815
vn -0.273514 0.273951 -0.922031
vn -0.285288 0.271642 -0.919142
vn -0.263651 0.401362 -0.877153
vn -0.263651 0.401362 -0.877153
vn -0.328551 0.391692 -0.859437
vn -0.186043 0.772335 -0.607361
vn -0.184539 0.766636 -0.614991
vn -0.968165 0.164982 -0.188249
vn -0.977601 0.153138 -0.144377
vn -0.973177 0.226354 -0.04111
vn -0.907715 0.203549 -0.366908
vn -0.900503 0.327123 -0.286505
vn -0.936356 0.235352 -0.260476
vn -0.190685 0.267252 0.944572
vn -0.19769 0.182765 0.963076
vn -0.74699 -0.554205 0.367237
vn -0.924686 -0.25917 0.278902
vn -0.00249753 -0.928191 0.372097
vn -0.0728706 0.985586 0.152673
vn -0.529584 0.824058 0.201168
vn -0.751482 0.639082 0.163855
vn -0.252304 0.92791 -0.274454
vn -0.220913 0.932734 -0.284964
vn -0.243508 0.950587 0.192582
vn -0.624537 0.699988 0.346368
vn -0.748745 0.625982 0.21801
vn -0.902093 0.411386 0.130342
vn -0.897198 0.431061 0.0960358
vn -0.166031 -0.0866161 0.982309
vn -0.94069 0.335784 -0.0484931
vn -0.861764 0.494896 -0.111537
vn -0.802765 0.561351 -0.20113
vn -0.786207 0.567659 -0.244215
vn -0.328551 0.391692 -0.859437
vn -0.391213 0.163268 -0.905702
vn -0.0887614 0.990954 -0.100654
vn -0.114227 0.980432 -0.160331
vn -0.241797 0.942119 -0.232263
vn -0.339629 0.909 -0.241601
vn -0.0349467 0.979792 -0.196943
vn -0.341082 0.912511 -0.225801
vn -0.305549 0.91559 -0.261408
vn -0.238607 0.937075 -0.254866
vn -0.432018 0.872826 -0.227013
vn -0.744571 0.663651 -0.0719731
vn -0.871253 0.490802 0.00567617
vn -0.815129 0.57708 -0.0504282
vn -0.85895 0.511922 0.0119062
vn -0.908336 -0.418107 0.0105999
vn -0.903938 -0.427509 0.01148
vn -0.900934 -0.4332 0.0256018
vn -0.897061 -0.440665 0.0330995
vn -0.999135 -0.0215846 0.035548
vn -0.998767 -0.0410913 -0.0278565
vn -0.780129 0.624867 0.0306445
vn -0.998319 -0.0161431 0.0556686
vn -0.999664 -0.0206176 0.0156776
vn -0.990518 -0.137329 -0.00387861
vn -0.978136 -0.206723 0.022692
vn -0.913264 -0.39835 0.0852385
vn -0.999058 -0.00894337 0.0424569
vn -0.999135 -0.0215846 0.035548
vn -0.877745 0.109353 -0.466482
vn -0.870513 0.116614 -0.478129
vn -0.797248 0.111156 0.593329
vn -0.752104 0.111192 0.649597
vn -0.994564 -0.0582549 -0.0863048
vn -0.998767 -0.0410913 -0.0278565
vn -0.54075 0.83076 -0.132013
vn -0.894276 -0.444268 0.0538252
vn -0.954288 -0.129153 -0.269545
vn -0.952562 -0.0951918 -0.289075
vn -0.923902 -0.113692 -0.365347
vn -0.904684 -0.0710809 -0.420112
vn -0.293643 -0.0202169 -0.955701
vn -0.256649 0.000269964 -0.966505
vn -0.225683 0.0775522 -0.971109
vn -0.176564 0.0621618 -0.982324
vn -0.272929 0.0161015 -0.961899
vn -0.221123 -0.0557097 -0.973653
vn -0.122184 -0.0488572 -0.991304
vn -0.771485 0.269609 -0.576301
vn -0.68943 0.319707 -0.649979
vn -0.52586 0.34275 -0.778456
vn -0.415695 0.385279 -0.823867
vn -0.927383 0.156434 -0.339836
vn -0.875943 0.225678 -0.426371
vn -0.297304 0.440528 -0.847081
vn -0.311694 0.395481 -0.863968
vn -0.927383 0.156434 -0.339836
vn -0.875943 0.225678 -0.426371
vn -0.879327 -0.00879019 -0.476137
vn -0.94974 -0.0434415 -0.310011
vn -0.904684 -0.0710809 -0.420112
vn -0.879327 -0.00879019 -0.476137
vn -0.755902 -0.0526072 -0.652567
vn -0.737578 0.000412809 -0.675262
vn -0.923902 -0.113692 -0.365347
vn -0.784575 -0.108676 -0.610435
vn -0.464128 -0.0153524 -0.885635
vn -0.523324 -0.0574871 -0.850193
vn 0.977146 -0.0287723 -0.210614
vn 0.976653 -0.029473 -0.21279
vn 0.976653 -0.029473 -0.21279
vn 0.976155 -0.0301736 -0.214965
vn 0.0238511 -0.965667 0.258687
vn 0.0238373 -0.965541 0.259158
vn -0.0264779 0.936063 -0.350833
vn -0.0263763 0.936253 -0.350334
vn 0.518695 -0.329808 -0.788785
vn 0.516156 -0.249436 -0.819368
vn 0.500262 -0.550944 -0.667981
vn 0.500343 -0.0885558 -0.861286
vn 0.502182 -0.0880881 -0.860264
vn -0.0559182 -0.757723 -0.650177
vn -0.0555524 -0.741684 -0.668445
vn -0.0832509 0.554561 -0.827968
vn -0.0699046 0.632878 -0.77109
vn -0.564442 -0.115223 -0.817392
vn -0.809305 0.277619 -0.517642
vn -0.899781 0.374162 -0.22449
vn -0.988788 0.13844 0.0559651
vn -0.880159 0.470241 -0.0647491
vn -0.888642 0.451195 -0.0820827
vn -0.441824 0.611198 0.65668
vn -0.440571 0.624336 0.64506
vn -0.886735 0.438352 0.146792
vn -0.87111 0.464692 0.158837
vn -0.1832 0.484531 0.855376
vn -0.184187 0.623523 0.759799
vn -0.574916 0.424296 -0.699603
vn -0.709299 0.0690645 -0.701516
vn -0.917183 0.212831 -0.336865
vn -0.934451 0.0600063 -0.350998
vn -0.170338 0.154754 -0.973158
vn 0.2229 0.657472 -0.719754
vn 0.0877061 0.910433 -0.40425
vn -0.269781 0.906043 -0.326042
vn 0.590188 0.461255 -0.662512
vn 0.89814 0.37105 -0.235938
vn 0.61076 0.683336 -0.400031
vn 0.320686 0.871476 0.371066
vn 0.520035 0.492845 0.697616
vn 0.563882 0.300177 0.76937
vn 0.983043 0.171857 -0.0639699
vn 0.990977 -0.0588483 0.120421
vn -0.99837 0.0462682 0.0334024
vn -0.956508 0.288147 0.0454378
vn -0.682675 0.709066 -0.176581
vn -0.400641 0.23062 -0.886736
vn 0.0114346 0.879602 -0.475572
vn -0.281372 0.522543 -0.804847
vn 0.0205958 0.913473 -0.406378
vn 0.191202 0.949351 -0.249347
vn 0.254284 0.902867 -0.346656
vn 0.463558 -0.190294 0.865391
vn 0.399098 -0.253106 0.881282
vn 0.348582 -0.336501 0.87479
vn -0.473739 -0.466421 -0.747009
vn -0.232584 -0.969382 -0.0787593
vn -0.655313 -0.725094 -0.211669
vn -0.555589 -0.830414 -0.0416295
vn 0.533767 -0.0858135 0.841266
vn 0.0619893 0.978051 -0.198929
vn -0.291779 0.95496 -0.0539962
vn -0.766787 0.638214 0.068708
vn -0.964465 0.177231 0.195952
vn -0.981443 0.0518513 0.184609
vn -0.851136 -0.415476 -0.320855
vn -0.80483 -0.593265 -0.0168769
vn -0.763594 -0.643387 0.0545564
vn -0.605312 -0.31942 -0.729087
vn -0.929485 0.363604 0.062051
vn -0.758903 0.61295 0.219906
vn -0.453064 0.890529 -0.0411228
vn -0.342513 0.87612 0.339262
vn -0.107465 0.920039 0.376801
vn -0.0754503 0.996798 -0.0264935
vn -0.209173 -0.618002 0.757839
vn -0.671341 -0.426839 0.605895
vn -0.375658 -0.592306 0.712779
vn -0.0594777 -0.65064 0.757054
vn -0.0551051 -0.664791 0.744994
vn -0.88008 -0.320887 0.349986
vn -0.322745 0.670858 0.667672
vn -0.742819 0.44572 0.499554
vn -0.117795 0.64159 0.757949
vn -0.283827 -0.675405 -0.680639
vn -0.0793491 -0.554992 -0.828063
vn -0.0753601 -0.587722 -0.805546
vn 0.0147025 -0.514802 -0.857183
vn 0.18571 -0.62541 -0.757875
vn 0.266559 -0.646976 -0.7144
vn 0.596282 -0.590071 -0.544301
vn 0.63955 -0.610522 -0.467161
vn 0.707152 -0.627836 -0.325204
vn 0.72859 -0.634352 -0.258368
vn 0.373949 -0.570122 -0.731521
vn 0.45825 -0.58025 -0.673288
vn 0.286387 -0.551072 -0.783774
vn 0.283218 -0.561066 -0.777812
vn 0.707152 -0.627836 -0.325204
vn 0.72859 -0.634352 -0.258368
vn 0.751312 -0.631268 -0.192434
vn 0.757709 -0.623451 -0.192837
vn -0.34171 -0.693625 -0.634129
vn -0.304243 -0.672124 -0.675044
vn 0.0337146 -0.396462 -0.917432
vn -0.0318384 -0.395427 -0.917946
vn -0.757342 -0.62315 -0.195236
vn -0.75145 -0.631083 -0.1925
vn -0.729254 -0.634254 -0.256731
vn -0.707276 -0.628062 -0.324498
vn -0.45867 -0.580408 -0.672866
vn -0.373306 -0.570437 -0.731604
vn -0.283168 -0.561566 -0.77747
vn -0.284581 -0.551908 -0.783844
vn -0.63975 -0.610732 -0.466612
vn -0.595057 -0.59004 -0.545674
vn -0.729254 -0.634254 -0.256731
vn -0.707276 -0.628062 -0.324498
vn 0.292437 -0.653483 -0.698169
vn 0.294095 -0.693416 -0.657786
vn -0.782021 0.552541 0.288342
vn -0.87111 0.464692 0.158837
vn -0.61667 0.608951 0.498895
vn -0.440571 0.624336 0.64506
vn -0.55927 0.637515 0.529898
vn 0.7809 0.552549 0.291349
vn 0.812397 0.501698 0.29717
vn 0.599967 0.611793 0.515509
vn 0.540448 0.602543 0.587246
vn 0.441824 0.611195 0.656683
vn 0.511446 0.621277 0.593664
vn 0.00698985 -0.997025 0.0767617
vn -0.0341818 -0.999412 0.00279168
vn -0.0320377 -0.996694 0.07466
vn -0.0794457 -0.996252 0.0342201
vn -0.00290495 -0.999953 0.00923256
vn 0.0123819 -0.9998 0.0156856
vn -0.00321472 -0.999904 0.0134773
vn 0.0150374 -0.991334 0.130501
vn 0.0145054 -0.992422 0.122019
vn 0.0189861 -0.995131 0.096717
vn -7.3041e-008 -0.993316 0.115429
vn -1.43363e-006 -1 1.62424e-006
vn 1.60742e-005 -1 -1.08857e-005
vn -1.57607e-006 -1 1.73929e-006
vn 1.1428e-005 -1 -1.65483e-005
vn 3.37244e-005 -1 -2.35107e-005
vn 4.28743e-005 -1 -1.20704e-005
vn 0.00301147 -0.999039 -0.0437249
vn 0.00852241 -0.997777 -0.0660869
vn -6.64845e-008 -0.998135 -0.0610437
vn -0.46228 -0.868747 0.177698
vn -0.46228 -0.868747 0.177698
vn 0.518517 -0.837722 0.171352
vn 0.0980849 -0.994982 0.0197467
vn 0.0652023 -0.995165 0.073452
vn 0.112902 -0.992916 0.0370145
vn -0.0173199 -0.996125 0.0862265
vn 0.00321445 -0.999904 0.0134773
vn -0.012382 -0.9998 0.0156856
vn -4.27931e-005 -1 -1.20496e-005
vn -1.67284e-005 -1 -1.16285e-005
vn -3.36966e-005 -1 -2.34231e-005
vn -1.20182e-005 -1 -1.71844e-005
vn 2.39664e-007 -1 1.66154e-007
vn -8.43314e-008 -1 -9.55432e-008
vn -0.00301157 -0.999039 -0.0437249
vn -0.00852262 -0.997777 -0.0660871
vn -0.866286 -0.489415 0.100108
vn 0.462281 -0.868746 0.177699
vn 0.462281 -0.868746 0.177699
vn -0.016203 -0.994439 0.104062
vn -0.00809533 -0.995826 0.0909112


vt 0.976051 0.993884
vt 0.969114 0.993645
vt 0.976051 0.994203
vt 0.969264 0.993964
vt 0.965192 0.982238
vt 0.976051 0.982238
vt 0.965117 0.981919
vt 0.976051 0.981919
vt 0.960592 0.982557
vt 0.960064 0.981999
vt 0.96474 0.992448
vt 0.964514 0.993326
vt 0.965494 0.993087
vt 0.963382 0.983913
vt 0.965494 0.992847
vt 0.963232 0.983913
vt 0.969415 0.983674
vt 0.976051 0.983594
vt 0.969642 0.993166
vt 0.976051 0.993406
vt 0.958028 0.994921
vt 0.970094 0.993725
vt 0.959159 0.967321
vt 0.994075 0.963492
vt 0.993547 0.972745
vt 0.980878 0.991013
vt 0.960668 0.96437
vt 0.958631 0.968597
vt 0.974619 0.99524
vt 0.968586 0.992927
vt 0.993472 0.962774
vt 0.968963 0.963971
vt 0.992793 0.995958
vt 0.982839 0.993964
vt 0.982989 0.993645
vt 0.986986 0.981919
vt 0.986911 0.982238
vt 0.992039 0.981999
vt 0.991511 0.982557
vt 0.986609 0.993087
vt 0.987589 0.993326
vt 0.987363 0.992448
vt 0.988871 0.983913
vt 0.986609 0.992847
vt 0.988721 0.983913
vt 0.982461 0.993166
vt 0.982688 0.983674
vt 0.958028 0.994921
vt 0.959159 0.967321
vt 0.970094 0.993725
vt 0.993547 0.972745
vt 0.980878 0.991013
vt 0.994075 0.963492
vt 0.968586 0.992927
vt 0.958631 0.968597
vt 0.974619 0.99524
vt 0.960668 0.96437
vt 0.968963 0.963971
vt 0.992793 0.995958
vt 0.993472 0.962774
vt 0.447266 0.0150459
vt 0.445313 0.0140694
vt 0.427734 0.0150459
vt 0.427734 0.0140694
vt 0.423828 0.0130928
vt 0.427734 0.0140694
vt 0.445313 0.0130928
vt 0.445313 0.0140694
vt 0.423828 0.0130928
vt 0.427734 0.0150459
vt 0.427734 0.0140694
vt 0.00585938 0.0345772
vt 0.00585938 0.0345772
vt 0.00585938 0.0345772
vt 0.00585938 0.0345772
vt 0.541016 0.235749
vt 0.556641 0.220124
vt 0.478516 0.19864
vt 0.730469 0.236726
vt 0.730469 0.256257
vt 0.955078 0.177155
vt 0.955078 0.196687
vt 0.775391 0.177155
vt 0.775391 0.196687
vt 0.462891 0.0150459
vt 0.462891 0.0140694
vt 0.462891 0.0140694
vt 0.462891 0.0130928
vt 0.462891 0.0130928
vt 0.462891 0.0140694
vt 0.462891 0.0150459
vt 0.00585938 0.00332719
vt 0.00585938 0.00332719
vt 0.00585938 0.00332719
vt 0.466797 0.0257881
vt 0.46875 0.0560616
vt 0.478516 0.0257881
vt 0.478516 0.0560616
vt 0.488281 0.0267647
vt 0.486328 0.0560616
vt 0.443359 0.0560616
vt 0.443359 0.0267647
vt 0.439453 0.0560616
vt 0.439453 0.0267647
vt 0.458984 0.0414131
vt 0.414063 0.0414131
vt 0.457031 0.0599678
vt 0.414063 0.0599678
vt 0.464844 0.0560616
vt 0.445313 0.0267647
vt 0.447266 0.0560616
vt 0.451172 0.0257881
vt 0.451172 0.0560616
vt 0.460938 0.106843
vt 0.460938 0.106843
vt 0.460938 0.106843
vt 0.00585938 0.00137407
vt 0.00585938 0.00235063
vt 0.00585938 0.00137407
vt 0.00585938 0.00235063
vt 0.00390625 0.0345772
vt 0.00585938 0.0345772
vt 0.460938 0.106843
vt 0.460938 0.106843
vt 0.0605469 0.157624
vt 0.0722656 0.157624
vt 0.117188 0.158601
vt 0.117188 0.157624
vt 0.117188 0.122468
vt 0.0605469 0.157624
vt 0.0605469 0.121491
vt 0.230469 0.140046
vt 0.230469 0.123444
vt 0.224609 0.143952
vt 0.224609 0.121491
vt 0.261719 0.147858
vt 0.263672 0.151765
vt 0.117188 0.157624
vt 0.230469 0.123444
vt 0.230469 0.140046
vt 0.261719 0.115632
vt 0.261719 0.147858
vt 0.00585938 0.00332719
vt 0.00390625 0.00332719
vt 0.00390625 0.00332719
vt 0.431641 0.0541084
vt 0.433594 0.0355538
vt 0.457031 0.055085
vt 0.462891 0.0345772
vt 0.119141 0.159577
vt 0.121094 0.13614
vt 0.03125 0.158601
vt 0.0292969 0.137116
vt 0.207031 0.137116
vt 0.207031 0.157624
vt 0.03125 0.115632
vt 0.0292969 0.137116
vt 0.207031 0.115632
vt 0.207031 0.137116
vt 0.462891 0.0511788
vt 0.462891 0.0511788
vt 0.507813 0.0492256
vt 0.515625 0.0462959
vt 0.517578 0.0336006
vt 0.423828 0.0336006
vt 0.423828 0.0511788
vt 0.0234375 0.00137407
vt 0.0234375 0.0746163
vt 0.316406 0.00235063
vt 0.314453 0.0736397
vt 0.498047 0.0560616
vt 0.501953 0.0267647
vt 0.501953 0.0560616
vt 0.517578 0.0355538
vt 0.966797 0.0345772
vt 0.966797 0.0345772
vt 0.966797 0.0345772
vt 0.730469 0.0892647
vt 0.726563 0.147858
vt 0.75 0.0775459
vt 0.820313 0.0687569
vt 0.904297 0.0677803
vt 0.960938 0.0785225
vt 0.96875 0.144929
vt 0.933594 0.160554
vt 0.871094 0.16446
vt 0.816406 0.16446
vt 0.744141 0.157624
vt 0.955078 0.385163
vt 0.998047 0.385163
vt 0.955078 0.496491
vt 0.998047 0.496491
vt 0.427734 0.0150459
vt 0.427734 0.0140694
vt 0.447266 0.0150459
vt 0.445313 0.0140694
vt 0.445313 0.0130928
vt 0.445313 0.0140694
vt 0.423828 0.0130928
vt 0.427734 0.0140694
vt 0.427734 0.0140694
vt 0.427734 0.0150459
vt 0.423828 0.0130928
vt 0.00585938 0.0345772
vt 0.00585938 0.0345772
vt 0.990234 0.197663
vt 0.912109 0.219148
vt 0.927734 0.234773
vt 0.775391 0.177155
vt 0.775391 0.196687
vt 0.955078 0.177155
vt 0.955078 0.196687
vt 0.462891 0.0150459
vt 0.462891 0.0140694
vt 0.462891 0.0140694
vt 0.462891 0.0130928
vt 0.462891 0.0150459
vt 0.462891 0.0140694
vt 0.462891 0.0130928
vt 0.478516 0.0560616
vt 0.46875 0.0560616
vt 0.478516 0.0257881
vt 0.466797 0.0257881
vt 0.486328 0.0560616
vt 0.488281 0.0267647
vt 0.439453 0.0560616
vt 0.439453 0.0267647
vt 0.443359 0.0560616
vt 0.443359 0.0267647
vt 0.414063 0.0599678
vt 0.414063 0.0414131
vt 0.457031 0.0599678
vt 0.458984 0.0414131
vt 0.464844 0.0560616
vt 0.447266 0.0560616
vt 0.445313 0.0267647
vt 0.451172 0.0560616
vt 0.451172 0.0257881
vt 0.460938 0.10489
vt 0.460938 0.10489
vt 0.460938 0.10489
vt 0.460938 0.10489
vt 0.460938 0.10489
vt 0.00585938 0.00137407
vt 0.00585938 0.00235063
vt 0.00585938 0.0345772
vt 0.00390625 0.0345772
vt 0.460938 0.103913
vt 0.460938 0.10489
vt 0.162109 0.157624
vt 0.173828 0.157624
vt 0.173828 0.157624
vt 0.171875 0.121491
vt 0.296875 0.120515
vt 0.292969 0.123444
vt 0.298828 0.141999
vt 0.292969 0.140046
vt 0.292969 0.123444
vt 0.292969 0.140046
vt 0.00390625 0.00235063
vt 0.00390625 0.00235063
vt 0.00390625 0.00235063
vt 0.00390625 0.00235063
vt 0.00390625 0.00235063
vt 0.00585938 0.00235063
vt 0.457031 0.055085
vt 0.462891 0.0345772
vt 0.431641 0.0541084
vt 0.433594 0.0355538
vt 0.03125 0.158601
vt 0.0292969 0.137116
vt 0.119141 0.159577
vt 0.121094 0.13614
vt 0.207031 0.137116
vt 0.207031 0.157624
vt 0.207031 0.115632
vt 0.207031 0.137116
vt 0.03125 0.115632
vt 0.0292969 0.137116
vt 0.462891 0.0511788
vt 0.517578 0.0336006
vt 0.515625 0.0462959
vt 0.507813 0.0492256
vt 0.462891 0.0511788
vt 0.423828 0.0336006
vt 0.423828 0.0511788
vt 0.316406 0.00235063
vt 0.316406 0.0736397
vt 0.501953 0.0560616
vt 0.498047 0.0560616
vt 0.501953 0.0267647
vt 0.517578 0.0355538
vt 0.966797 0.0336006
vt 0.966797 0.0336006
vt 0.966797 0.0336006
vt 0.744141 0.156648
vt 0.726563 0.146882
vt 0.816406 0.163483
vt 0.871094 0.162507
vt 0.933594 0.158601
vt 0.96875 0.142976
vt 0.960938 0.0775459
vt 0.904297 0.0668038
vt 0.820313 0.0677803
vt 0.75 0.0755928
vt 0.730469 0.0882881
vt 0.955078 0.272858
vt 0.998047 0.272858
vt 0.460938 0.10489
vt 0.460938 0.10489
vt 0.460938 0.10489
vt 0.460938 0.10489
vt 0.0703125 0.348054
vt 0.00976563 0.357819
vt 0.0703125 0.356843
vt 0.0703125 0.315827
vt 0.00976563 0.297273
vt 0.0703125 0.301179
vt 0.0703125 0.28946
vt 0.078125 0.0218819
vt 0.169922 0.0218819
vt 0.078125 0.0365303
vt 0.0507813 0.344148
vt 0.0566406 0.363679
vt 0.0605469 0.35196
vt 0.0449219 0.366608
vt 0.03125 0.366608
vt 0.0175781 0.363679
vt 0.0253906 0.344148
vt 0.015625 0.35196
vt 0.0742188 0.336335
vt 0.00390625 0.333405
vt 0.0742188 0.355866
vt 0.00390625 0.359773
vt 0.0742188 0.330476
vt 0.00390625 0.324616
vt 0.0742188 0.327546
vt 0.0742188 0.321687
vt 0.00390625 0.298249
vt 0.0742188 0.302155
vt 0.0742188 0.365632
vt 0.00390625 0.367585
vt 0.0742188 0.372468
vt 0.0742188 0.362702
vt 0.478516 0.0785225
vt 0.435547 0.0785225
vt 0.507813 0.0941475
vt 0.435547 0.13028
vt 0.478516 0.13028
vt 0.40625 0.114655
vt 0.507813 0.115632
vt 0.40625 0.0931709
vt 0.474609 0.214265
vt 0.0878906 0.214265
vt 0.474609 0.269929
vt 0.0859375 0.270905
vt 0.0878906 0.268952
vt 0.0878906 0.324616
vt 0.791016 0.268952
vt 0.791016 0.324616
vt 0.466797 0.0257881
vt 0.466797 0.0257881
vt 0.466797 0.0169991
vt 0.466797 0.0169991
vt 0.466797 0.0599678
vt 0.466797 0.0599678
vt 0.466797 0.0257881
vt 0.466797 0.0257881
vt 0.466797 0.0257881
vt 0.466797 0.0257881
vt 0.466797 0.0169991
vt 0.466797 0.0169991
vt 0.466797 0.0599678
vt 0.466797 0.0599678
vt 0.466797 0.0257881
vt 0.466797 0.0257881
vt 0.466797 0.0257881
vt 0.466797 0.0257881
vt 0.466797 0.0169991
vt 0.466797 0.0169991
vt 0.466797 0.0599678
vt 0.466797 0.0599678
vt 0.466797 0.0257881
vt 0.466797 0.0257881
vt 0.46875 0.0169991
vt 0.46875 0.0257881
vt 0.46875 0.0257881
vt 0.46875 0.0599678
vt 0.46875 0.0169991
vt 0.466797 0.0257881
vt 0.466797 0.0257881
vt 0.466797 0.0599678
vt 0.466797 0.0169991
vt 0.466797 0.0257881
vt 0.466797 0.0257881
vt 0.466797 0.0599678
vt 0.652344 0.112702
vt 0.630859 0.0765694
vt 0.667969 0.0961006
vt 0.583984 0.0941475
vt 0.570313 0.0648506
vt 0.583984 0.0941475
vt 0.568359 0.116608
vt 0.568359 0.0843819
vt 0.570313 0.0648506
vt 0.65625 0.159577
vt 0.691406 0.159577
vt 0.582031 0.186921
vt 0.568359 0.187898
vt 0.568359 0.187898
vt 0.582031 0.186921
vt 0.691406 0.159577
vt 0.65625 0.159577
vt 0.582031 0.186921
vt 0.00195313 0.350007
vt 0.0800781 0.353913
vt 0.0800781 0.346101
vt 0.00195313 0.334382
vt 0.0800781 0.338288
vt 0.0800781 0.330476
vt 0.00195313 0.31778
vt 0.0800781 0.321687
vt 0.0800781 0.313874
vt 0.00195313 0.302155
vt 0.0800781 0.306062
vt 0.00195313 0.365632
vt 0.0800781 0.369538
vt 0.0800781 0.361726
vt 0.330078 0.438874
vt 0.240234 0.400788
vt 0.203125 0.438874
vt 0.240234 0.47696
vt 0.330078 0.492585
vt 0.419922 0.47696
vt 0.457031 0.438874
vt 0.419922 0.400788
vt 0.330078 0.385163
vt 0.0664063 0.353913
vt 0.0117188 0.357819
vt 0.0117188 0.348054
vt 0.0683594 0.337312
vt 0.0136719 0.339265
vt 0.015625 0.331452
vt 0.0683594 0.318757
vt 0.015625 0.32364
vt 0.015625 0.315827
vt 0.0664063 0.301179
vt 0.0136719 0.307038
vt 0.0117188 0.298249
vt 0.0664063 0.369538
vt 0.0117188 0.367585
vt 0.115234 0.422273
vt 0.0664063 0.400788
vt 0.046875 0.422273
vt 0.0664063 0.444733
vt 0.115234 0.454499
vt 0.162109 0.444733
vt 0.181641 0.422273
vt 0.162109 0.400788
vt 0.115234 0.391023
vt 0.115234 0.451569
vt 0.175781 0.422273
vt 0.0527344 0.422273
vt 0.115234 0.393952
vt 0.34375 0.433015
vt 0.316406 0.433015
vt 0.34375 0.444733
vt 0.316406 0.444733
vt 0.351563 0.430085
vt 0.310547 0.430085
vt 0.351563 0.447663
vt 0.310547 0.447663
vt 0.667969 0.0961006
vt 0.630859 0.0765694
vt 0.652344 0.112702
vt 0.570313 0.0648506
vt 0.583984 0.0941475
vt 0.568359 0.0843819
vt 0.568359 0.116608
vt 0.583984 0.0941475
vt 0.570313 0.0648506
vt 0.568359 0.187898
vt 0.691406 0.159577
vt 0.582031 0.186921
vt 0.65625 0.159577
vt 0.582031 0.186921
vt 0.568359 0.187898
vt 0.65625 0.159577
vt 0.691406 0.159577
vt 0.582031 0.186921
vt 0.0800781 0.346101
vt 0.0800781 0.353913
vt 0.00195313 0.350007
vt 0.0800781 0.338288
vt 0.00195313 0.334382
vt 0.0800781 0.330476
vt 0.0800781 0.321687
vt 0.00195313 0.31778
vt 0.0800781 0.313874
vt 0.0800781 0.306062
vt 0.00195313 0.302155
vt 0.0800781 0.361726
vt 0.0800781 0.369538
vt 0.00195313 0.365632
vt 0.203125 0.438874
vt 0.240234 0.400788
vt 0.285156 0.457429
vt 0.419922 0.47696
vt 0.330078 0.492585
vt 0.457031 0.438874
vt 0.419922 0.400788
vt 0.330078 0.385163
vt 0.0117188 0.348054
vt 0.0117188 0.357819
vt 0.0664063 0.353913
vt 0.0136719 0.339265
vt 0.0683594 0.337312
vt 0.015625 0.331452
vt 0.015625 0.32364
vt 0.0683594 0.318757
vt 0.015625 0.315827
vt 0.0136719 0.307038
vt 0.0664063 0.301179
vt 0.0117188 0.298249
vt 0.0117188 0.367585
vt 0.0664063 0.369538
vt 0.046875 0.422273
vt 0.0664063 0.400788
vt 0.115234 0.422273
vt 0.0664063 0.444733
vt 0.115234 0.454499
vt 0.162109 0.444733
vt 0.181641 0.422273
vt 0.162109 0.400788
vt 0.115234 0.391023
vt 0.115234 0.393952
vt 0.175781 0.422273
vt 0.0527344 0.422273
vt 0.115234 0.451569
vt 0.316406 0.444733
vt 0.316406 0.433015
vt 0.34375 0.444733
vt 0.34375 0.433015
vt 0.324219 0.435944
vt 0.351563 0.447663
vt 0.550781 0.375398
vt 0.59375 0.410554
vt 0.517578 0.41739
vt 0.753906 0.333405
vt 0.865234 0.334382
vt 0.71875 0.402741
vt 0.84375 0.398835
vt 0.804688 0.484773
vt 0.667969 0.488679
vt 0.546875 0.495515
vt 0.615234 0.332429
vt 0.517578 0.41739
vt 0.59375 0.410554
vt 0.550781 0.375398
vt 0.84375 0.398835
vt 0.865234 0.334382
vt 0.71875 0.402741
vt 0.753906 0.333405
vt 0.667969 0.488679
vt 0.804688 0.484773
vt 0.546875 0.495515
vt 0.615234 0.332429
vt 0.84375 0.406648
vt 0.71875 0.410554
vt 0.865234 0.334382
vt 0.753906 0.333405
vt 0.84375 0.406648
vt 0.865234 0.334382
vt 0.71875 0.410554
vt 0.753906 0.333405
vt 0.350868 1.22057
vt 0.350868 1.22057
vt 0.350868 1.22057
vt 0.350868 1.22057
vt 0.350868 1.22057
vt 0.350868 1.22057
vt 0.350868 1.22057
vt 0.350868 1.22057
vt 0.350868 1.22057
vt 0.350868 1.22057
vt 0.350868 1.22057
vt 0.350868 1.22057
vt 0.350868 1.22057
vt 0.350868 1.22057
vt 0.350868 1.22057
vt 0.350868 1.22057
vt 0.350868 1.22057
vt 0.350868 1.22057
vt 0.350868 1.22057
vt 0.350868 1.22057
vt 0.350868 1.22057
vt 0.350868 1.22057
vt 0.350868 1.22057
vt 0.350868 1.22057
vt 0.350868 1.22057
vt 0.350868 1.22057
vt 0.350868 1.22057
vt 0.350868 1.22057
vt 0.350868 1.22057
vt 0.350868 1.22057
vt 0.350868 1.22057
vt 0.350868 1.22057
vt 0.350868 1.22057
vt 0.350868 1.22057
vt 0.350868 1.22057
vt 0.352821 1.22447
vt 0.352821 1.22447
vt 0.352821 1.22447
vt 0.352821 1.22447
vt 0.350868 1.22057
vt 0.350868 1.22057
vt 0.350868 1.22057
vt 0.350868 1.22057
vt 0.350868 1.22057
vt 0.350868 1.22057
vt 0.350868 1.22057
vt 0.350868 1.22057
vt 0.350868 1.22057
vt 0.350868 1.22057
vt 0.350868 1.22057
vt 0.350868 1.22057
vt 0.350868 1.22057
vt 0.350868 1.22057
vt 0.350868 1.22057
vt 0.350868 1.22057
vt 0.350868 1.22057
vt 0.350868 1.22057
vt 0.350868 1.22057
vt 0.350868 1.22057
vt 0.350868 1.22057
vt 0.350868 1.22057
vt 0.350868 1.22057
vt 0.350868 1.22057
vt 0.350868 1.22057
vt 0.350868 1.22057
vt 0.350868 1.22057
vt 0.350868 1.22057
vt 0.350868 1.22057
vt 0.350868 1.22057
vt 0.350868 1.22057
vt 0.350868 1.22057
vt 0.350868 1.22057
vt 0.350868 1.22057
vt 0.350868 1.22057
vt 0.350868 1.22057
vt 0.350868 1.22057
vt 0.350868 1.22057
vt 0.350868 1.22057
vt 0.350868 1.22057
vt 0.350868 1.22057
vt 0.350868 1.22057
vt 0.350868 1.22057
vt 0.350868 1.22057
vt 0.350868 1.22057
vt 0.350868 1.22057
vt 0.350868 1.22057
vt 0.350868 1.22057
vt 0.350868 1.22057
vt 0.350868 1.22057
vt 0.350868 1.22057
vt 0.350868 1.22057
vt 0.350868 1.22057
vt 0.350868 1.22057
vt 0.350868 1.22057
vt 0.350868 1.22057
vt 0.350868 1.22057
vt 0.350868 1.22057
vt 0.350868 1.22057
vt 0.350868 1.22057
vt 0.350868 1.22057
vt 0.350868 1.22057
vt 0.350868 1.22057
vt 0.350868 1.22057
vt 0.350868 1.22057
vt 0.350868 1.22057
vt 0.350868 1.22057
vt 0.350868 1.22057
vt 0.350868 1.22057
vt 0.350868 1.22057
vt 0.350868 1.22057
vt 0.350868 1.22057
vt 0.350868 1.22057
vt 0.352821 1.22447
vt 0.352821 1.22447
vt 0.352821 1.22447
vt 0.352821 1.22447
vt 0.350868 1.22057
vt 0.350868 1.22057
vt 0.350868 1.22057
vt 0.350868 1.22057
vt 0.350868 1.22057
vt 0.350868 1.22057
vt 0.350868 1.22057
vt 0.350868 1.22057
vt 0.350868 1.22057
vt 0.350868 1.22057
vt 0.350868 1.22057
vt 0.350868 1.22057
vt 0.350868 1.22057
vt 0.350868 1.22057
vt 0.350868 1.22057
vt 0.350868 1.22057
vt 0.350868 1.22057
vt 0.350868 1.22057
vt 0.350868 1.22057
vt 0.350868 1.22057
vt 0.350868 1.22057
vt 0.350868 1.22057
vt 0.350868 1.22057
vt 0.350868 1.22057
vt 0.350868 1.22057
vt 0.350868 1.22057
vt 0.350868 1.22057
vt 0.350868 1.22057
vt 0.350868 1.22057
vt 0.350868 1.22057
vt 0.350868 1.22057
vt 0.350868 1.22057
vt 0.350868 1.22057
vt 0.350868 1.22057
vt 0.350868 1.22057
vt 0.350868 1.22057
vt 0.350868 1.22057
vt 0.350868 1.22057
vt 0.350868 1.22057
vt 0.350868 1.22057
vt 0.350868 1.22057
vt 0.350868 1.22057
vt 0.350868 1.22057
vt 0.350868 1.22057
vt 0.350868 1.22057
vt 0.350868 1.22057
vt 0.350868 1.22057
vt 0.350868 1.22057
vt 0.350868 1.22057
vt 0.350868 1.22057
vt 0.350868 1.22057
vt 0.350868 1.22057
vt 0.350868 1.22057
vt 0.350868 1.22057
vt 0.350868 1.22057
vt 0.350868 1.22057
vt 0.350868 1.22057
vt 0.350868 1.22057
vt 0.350868 1.22057
vt 0.350868 1.22057
vt 0.350868 1.22057
vt 0.350868 1.22057
vt 0.350868 1.22057
vt 0.350868 1.22057
vt 0.350868 1.22057
vt 0.350868 1.22057
vt 0.350868 1.22057
vt 0.350868 1.22057
vt 0.350868 1.22057
vt 0.350868 1.22057
vt 0.350868 1.22057
vt 0.350868 1.22057
vt 0.350868 1.22057
vt 0.350868 1.22057
vt 0.350868 1.22057
vt 0.350868 1.22057
vt 0.350868 1.22057
vt 0.350868 1.22057
vt 0.350868 1.22057
vt 0.350868 1.22057
vt 0.350868 1.22057
vt 0.350868 1.22057
vt 0.350868 1.22057
vt 0.350868 1.22057
vt 0.350868 1.22057
vt 0.350868 1.22057
vt 0.350868 1.22057
vt 0.350868 1.22057
vt 0.350868 1.22057
vt 0.350868 1.22057
vt 0.350868 1.22057
vt 0.599609 0.894531
vt 0.609375 0.910156
vt 0.75 0.895508
vt 0.75 0.913086
vt 0.609375 0.910156
vt 0.599609 0.894531
vt 0.591797 0.90918
vt 0.583984 0.893555
vt 0.636719 0.942383
vt 0.75 0.946289
vt 0.669922 0.618164
vt 0.675781 0.609375
vt 0.708984 0.631836
vt 0.708984 0.623047
vt 0.75 0.616211
vt 0.751953 0.62207
vt 0.710938 0.617188
vt 0.708984 0.623047
vt 0.648438 0.577148
vt 0.654297 0.575195
vt 0.675781 0.609375
vt 0.681641 0.605469
vt 0.787109 0.605469
vt 0.78125 0.602539
vt 0.857422 0.616211
vt 0.798828 0.608398
vt 0.855469 0.595703
vt 0.195313 0.630859
vt 0.193359 0.62207
vt 0.240234 0.618164
vt 0.236328 0.611328
vt 0.269531 0.588867
vt 0.261719 0.585938
vt 0.150391 0.624023
vt 0.15625 0.617188
vt 0.339844 0.675781
vt 0.199219 0.679688
vt 0.248047 0.628906
vt 0.195313 0.642578
vt 0.339844 0.675781
vt 0.34375 0.691406
vt 0.199219 0.679688
vt 0.199219 0.695313
vt 0.144531 0.634766
vt 0.150391 0.624023
vt 0.195313 0.642578
vt 0.195313 0.630859
vt 0.103516 0.681641
vt 0.0976563 0.650391
vt 0.126953 0.681641
vt 0.144531 0.634766
vt 0.150391 0.680664
vt 0.710938 0.664063
vt 0.707031 0.649414
vt 0.759766 0.65332
vt 0.757813 0.639648
vt 0.345703 0.691406
vt 0.341797 0.675781
vt 0.605469 0.676758
vt 0.603516 0.660156
vt 0.341797 0.675781
vt 0.34375 0.592773
vt 0.603516 0.660156
vt 0.599609 0.584961
vt 0.857422 0.616211
vt 0.863281 0.62793
vt 0.605469 0.660156
vt 0.601563 0.584961
vt 0.634766 0.658203
vt 0.640625 0.580078
vt 0.28125 0.59082
vt 0.341797 0.592773
vt 0.966797 0.536133
vt 0.966797 0.536133
vt 0.966797 0.536133
vt 0.966797 0.536133
vt 0.966797 0.536133
vt 0.966797 0.536133
vt 0.966797 0.536133
vt 0.966797 0.536133
vt 0.966797 0.535156
vt 0.966797 0.535156
vt 0.966797 0.535156
vt 0.966797 0.535156
vt 0.966797 0.535156
vt 0.966797 0.535156
vt 0.966797 0.535156
vt 0.966797 0.535156
vt 0.966797 0.536133
vt 0.966797 0.536133
vt 0.966797 0.536133
vt 0.966797 0.536133
vt 0.966797 0.536133
vt 0.966797 0.536133
vt 0.966797 0.536133
vt 0.966797 0.536133
vt 0.804688 0.575195
vt 0.8125 0.578125
vt 0.816406 0.542969
vt 0.816406 0.519531
vt 0.824219 0.542969
vt 0.824219 0.519531
vt 0.0996094 0.569336
vt 0.0898438 0.52832
vt 0.107422 0.567383
vt 0.0996094 0.527344
vt 0.117188 0.603516
vt 0.125 0.597656
vt 0.0742188 0.577148
vt 0.0703125 0.556641
vt 0.0898438 0.569336
vt 0.0839844 0.535156
vt 0.0800781 0.611328
vt 0.078125 0.603516
vt 0.105469 0.608398
vt 0.0996094 0.598633
vt 0.105469 0.608398
vt 0.0800781 0.618164
vt 0.0800781 0.614258
vt 0.0800781 0.780273
vt 0.0859375 0.757813
vt 0.0761719 0.776367
vt 0.0722656 0.755859
vt 0.0859375 0.757813
vt 0.0898438 0.749023
vt 0.0722656 0.755859
vt 0.0761719 0.748047
vt 0.0820313 0.52832
vt 0.0898438 0.52832
vt 0.0839844 0.535156
vt 0.103516 0.811523
vt 0.107422 0.788086
vt 0.0703125 0.810547
vt 0.0761719 0.785156
vt 0.257813 0.838867
vt 0.257813 0.833984
vt 0.207031 0.838867
vt 0.210938 0.833984
vt 0.0976563 0.847656
vt 0.0976563 0.838867
vt 0.0664063 0.845703
vt 0.0664063 0.836914
vt 0.181641 0.838867
vt 0.179688 0.848633
vt 0.207031 0.838867
vt 0.257813 0.838867
vt 0.257813 0.849609
vt 0.179688 0.853516
vt 0.173828 0.857422
vt 0.257813 0.853516
vt 0.257813 0.857422
vt 0.257813 0.849609
vt 0.179688 0.848633
vt 0.0976563 0.856445
vt 0.0976563 0.852539
vt 0.0800781 0.855469
vt 0.0625 0.852539
vt 0.123047 0.759766
vt 0.109375 0.783203
vt 0.123047 0.759766
vt 0.121094 0.75
vt 0.183594 0.750977
vt 0.181641 0.760742
vt 0.257813 0.75
vt 0.257813 0.761719
vt 0.257813 0.833984
vt 0.257813 0.785156
vt 0.210938 0.833984
vt 0.205078 0.829102
vt 0.197266 0.785156
vt 0.197266 0.785156
vt 0.181641 0.760742
vt 0.257813 0.761719
vt 0.257813 0.785156
vt 0.173828 0.926758
vt 0.175781 0.94043
vt 0.257813 0.926758
vt 0.257813 0.939453
vt 0.173828 0.858398
vt 0.173828 0.886719
vt 0.257813 0.858398
vt 0.257813 0.885742
vt 0.0800781 0.611328
vt 0.0976563 0.847656
vt 0.0683594 0.850586
vt 0.0664063 0.845703
vt 0.966797 0.536133
vt 0.966797 0.536133
vt 0.248047 0.628906
vt 0.240234 0.618164
vt 0.28125 0.59082
vt 0.269531 0.588867
vt 0.117188 0.603516
vt 0.105469 0.608398
vt 0.0996094 0.598633
vt 0.0898438 0.569336
vt 0.0996094 0.569336
vt 0.205078 0.829102
vt 0.197266 0.785156
vt 0.197266 0.813477
vt 0.195313 0.790039
vt 0.199219 0.832031
vt 0.197266 0.813477
vt 0.199219 0.832031
vt 0.105469 0.608398
vt 0.0898438 0.634766
vt 0.0800781 0.618164
vt 0.755859 0.629883
vt 0.751953 0.62207
vt 0.648438 0.577148
vt 0.640625 0.580078
vt 0.798828 0.608398
vt 0.787109 0.605469
vt 0.8125 0.578125
vt 0.808594 0.597656
vt 0.107422 0.788086
vt 0.109375 0.783203
vt 0.0761719 0.785156
vt 0.0800781 0.780273
vt 0.195313 0.790039
vt 0.197266 0.785156
vt 0.0761719 0.776367
vt 0.0722656 0.780273
vt 0.0722656 0.755859
vt 0.0722656 0.780273
vt 0.0625 0.804688
vt 0.0585938 0.834961
vt 0.0585938 0.844727
vt 0.0585938 0.844727
vt 0.0585938 0.847656
vt 0.632813 0.679688
vt 0.615234 0.676758
vt 0.634766 0.658203
vt 0.863281 0.8125
vt 0.837891 0.8125
vt 0.857422 0.828125
vt 0.828125 0.829102
vt 0.9375 0.828125
vt 0.939453 0.810547
vt 0.912109 0.828125
vt 0.917969 0.811523
vt 0.953125 0.828125
vt 0.955078 0.80957
vt 0.75 0.829102
vt 0.75 0.813477
vt 0.847656 0.868164
vt 0.828125 0.831055
vt 0.835938 0.863281
vt 0.820313 0.834961
vt 0.75 0.830078
vt 0.75 0.833008
vt 0.828125 0.831055
vt 0.820313 0.834961
vt 0.847656 0.868164
vt 0.835938 0.863281
vt 0.75 0.869141
vt 0.75 0.864258
vt 0.828125 0.831055
vt 0.847656 0.867188
vt 0.857422 0.828125
vt 0.863281 0.875
vt 0.878906 0.873047
vt 0.861328 0.875977
vt 0.847656 0.868164
vt 0.75 0.87793
vt 0.75 0.869141
vt 0.857422 0.828125
vt 0.863281 0.8125
vt 0.816406 0.519531
vt 0.816406 0.509766
vt 0.824219 0.519531
vt 0.808594 0.597656
vt 0.8125 0.578125
vt 0.857422 0.580078
vt 0.0976563 0.886719
vt 0.0996094 0.857422
vt 0.230469 0.625
vt 0.261719 0.617188
vt 0.224609 0.623047
vt 0.261719 0.612305
vt 0.0605469 0.65918
vt 0.117188 0.660156
vt 0.117188 0.65918
vt 0.966797 0.535156
vt 0.966797 0.535156
vt 0.966797 0.536133
vt 0.966797 0.536133
vt 0.636719 0.942383
vt 0.619141 0.941406
vt 0.966797 0.536133
vt 0.15625 0.697266
vt 0.150391 0.680664
vt 0.195313 0.790039
vt 0.755859 0.629883
vt 0.757813 0.639648
vt 0.708984 0.631836
vt 0.707031 0.649414
vt 0.966797 0.535156
vt 0.966797 0.535156
vt 0.572266 0.875977
vt 0.587891 0.876953
vt 0.587891 0.876953
vt 0.75 0.883789
vt 0.554688 0.891602
vt 0.558594 0.90625
vt 0.568359 0.9375
vt 0.550781 0.868164
vt 0.349609 0.541992
vt 0.283203 0.535156
vt 0.601563 0.53418
vt 0.636719 0.527344
vt 0.642578 0.506836
vt 0.636719 0.527344
vt 0.275391 0.511719
vt 0.283203 0.535156
vt 0.599609 0.538086
vt 0.351563 0.544922
vt 0.292969 0.543945
vt 0.636719 0.527344
vt 0.642578 0.527344
vt 0.275391 0.538086
vt 0.283203 0.535156
vt 0.275391 0.511719
vt 0.349609 0.541992
vt 0.292969 0.543945
vt 0.292969 0.543945
vt 0.283203 0.535156
vt 0.628906 0.533203
vt 0.636719 0.527344
vt 0.601563 0.53418
vt 0.628906 0.533203
vt 0.628906 0.533203
vt 0.642578 0.527344
vt 0.851563 0.518555
vt 0.855469 0.547852
vt 0.824219 0.519531
vt 0.824219 0.542969
vt 0.863281 0.8125
vt 0.859375 0.783203
vt 0.837891 0.8125
vt 0.837891 0.789063
vt 0.84375 0.783203
vt 0.849609 0.732422
vt 0.841797 0.734375
vt 0.916016 0.730469
vt 0.914063 0.737305
vt 0.939453 0.730469
vt 0.9375 0.737305
vt 0.955078 0.730469
vt 0.953125 0.737305
vt 0.849609 0.732422
vt 0.857422 0.730469
vt 0.853516 0.509766
vt 0.851563 0.518555
vt 0.8125 0.578125
vt 0.857422 0.580078
vt 0.939453 0.779297
vt 0.939453 0.810547
vt 0.955078 0.772461
vt 0.955078 0.80957
vt 0.9375 0.737305
vt 0.953125 0.737305
vt 0.917969 0.811523
vt 0.916016 0.783203
vt 0.75 0.789063
vt 0.75 0.813477
vt 0.835938 0.78418
vt 0.835938 0.739258
vt 0.833984 0.787109
vt 0.833984 0.743164
vt 0.75 0.78418
vt 0.835938 0.78418
vt 0.75 0.787109
vt 0.833984 0.787109
vt 0.833984 0.743164
vt 0.835938 0.739258
vt 0.75 0.742188
vt 0.75 0.739258
vt 0.837891 0.789063
vt 0.84375 0.783203
vt 0.835938 0.78418
vt 0.835938 0.739258
vt 0.841797 0.734375
vt 0.837891 0.789063
vt 0.835938 0.78418
vt 0.75 0.789063
vt 0.75 0.78418
vt 0.75 0.733398
vt 0.75 0.739258
vt 0.841797 0.734375
vt 0.835938 0.739258
vt 0.914063 0.737305
vt 0.855469 0.595703
vt 0.808594 0.597656
vt 0.669922 0.618164
vt 0.605469 0.660156
vt 0.607422 0.676758
vt 0.966797 0.536133
vt 0.966797 0.536133
vt 0.966797 0.536133
vt 0.0976563 0.926758
vt 0.103516 0.942383
vt 0.126953 0.681641
vt 0.144531 0.710938
vt 0.919922 0.514648
vt 0.96875 0.513672
vt 0.919922 0.513672
vt 0.96875 0.512695
vt 0.96875 0.506836
vt 0.919922 0.507813
vt 0.912109 0.513672
vt 0.914063 0.508789
vt 0.912109 0.507813
vt 0.927734 0.505859
vt 0.919922 0.505859
vt 0.916016 0.503906
vt 0.917969 0.505859
vt 0.927734 0.505859
vt 0.917969 0.505859
vt 0.914063 0.505859
vt 0.919922 0.514648
vt 0.970703 0.513672
vt 0.921875 0.514648
vt 0.966797 0.503906
vt 0.919922 0.503906
vt 0.96875 0.506836
vt 0.919922 0.505859
vt 0.927734 0.505859
vt 0.916016 0.503906
vt 0.994141 0.511719
vt 0.982422 0.506836
vt 0.996094 0.503906
vt 0.992188 0.512695
vt 0.994141 0.511719
vt 0.992188 0.503906
vt 0.996094 0.503906
vt 0.96875 0.505859
vt 0.910156 0.508789
vt 0.910156 0.513672
vt 0.917969 0.513672
vt 0.919922 0.514648
vt 0.970703 0.513672
vt 0.970703 0.513672
vt 0.970703 0.513672
vt 0.96875 0.513672
vt 0.96875 0.512695
vt 0.966797 0.536133
vt 0.966797 0.536133
vt 0.966797 0.536133
vt 0.966797 0.535156
vt 0.966797 0.535156
vt 0.966797 0.536133
vt 0.966797 0.536133
vt 0.966797 0.536133
vt 0.966797 0.535156
vt 0.966797 0.535156
vt 0.966797 0.535156
vt 0.966797 0.535156
vt 0.966797 0.535156
vt 0.966797 0.535156
vt 0.966797 0.536133
vt 0.966797 0.536133
vt 0.966797 0.536133
vt 0.966797 0.536133
vt 0.966797 0.535156
vt 0.966797 0.535156
vt 0.902344 0.894531
vt 0.892578 0.910156
vt 0.908203 0.90918
vt 0.917969 0.893555
vt 0.892578 0.910156
vt 0.902344 0.894531
vt 0.865234 0.942383
vt 0.708984 0.631836
vt 0.708984 0.623047
vt 0.669922 0.618164
vt 0.675781 0.609375
vt 0.710938 0.617188
vt 0.708984 0.623047
vt 0.75 0.616211
vt 0.751953 0.62207
vt 0.675781 0.609375
vt 0.681641 0.605469
vt 0.648438 0.577148
vt 0.654297 0.575195
vt 0.78125 0.602539
vt 0.787109 0.605469
vt 0.855469 0.595703
vt 0.798828 0.608398
vt 0.857422 0.616211
vt 0.240234 0.618164
vt 0.236328 0.611328
vt 0.195313 0.630859
vt 0.193359 0.62207
vt 0.261719 0.585938
vt 0.269531 0.588867
vt 0.150391 0.624023
vt 0.15625 0.617188
vt 0.195313 0.642578
vt 0.199219 0.679688
vt 0.248047 0.628906
vt 0.339844 0.675781
vt 0.199219 0.695313
vt 0.34375 0.691406
vt 0.199219 0.679688
vt 0.339844 0.675781
vt 0.195313 0.642578
vt 0.195313 0.630859
vt 0.144531 0.634766
vt 0.150391 0.624023
vt 0.126953 0.681641
vt 0.144531 0.634766
vt 0.103516 0.681641
vt 0.0976563 0.650391
vt 0.150391 0.680664
vt 0.759766 0.65332
vt 0.757813 0.639648
vt 0.710938 0.664063
vt 0.707031 0.649414
vt 0.603516 0.660156
vt 0.341797 0.675781
vt 0.605469 0.676758
vt 0.345703 0.691406
vt 0.603516 0.660156
vt 0.599609 0.584961
vt 0.341797 0.675781
vt 0.34375 0.592773
vt 0.857422 0.616211
vt 0.863281 0.62793
vt 0.634766 0.658203
vt 0.640625 0.580078
vt 0.605469 0.660156
vt 0.601563 0.584961
vt 0.341797 0.592773
vt 0.28125 0.59082
vt 0.966797 0.535156
vt 0.966797 0.535156
vt 0.966797 0.535156
vt 0.966797 0.535156
vt 0.966797 0.535156
vt 0.966797 0.535156
vt 0.966797 0.535156
vt 0.966797 0.535156
vt 0.966797 0.535156
vt 0.966797 0.535156
vt 0.966797 0.535156
vt 0.966797 0.535156
vt 0.0898438 0.682617
vt 0.107422 0.704102
vt 0.103516 0.681641
vt 0.125 0.708984
vt 0.966797 0.535156
vt 0.966797 0.535156
vt 0.966797 0.535156
vt 0.966797 0.535156
vt 0.8125 0.578125
vt 0.804688 0.575195
vt 0.824219 0.542969
vt 0.824219 0.519531
vt 0.816406 0.542969
vt 0.816406 0.519531
vt 0.107422 0.567383
vt 0.0996094 0.527344
vt 0.0996094 0.569336
vt 0.0898438 0.52832
vt 0.117188 0.603516
vt 0.125 0.597656
vt 0.0898438 0.569336
vt 0.0839844 0.535156
vt 0.0742188 0.577148
vt 0.0703125 0.556641
vt 0.105469 0.608398
vt 0.0996094 0.598633
vt 0.0800781 0.611328
vt 0.078125 0.603516
vt 0.0800781 0.614258
vt 0.0800781 0.618164
vt 0.105469 0.608398
vt 0.443359 0.755859
vt 0.431641 0.757813
vt 0.439453 0.776367
vt 0.435547 0.780273
vt 0.443359 0.755859
vt 0.441406 0.748047
vt 0.431641 0.757813
vt 0.425781 0.749023
vt 0.443359 0.755859
vt 0.451172 0.748047
vt 0.441406 0.748047
vt 0.445313 0.810547
vt 0.439453 0.785156
vt 0.412109 0.811523
vt 0.408203 0.788086
vt 0.310547 0.838867
vt 0.304688 0.833984
vt 0.451172 0.845703
vt 0.449219 0.836914
vt 0.419922 0.847656
vt 0.417969 0.838867
vt 0.333984 0.838867
vt 0.310547 0.838867
vt 0.335938 0.848633
vt 0.335938 0.853516
vt 0.341797 0.857422
vt 0.335938 0.848633
vt 0.417969 0.856445
vt 0.417969 0.852539
vt 0.435547 0.855469
vt 0.449219 0.850586
vt 0.394531 0.759766
vt 0.408203 0.783203
vt 0.408203 0.749023
vt 0.394531 0.759766
vt 0.333984 0.750977
vt 0.333984 0.760742
vt 0.318359 0.785156
vt 0.3125 0.829102
vt 0.304688 0.833984
vt 0.318359 0.785156
vt 0.333984 0.760742
vt 0.341797 0.926758
vt 0.339844 0.94043
vt 0.341797 0.858398
vt 0.341797 0.886719
vt 0.0800781 0.611328
vt 0.451172 0.845703
vt 0.419922 0.847656
vt 0.966797 0.535156
vt 0.966797 0.535156
vt 0.269531 0.588867
vt 0.240234 0.618164
vt 0.28125 0.59082
vt 0.248047 0.628906
vt 0.0996094 0.598633
vt 0.105469 0.608398
vt 0.117188 0.603516
vt 0.0996094 0.569336
vt 0.0898438 0.52832
vt 0.0898438 0.569336
vt 0.0839844 0.535156
vt 0.318359 0.813477
vt 0.322266 0.790039
vt 0.3125 0.829102
vt 0.318359 0.785156
vt 0.318359 0.813477
vt 0.316406 0.832031
vt 0.316406 0.832031
vt 0.0898438 0.634766
vt 0.105469 0.608398
vt 0.0800781 0.618164
vt 0.755859 0.629883
vt 0.751953 0.62207
vt 0.648438 0.577148
vt 0.640625 0.580078
vt 0.787109 0.605469
vt 0.798828 0.608398
vt 0.808594 0.597656
vt 0.8125 0.578125
vt 0.378906 0.75
vt 0.439453 0.785156
vt 0.435547 0.780273
vt 0.408203 0.788086
vt 0.408203 0.783203
vt 0.322266 0.790039
vt 0.318359 0.785156
vt 0.445313 0.780273
vt 0.439453 0.776367
vt 0.443359 0.755859
vt 0.445313 0.780273
vt 0.453125 0.804688
vt 0.458984 0.834961
vt 0.458984 0.844727
vt 0.458984 0.844727
vt 0.457031 0.847656
vt 0.453125 0.852539
vt 0.634766 0.658203
vt 0.615234 0.676758
vt 0.632813 0.679688
vt 0.638672 0.8125
vt 0.644531 0.828125
vt 0.662109 0.8125
vt 0.673828 0.829102
vt 0.589844 0.828125
vt 0.583984 0.811523
vt 0.564453 0.828125
vt 0.5625 0.810547
vt 0.548828 0.828125
vt 0.546875 0.80957
vt 0.666016 0.863281
vt 0.681641 0.834961
vt 0.654297 0.868164
vt 0.673828 0.831055
vt 0.673828 0.831055
vt 0.681641 0.834961
vt 0.654297 0.868164
vt 0.666016 0.863281
vt 0.644531 0.828125
vt 0.623047 0.873047
vt 0.638672 0.875
vt 0.640625 0.875977
vt 0.654297 0.868164
vt 0.644531 0.828125
vt 0.638672 0.8125
vt 0.824219 0.519531
vt 0.816406 0.509766
vt 0.816406 0.519531
vt 0.857422 0.580078
vt 0.8125 0.578125
vt 0.808594 0.597656
vt 0.417969 0.886719
vt 0.417969 0.857422
vt 0.296875 0.62207
vt 0.292969 0.625
vt 0.173828 0.65918
vt 0.966797 0.535156
vt 0.966797 0.535156
vt 0.966797 0.535156
vt 0.882813 0.941406
vt 0.865234 0.942383
vt 0.966797 0.535156
vt 0.966797 0.535156
vt 0.966797 0.535156
vt 0.150391 0.680664
vt 0.15625 0.697266
vt 0.322266 0.790039
vt 0.708984 0.631836
vt 0.707031 0.649414
vt 0.755859 0.629883
vt 0.757813 0.639648
vt 0.654297 0.867188
vt 0.673828 0.831055
vt 0.966797 0.535156
vt 0.966797 0.535156
vt 0.912109 0.876953
vt 0.929688 0.875977
vt 0.912109 0.876953
vt 0.947266 0.891602
vt 0.943359 0.90625
vt 0.931641 0.9375
vt 0.951172 0.868164
vt 0.636719 0.527344
vt 0.283203 0.535156
vt 0.601563 0.53418
vt 0.349609 0.541992
vt 0.275391 0.511719
vt 0.283203 0.535156
vt 0.642578 0.506836
vt 0.636719 0.527344
vt 0.351563 0.544922
vt 0.599609 0.538086
vt 0.292969 0.543945
vt 0.642578 0.527344
vt 0.636719 0.527344
vt 0.283203 0.535156
vt 0.275391 0.538086
vt 0.275391 0.511719
vt 0.292969 0.543945
vt 0.349609 0.541992
vt 0.283203 0.535156
vt 0.292969 0.543945
vt 0.636719 0.527344
vt 0.628906 0.533203
vt 0.628906 0.533203
vt 0.601563 0.53418
vt 0.628906 0.533203
vt 0.642578 0.527344
vt 0.824219 0.519531
vt 0.824219 0.542969
vt 0.851563 0.518555
vt 0.855469 0.547852
vt 0.658203 0.783203
vt 0.640625 0.783203
vt 0.664063 0.789063
vt 0.662109 0.8125
vt 0.638672 0.8125
vt 0.652344 0.732422
vt 0.660156 0.734375
vt 0.5625 0.730469
vt 0.564453 0.737305
vt 0.585938 0.730469
vt 0.587891 0.737305
vt 0.546875 0.730469
vt 0.548828 0.737305
vt 0.652344 0.732422
vt 0.644531 0.730469
vt 0.853516 0.509766
vt 0.851563 0.518555
vt 0.857422 0.580078
vt 0.8125 0.578125
vt 0.546875 0.772461
vt 0.546875 0.80957
vt 0.560547 0.779297
vt 0.5625 0.810547
vt 0.548828 0.737305
vt 0.564453 0.737305
vt 0.583984 0.811523
vt 0.583984 0.783203
vt 0.667969 0.787109
vt 0.667969 0.743164
vt 0.666016 0.78418
vt 0.666016 0.739258
vt 0.667969 0.787109
vt 0.666016 0.78418
vt 0.667969 0.743164
vt 0.666016 0.739258
vt 0.666016 0.78418
vt 0.658203 0.783203
vt 0.664063 0.789063
vt 0.660156 0.734375
vt 0.666016 0.739258
vt 0.664063 0.789063
vt 0.666016 0.78418
vt 0.660156 0.734375
vt 0.666016 0.739258
vt 0.587891 0.737305
vt 0.855469 0.595703
vt 0.808594 0.597656
vt 0.669922 0.618164
vt 0.607422 0.676758
vt 0.605469 0.660156
vt 0.078125 0.682617
vt 0.0898438 0.696289
vt 0.126953 0.681641
vt 0.144531 0.710938
vt 0.417969 0.926758
vt 0.414063 0.942383
vt 0.919922 0.513672
vt 0.96875 0.512695
vt 0.919922 0.514648
vt 0.96875 0.513672
vt 0.96875 0.506836
vt 0.919922 0.507813
vt 0.914063 0.508789
vt 0.912109 0.513672
vt 0.919922 0.505859
vt 0.927734 0.505859
vt 0.912109 0.507813
vt 0.927734 0.505859
vt 0.917969 0.505859
vt 0.916016 0.503906
vt 0.914063 0.505859
vt 0.917969 0.505859
vt 0.970703 0.513672
vt 0.919922 0.514648
vt 0.921875 0.514648
vt 0.96875 0.506836
vt 0.919922 0.505859
vt 0.966797 0.503906
vt 0.919922 0.503906
vt 0.916016 0.503906
vt 0.927734 0.505859
vt 0.996094 0.503906
vt 0.982422 0.506836
vt 0.994141 0.511719
vt 0.994141 0.503906
vt 0.996094 0.503906
vt 0.992188 0.512695
vt 0.994141 0.511719
vt 0.96875 0.505859
vt 0.910156 0.508789
vt 0.910156 0.513672
vt 0.917969 0.513672
vt 0.919922 0.514648
vt 0.970703 0.513672
vt 0.96875 0.513672
vt 0.970703 0.513672
vt 0.970703 0.513672
vt 0.96875 0.512695
vt 0.966797 0.535156
vt 0.966797 0.535156
vt 0.966797 0.535156
vt 0.966797 0.535156
vt 0.966797 0.535156
vt 0.966797 0.535156
vt 0.966797 0.535156
vt 0.966797 0.535156
vt 0.966797 0.535156
vt 0.966797 0.535156
vt 0.966797 0.535156
vt 0.966797 0.535156
vt 0.966797 0.535156
vt 0.966797 0.535156
vt 0.966797 0.535156
vt 0.849609 0.732422
vt 0.845703 0.731445
vt 0.841797 0.734375
vt 0.660156 0.734375
vt 0.65625 0.731445
vt 0.652344 0.732422
vt 0.9375 0.724609
vt 0.939453 0.730469
vt 0.951172 0.724609
vt 0.955078 0.730469
vt 0.914063 0.724609
vt 0.916016 0.730469
vt 0.859375 0.724609
vt 0.857422 0.730469
vt 0.851563 0.50293
vt 0.853516 0.509766
vt 0.816406 0.50293
vt 0.816406 0.509766
vt 0.857422 0.730469
vt 0.859375 0.724609
vt 0.75 0.733398
vt 0.75 0.730469
vt 0.816406 0.50293
vt 0.816406 0.509766
vt 0.851563 0.50293
vt 0.853516 0.509766
vt 0.587891 0.724609
vt 0.585938 0.730469
vt 0.642578 0.724609
vt 0.644531 0.730469
vt 0.564453 0.724609
vt 0.5625 0.730469
vt 0.550781 0.724609
vt 0.546875 0.730469
vt 0.644531 0.730469
vt 0.642578 0.724609
vt 0.966797 0.535156
vt 0.966797 0.535156
vt 0.966797 0.535156
vt 0.966797 0.535156
vt 0.966797 0.535156
vt 0.123047 0.707031
vt 0.103516 0.681641
vt 0.105469 0.703125
vt 0.0898438 0.682617
vt 0.078125 0.682617
vt 0.0898438 0.696289
vt 0.949025 0.979774
vt 0.928711 0.979774
vt 0.949025 0.970741
vt 0.94419 0.970741
vt 0.933643 0.971082
vt 0.933692 0.967274
vt 0.944142 0.96742
vt 0.950343 0.971815
vt 0.950636 0.97538
vt 0.950001 0.970008
vt 0.950734 0.979774
vt 0.927051 0.968983
vt 0.927686 0.968104
vt 0.926563 0.970252
vt 0.926025 0.973475
vt 0.928711 0.971082
vt 0.928711 0.967518
vt 0.928711 0.971082
vt 0.926025 0.974256
vt 0.925732 0.979774
vt 0.926025 0.974256
vt 0.926025 0.973475
vt 0.928711 0.971082
vt 0.933643 0.988466
vt 0.949025 0.987587
vt 0.94419 0.988808
vt 0.949025 0.988808
vt 0.944142 0.992128
vt 0.933692 0.992275
vt 0.928711 0.992031
vt 0.927686 0.991445
vt 0.928711 0.988466
vt 0.926025 0.986073
vt 0.926563 0.989296
vt 0.927051 0.990566
vt 0.928711 0.988466
vt 0.926025 0.985292
vt 0.928711 0.988466
vt 0.926025 0.986073
vt 0.926025 0.985292
vt 0.950636 0.984169
vt 0.950392 0.986855


g car01

f 1/1/1 2/2/2 3/3/3
f 4/4/4 3/3/3 2/2/2
f 5/5/5 6/6/6 7/7/7
f 8/8/8 7/7/7 6/6/6
f 9/9/9 5/5/5 10/10/10
f 7/7/7 10/10/10 5/5/5
f 6/6/6 5/5/5 1/1/1
f 2/2/2 1/1/1 5/5/5
f 11/11/11 12/12/12 13/13/13
f 13/13/13 2/2/2 11/11/11
f 11/11/11 2/2/2 9/9/9
f 9/9/9 2/2/2 5/5/5
f 9/9/9 10/10/10 11/11/11
f 12/12/12 11/11/11 10/10/10
f 2/2/2 13/13/13 4/4/4
f 12/12/12 4/4/4 13/13/13
f 14/14/14 15/15/15 16/16/16
f 17/17/17 18/18/18 19/19/19
f 20/20/20 19/19/19 18/18/18
f 21/21/21 22/22/22 23/23/23
f 23/23/23 22/22/22 24/24/24
f 25/25/25 24/24/24 26/26/26
f 24/24/24 22/22/22 26/26/26
f 27/27/27 28/28/28 29/29/29
f 30/30/30 29/29/29 28/28/28
f 31/31/31 32/32/32 33/33/33
f 29/29/29 33/33/33 32/32/32
f 27/27/27 29/29/29 32/32/32
f 14/14/14 17/17/17 15/15/15
f 19/19/19 15/15/15 17/17/17
f 34/34/34 35/35/35 3/3/3
f 1/1/1 3/3/3 35/35/35
f 8/8/8 6/6/6 36/36/36
f 37/37/37 36/36/36 6/6/6
f 36/36/36 37/37/37 38/38/38
f 39/39/39 38/38/38 37/37/37
f 35/35/35 37/37/37 1/1/1
f 6/6/6 1/1/1 37/37/37
f 40/40/40 41/41/41 42/42/42
f 37/37/37 35/35/35 39/39/39
f 39/39/39 35/35/35 42/42/42
f 42/42/42 35/35/35 40/40/40
f 41/41/41 38/38/38 42/42/42
f 39/39/39 42/42/42 38/38/38
f 41/41/41 40/40/40 34/34/34
f 35/35/35 34/34/34 40/40/40
f 43/43/43 44/44/44 45/45/45
f 20/20/20 18/18/18 46/46/46
f 47/47/47 46/46/46 18/18/18
f 48/48/48 49/49/49 50/50/50
f 51/51/51 52/52/52 53/53/53
f 52/52/52 50/50/50 53/53/53
f 50/50/50 49/49/49 53/53/53
f 54/54/54 55/55/55 56/56/56
f 57/57/57 56/56/56 55/55/55
f 56/56/56 58/58/58 59/59/59
f 60/60/60 59/59/59 58/58/58
f 58/58/58 56/56/56 57/57/57
f 46/46/46 47/47/47 44/44/44
f 45/45/45 44/44/44 47/47/47
f 61/61/61 62/62/62 63/63/63
f 64/64/64 63/63/63 62/62/62
f 65/65/65 66/66/66 67/67/67
f 68/68/68 67/67/67 66/66/66
f 69/69/69 70/70/70 71/71/71
f 72/72/72 73/73/73 74/74/74
f 75/75/75 74/74/74 73/73/73
f 76/76/76 77/77/77 78/78/78
f 77/77/77 76/76/76 79/79/79
f 80/80/80 79/79/79 76/76/76
f 81/81/81 82/82/82 83/83/83
f 84/84/84 83/83/83 82/82/82
f 85/85/85 86/86/86 61/61/61
f 62/62/62 61/61/61 86/86/86
f 87/87/87 88/88/88 68/68/68
f 67/67/67 68/68/68 88/88/88
f 89/89/89 90/90/90 91/91/91
f 92/92/92 93/93/93 94/94/94
f 95/95/95 96/96/96 97/97/97
f 98/98/98 97/97/97 96/96/96
f 97/97/97 98/98/98 99/99/99
f 100/100/100 99/99/99 98/98/98
f 101/101/101 102/102/102 103/103/103
f 104/104/104 103/103/103 102/102/102
f 105/105/105 106/106/106 107/107/107
f 108/108/108 107/107/107 106/106/106
f 96/96/96 95/95/95 109/109/109
f 110/110/110 102/102/102 111/111/111
f 101/101/101 111/111/111 102/102/102
f 110/110/110 111/111/111 112/112/112
f 113/113/113 112/112/112 111/111/111
f 114/114/114 115/115/115 116/116/116
f 109/109/109 95/95/95 113/113/113
f 112/112/112 113/113/113 95/95/95
f 117/117/117 118/118/118 119/119/119
f 120/120/120 119/119/119 118/118/118
f 121/121/121 122/122/122 75/75/75
f 74/74/74 75/75/75 122/122/122
f 116/116/116 115/115/115 123/123/123
f 124/124/124 123/123/123 115/115/115
f 125/125/125 126/126/126 127/127/127
f 128/128/128 129/129/129 130/130/130
f 131/131/131 130/130/130 129/129/129
f 132/132/132 133/133/133 134/134/134
f 135/135/135 134/134/134 133/133/133
f 136/136/136 132/132/132 137/137/137
f 134/134/134 137/137/137 132/132/132
f 138/138/138 127/127/127 126/126/126
f 139/139/139 140/140/140 141/141/141
f 142/142/142 141/141/141 140/140/140
f 143/143/143 144/144/144 145/145/145
f 146/146/146 147/147/147 148/148/148
f 149/149/149 148/148/148 147/147/147
f 150/150/150 151/151/151 152/152/152
f 153/153/153 152/152/152 151/151/151
f 151/151/151 150/150/150 154/154/154
f 155/155/155 154/154/154 150/150/150
f 156/156/156 157/157/157 158/158/158
f 159/159/159 158/158/158 157/157/157
f 148/148/148 149/149/149 160/160/160
f 161/161/161 149/149/149 162/162/162
f 162/162/162 149/149/149 163/163/163
f 163/163/163 149/149/149 164/164/164
f 147/147/147 146/146/146 165/165/165
f 166/166/166 165/165/165 146/146/146
f 167/167/167 168/168/168 169/169/169
f 170/170/170 169/169/169 168/168/168
f 100/100/100 171/171/171 99/99/99
f 99/99/99 171/171/171 172/172/172
f 172/172/172 171/171/171 173/173/173
f 163/163/163 164/164/164 174/174/174
f 175/175/175 176/176/176 177/177/177
f 178/178/178 179/179/179 180/180/180
f 180/180/180 179/179/179 181/181/181
f 181/181/181 179/179/179 182/182/182
f 182/182/182 179/179/179 183/183/183
f 183/183/183 179/179/179 184/184/184
f 184/184/184 179/179/179 185/185/185
f 185/185/185 179/179/179 186/186/186
f 186/186/186 179/179/179 187/187/187
f 187/187/187 179/179/179 188/188/188
f 189/189/189 190/190/190 191/191/191
f 192/192/192 191/191/191 190/190/190
f 193/193/193 194/194/194 195/195/195
f 196/196/196 195/195/195 194/194/194
f 197/197/197 198/198/198 199/199/199
f 200/200/200 199/199/199 198/198/198
f 201/201/201 202/202/202 203/203/203
f 204/204/204 205/205/205 72/72/72
f 73/73/73 72/72/72 205/205/205
f 206/206/206 207/207/207 208/208/208
f 79/79/79 80/80/80 207/207/207
f 208/208/208 207/207/207 80/80/80
f 209/209/209 210/210/210 211/211/211
f 212/212/212 211/211/211 210/210/210
f 195/195/195 196/196/196 213/213/213
f 214/214/214 213/213/213 196/196/196
f 198/198/198 197/197/197 215/215/215
f 216/216/216 215/215/215 197/197/197
f 217/217/217 218/218/218 219/219/219
f 220/220/220 221/221/221 222/222/222
f 223/223/223 222/222/222 221/221/221
f 224/224/224 220/220/220 225/225/225
f 222/222/222 225/225/225 220/220/220
f 226/226/226 227/227/227 228/228/228
f 229/229/229 228/228/228 227/227/227
f 230/230/230 231/231/231 232/232/232
f 233/233/233 232/232/232 231/231/231
f 234/234/234 223/223/223 221/221/221
f 235/235/235 228/228/228 236/236/236
f 229/229/229 236/236/236 228/228/228
f 237/237/237 235/235/235 238/238/238
f 236/236/236 238/238/238 235/235/235
f 239/239/239 240/240/240 241/241/241
f 242/242/242 243/243/243 240/240/240
f 241/241/241 240/240/240 243/243/243
f 238/238/238 223/223/223 237/237/237
f 234/234/234 237/237/237 223/223/223
f 244/244/244 245/245/245 117/117/117
f 118/118/118 117/117/117 245/245/245
f 204/204/204 246/246/246 205/205/205
f 247/247/247 205/205/205 246/246/246
f 248/248/248 240/240/240 249/249/249
f 239/239/239 249/249/249 240/240/240
f 127/127/127 250/250/250 251/251/251
f 252/252/252 253/253/253 128/128/128
f 129/129/129 128/128/128 253/253/253
f 254/254/254 255/255/255 256/256/256
f 257/257/257 256/256/256 255/255/255
f 256/256/256 257/257/257 137/137/137
f 136/136/136 137/137/137 257/257/257
f 250/250/250 127/127/127 138/138/138
f 141/141/141 142/142/142 258/258/258
f 259/259/259 258/258/258 142/142/142
f 260/260/260 261/261/261 262/262/262
f 263/263/263 264/264/264 265/265/265
f 266/266/266 267/267/267 268/268/268
f 269/269/269 268/268/268 267/267/267
f 270/270/270 271/271/271 272/272/272
f 273/273/273 272/272/272 271/271/271
f 274/274/274 275/275/275 273/273/273
f 272/272/272 273/273/273 275/275/275
f 276/276/276 277/277/277 278/278/278
f 279/279/279 278/278/278 277/277/277
f 280/280/280 267/267/267 266/266/266
f 281/281/281 267/267/267 282/282/282
f 282/282/282 267/267/267 283/283/283
f 283/283/283 267/267/267 284/284/284
f 285/285/285 286/286/286 269/269/269
f 268/268/268 269/269/269 286/286/286
f 287/287/287 288/288/288 167/167/167
f 168/168/168 167/167/167 288/288/288
f 289/289/289 290/290/290 291/291/291
f 291/291/291 290/290/290 225/225/225
f 225/225/225 290/290/290 224/224/224
f 282/282/282 292/292/292 281/281/281
f 293/293/293 294/294/294 295/295/295
f 296/296/296 297/297/297 298/298/298
f 298/298/298 297/297/297 299/299/299
f 299/299/299 297/297/297 300/300/300
f 300/300/300 297/297/297 301/301/301
f 301/301/301 297/297/297 302/302/302
f 302/302/302 297/297/297 303/303/303
f 303/303/303 297/297/297 304/304/304
f 304/304/304 297/297/297 305/305/305
f 305/305/305 297/297/297 306/306/306
f 307/307/307 308/308/308 189/189/189
f 190/190/190 189/189/189 308/308/308
f 309/309/309 310/310/310 311/311/311
f 312/312/312 311/311/311 310/310/310
f 313/313/313 314/314/314 315/315/315
f 313/313/313 316/316/316 314/314/314
f 317/317/317 314/314/314 316/316/316
f 318/318/318 317/317/317 316/316/316
f 319/319/319 317/317/317 318/318/318
f 320/320/320 321/321/321 322/322/322
f 323/323/323 324/324/324 325/325/325
f 324/324/324 323/323/323 326/326/326
f 326/326/326 323/323/323 327/327/327
f 328/328/328 327/327/327 329/329/329
f 327/327/327 323/323/323 329/329/329
f 329/329/329 330/330/330 328/328/328
f 331/331/331 332/332/332 333/333/333
f 334/334/334 333/333/333 332/332/332
f 335/335/335 332/332/332 331/331/331
f 336/336/336 332/332/332 337/337/337
f 335/335/335 337/337/337 332/332/332
f 338/338/338 336/336/336 337/337/337
f 339/339/339 336/336/336 340/340/340
f 338/338/338 340/340/340 336/336/336
f 341/341/341 342/342/342 343/343/343
f 334/334/334 342/342/342 344/344/344
f 341/341/341 344/344/344 342/342/342
f 333/333/333 334/334/334 344/344/344
f 345/345/345 346/346/346 347/347/347
f 348/348/348 349/349/349 350/350/350
f 349/349/349 351/351/351 350/350/350
f 350/350/350 351/351/351 352/352/352
f 351/351/351 347/347/347 352/352/352
f 347/347/347 346/346/346 352/352/352
f 353/353/353 354/354/354 355/355/355
f 356/356/356 355/355/355 354/354/354
f 357/357/357 358/358/358 359/359/359
f 360/360/360 359/359/359 358/358/358
f 361/361/361 362/362/362 363/363/363
f 364/364/364 363/363/363 362/362/362
f 365/365/365 366/366/366 367/367/367
f 368/368/368 367/367/367 366/366/366
f 369/369/369 370/370/370 371/371/371
f 372/372/372 371/371/371 370/370/370
f 373/373/373 374/374/374 375/375/375
f 376/376/376 375/375/375 374/374/374
f 377/377/377 378/378/378 379/379/379
f 380/380/380 379/379/379 378/378/378
f 381/381/381 382/382/382 383/383/383
f 384/384/384 383/383/383 382/382/382
f 364/364/364 362/362/362 385/385/385
f 386/386/386 385/385/385 362/362/362
f 368/368/368 366/366/366 387/387/387
f 388/388/388 387/387/387 366/366/366
f 372/372/372 370/370/370 389/389/389
f 390/390/390 389/389/389 370/370/370
f 376/376/376 374/374/374 391/391/391
f 392/392/392 391/391/391 374/374/374
f 380/380/380 378/378/378 393/393/393
f 394/394/394 393/393/393 378/378/378
f 384/384/384 382/382/382 395/395/395
f 396/396/396 395/395/395 382/382/382
f 397/397/397 398/398/398 399/399/399
f 400/400/400 401/401/401 397/397/397
f 398/398/398 397/397/397 401/401/401
f 402/402/402 403/403/403 404/404/404
f 402/402/402 404/404/404 405/405/405
f 406/406/406 407/407/407 408/408/408
f 409/409/409 408/408/408 407/407/407
f 410/410/410 403/403/403 411/411/411
f 402/402/402 411/411/411 403/403/403
f 399/399/399 412/412/412 397/397/397
f 413/413/413 397/397/397 412/412/412
f 414/414/414 400/400/400 413/413/413
f 397/397/397 413/413/413 400/400/400
f 415/415/415 416/416/416 417/417/417
f 415/415/415 417/417/417 418/418/418
f 419/419/419 418/418/418 417/417/417
f 418/418/418 419/419/419 420/420/420
f 418/418/418 420/420/420 421/421/421
f 422/422/422 421/421/421 420/420/420
f 421/421/421 422/422/422 423/423/423
f 421/421/421 423/423/423 424/424/424
f 425/425/425 424/424/424 423/423/423
f 426/426/426 427/427/427 428/428/428
f 426/426/426 428/428/428 415/415/415
f 416/416/416 415/415/415 428/428/428
f 429/429/429 430/430/430 431/431/431
f 429/429/429 431/431/431 432/432/432
f 429/429/429 432/432/432 433/433/433
f 429/429/429 433/433/433 434/434/434
f 429/429/429 434/434/434 435/435/435
f 429/429/429 435/435/435 436/436/436
f 429/429/429 436/436/436 437/437/437
f 429/429/429 437/437/437 430/430/430
f 438/438/438 439/439/439 440/440/440
f 438/438/438 440/440/440 441/441/441
f 442/442/442 441/441/441 440/440/440
f 441/441/441 442/442/442 443/443/443
f 441/441/441 443/443/443 444/444/444
f 445/445/445 444/444/444 443/443/443
f 444/444/444 445/445/445 446/446/446
f 444/444/444 446/446/446 447/447/447
f 448/448/448 447/447/447 446/446/446
f 447/447/447 448/448/448 449/449/449
f 450/450/450 451/451/451 438/438/438
f 439/439/439 438/438/438 451/451/451
f 452/452/452 453/453/453 454/454/454
f 452/452/452 454/454/454 455/455/455
f 452/452/452 455/455/455 456/456/456
f 452/452/452 456/456/456 457/457/457
f 452/452/452 457/457/457 458/458/458
f 452/452/452 458/458/458 459/459/459
f 452/452/452 459/459/459 460/460/460
f 452/452/452 460/460/460 453/453/453
f 461/461/461 462/462/462 463/463/463
f 464/464/464 463/463/463 462/462/462
f 465/465/465 466/466/466 467/467/467
f 468/468/468 467/467/467 466/466/466
f 469/469/469 470/470/470 465/465/465
f 466/466/466 465/465/465 470/470/470
f 471/471/471 469/469/469 467/467/467
f 465/465/465 467/467/467 469/469/469
f 472/472/472 471/471/471 468/468/468
f 467/467/467 468/468/468 471/471/471
f 470/470/470 472/472/472 466/466/466
f 468/468/468 466/466/466 472/472/472
f 473/473/473 474/474/474 475/475/475
f 474/474/474 476/476/476 475/475/475
f 477/477/477 475/475/475 476/476/476
f 478/478/478 479/479/479 480/480/480
f 481/481/481 478/478/478 480/480/480
f 482/482/482 483/483/483 484/484/484
f 485/485/485 484/484/484 483/483/483
f 480/480/480 479/479/479 486/486/486
f 487/487/487 486/486/486 479/479/479
f 488/488/488 489/489/489 475/475/475
f 473/473/473 475/475/475 489/489/489
f 475/475/475 477/477/477 488/488/488
f 490/490/490 488/488/488 477/477/477
f 491/491/491 492/492/492 493/493/493
f 494/494/494 491/491/491 495/495/495
f 493/493/493 495/495/495 491/491/491
f 496/496/496 494/494/494 495/495/495
f 497/497/497 496/496/496 498/498/498
f 495/495/495 498/498/498 496/496/496
f 499/499/499 497/497/497 498/498/498
f 500/500/500 499/499/499 501/501/501
f 498/498/498 501/501/501 499/499/499
f 502/502/502 503/503/503 504/504/504
f 492/492/492 502/502/502 493/493/493
f 504/504/504 493/493/493 502/502/502
f 505/505/505 506/506/506 507/507/507
f 508/508/508 509/509/509 507/507/507
f 510/510/510 508/508/508 507/507/507
f 511/511/511 510/510/510 507/507/507
f 512/512/512 511/511/511 507/507/507
f 506/506/506 512/512/512 507/507/507
f 513/513/513 514/514/514 515/515/515
f 516/516/516 513/513/513 517/517/517
f 515/515/515 517/517/517 513/513/513
f 518/518/518 516/516/516 517/517/517
f 519/519/519 518/518/518 520/520/520
f 517/517/517 520/520/520 518/518/518
f 521/521/521 519/519/519 520/520/520
f 522/522/522 521/521/521 523/523/523
f 520/520/520 523/523/523 521/521/521
f 524/524/524 522/522/522 523/523/523
f 514/514/514 525/525/525 515/515/515
f 526/526/526 515/515/515 525/525/525
f 527/527/527 528/528/528 529/529/529
f 530/530/530 527/527/527 529/529/529
f 531/531/531 530/530/530 529/529/529
f 532/532/532 531/531/531 529/529/529
f 533/533/533 532/532/532 529/529/529
f 534/534/534 533/533/533 529/529/529
f 535/535/535 534/534/534 529/529/529
f 528/528/528 535/535/535 529/529/529
f 536/536/536 537/537/537 538/538/538
f 539/539/539 538/538/538 537/537/537
f 540/540/540 541/541/541 542/542/542
f 543/543/543 542/542/542 541/541/541
f 543/543/543 541/541/541 544/544/544
f 543/543/543 544/544/544 542/542/542
f 545/545/545 542/542/542 544/544/544
f 542/542/542 545/545/545 540/540/540
f 544/544/544 540/540/540 545/545/545
f 541/541/541 540/540/540 544/544/544
f 546/546/546 547/547/547 548/548/548
f 549/549/549 550/550/550 551/551/551
f 552/552/552 551/551/551 550/550/550
f 553/553/553 554/554/554 552/552/552
f 551/551/551 552/552/552 554/554/554
f 547/547/547 555/555/555 548/548/548
f 554/554/554 555/555/555 547/547/547
f 556/556/556 549/549/549 547/547/547
f 551/551/551 547/547/547 549/549/549
f 547/547/547 546/546/546 556/556/556
f 554/554/554 547/547/547 551/551/551
f 557/557/557 558/558/558 559/559/559
f 560/560/560 561/561/561 562/562/562
f 563/563/563 562/562/562 561/561/561
f 562/562/562 564/564/564 560/560/560
f 565/565/565 560/560/560 564/564/564
f 557/557/557 566/566/566 558/558/558
f 558/558/558 566/566/566 564/564/564
f 562/562/562 563/563/563 558/558/558
f 567/567/567 558/558/558 563/563/563
f 567/567/567 559/559/559 558/558/558
f 562/562/562 558/558/558 564/564/564
f 568/568/568 569/569/569 570/570/570
f 571/571/571 570/570/570 569/569/569
f 572/572/572 573/573/573 574/574/574
f 575/575/575 574/574/574 573/573/573
f 576/576/576 577/577/577 578/578/578
f 579/579/579 578/578/578 577/577/577
f 580/580/580 581/581/581 582/582/582
f 583/583/583 582/582/582 581/581/581
f 584/584/584 585/585/585 586/586/586
f 587/587/587 588/588/588 589/589/589
f 588/588/588 586/586/586 589/589/589
f 586/586/586 585/585/585 589/589/589
f 587/587/587 589/589/589 590/590/590
f 591/591/591 592/592/592 593/593/593
f 592/592/592 590/590/590 593/593/593
f 590/590/590 589/589/589 593/593/593
f 594/594/594 585/585/585 595/595/595
f 595/595/595 585/585/585 596/596/596
f 596/596/596 585/585/585 597/597/597
f 597/597/597 585/585/585 584/584/584
f 598/598/598 599/599/599 600/600/600
f 600/600/600 599/599/599 601/601/601
f 602/602/602 601/601/601 603/603/603
f 601/601/601 599/599/599 603/603/603
f 604/604/604 605/605/605 606/606/606
f 606/606/606 605/605/605 607/607/607
f 607/607/607 605/605/605 608/608/608
f 608/608/608 605/605/605 609/609/609
f 609/609/609 605/605/605 610/610/610
f 598/598/598 610/610/610 599/599/599
f 610/610/610 605/605/605 599/599/599
f 611/611/611 612/612/612 613/613/613
f 614/614/614 613/613/613 612/612/612
f 615/615/615 616/616/616 617/617/617
f 618/618/618 615/615/615 619/619/619
f 617/617/617 619/619/619 615/615/615
f 620/620/620 621/621/621 622/622/622
f 623/623/623 624/624/624 625/625/625
f 626/626/626 625/625/625 624/624/624
f 627/627/627 628/628/628 626/626/626
f 625/625/625 626/626/626 628/628/628
f 629/629/629 630/630/630 621/621/621
f 631/631/631 621/621/621 630/630/630
f 632/632/632 633/633/633 634/634/634
f 635/635/635 634/634/634 633/633/633
f 634/634/634 635/635/635 636/636/636
f 637/637/637 636/636/636 635/635/635
f 622/622/622 621/621/621 638/638/638
f 639/639/639 638/638/638 621/621/621
f 621/621/621 640/640/640 629/629/629
f 641/641/641 629/629/629 640/640/640
f 642/642/642 639/639/639 643/643/643
f 643/643/643 639/639/639 631/631/631
f 631/631/631 639/639/639 621/621/621
f 643/643/643 631/631/631 644/644/644
f 645/645/645 646/646/646 647/647/647
f 648/648/648 647/647/647 646/646/646
f 649/649/649 650/650/650 651/651/651
f 652/652/652 651/651/651 650/650/650
f 653/653/653 654/654/654 655/655/655
f 656/656/656 655/655/655 654/654/654
f 657/657/657 658/658/658 659/659/659
f 660/660/660 659/659/659 658/658/658
f 661/661/661 662/662/662 663/663/663
f 663/663/663 662/662/662 664/664/664
f 665/665/665 664/664/664 666/666/666
f 664/664/664 662/662/662 666/666/666
f 665/665/665 667/667/667 664/664/664
f 664/664/664 667/667/667 668/668/668
f 669/669/669 668/668/668 670/670/670
f 668/668/668 667/667/667 670/670/670
f 671/671/671 672/672/672 673/673/673
f 661/661/661 663/663/663 674/674/674
f 663/663/663 673/673/673 674/674/674
f 673/673/673 672/672/672 674/674/674
f 675/675/675 676/676/676 677/677/677
f 678/678/678 679/679/679 680/680/680
f 679/679/679 677/677/677 680/680/680
f 677/677/677 676/676/676 680/680/680
f 681/681/681 682/682/682 683/683/683
f 683/683/683 682/682/682 684/684/684
f 684/684/684 682/682/682 685/685/685
f 685/685/685 686/686/686 684/684/684
f 675/675/675 677/677/677 687/687/687
f 677/677/677 684/684/684 687/687/687
f 684/684/684 686/686/686 687/687/687
f 688/688/688 689/689/689 690/690/690
f 691/691/691 690/690/690 689/689/689
f 692/692/692 693/693/693 694/694/694
f 692/692/692 694/694/694 695/695/695
f 696/696/696 695/695/695 694/694/694
f 697/697/697 698/698/698 699/699/699
f 700/700/700 701/701/701 702/702/702
f 703/703/703 702/702/702 701/701/701
f 702/702/702 704/704/704 700/700/700
f 705/705/705 700/700/700 704/704/704
f 706/706/706 698/698/698 707/707/707
f 708/708/708 709/709/709 710/710/710
f 711/711/711 710/710/710 709/709/709
f 712/712/712 708/708/708 713/713/713
f 710/710/710 713/713/713 708/708/708
f 639/639/639 698/698/698 638/638/638
f 697/697/697 638/638/638 698/698/698
f 714/714/714 715/715/715 716/716/716
f 698/698/698 716/716/716 715/715/715
f 707/707/707 698/698/698 717/717/717
f 717/717/717 698/698/698 642/642/642
f 642/642/642 698/698/698 639/639/639
f 718/718/718 707/707/707 717/717/717
f 719/719/719 720/720/720 721/721/721
f 722/722/722 721/721/721 720/720/720
f 723/723/723 724/724/724 725/725/725
f 726/726/726 725/725/725 724/724/724
f 727/727/727 728/728/728 729/729/729
f 730/730/730 729/729/729 728/728/728
f 731/731/731 732/732/732 733/733/733
f 734/734/734 733/733/733 732/732/732
f 735/735/735 736/736/736 737/737/737
f 738/738/738 739/739/739 740/740/740
f 741/741/741 742/742/742 743/743/743
f 744/744/744 745/745/745 746/746/746
f 747/747/747 748/748/748 749/749/749
f 750/750/750 751/751/751 752/752/752
f 753/753/753 754/754/754 755/755/755
f 756/756/756 757/757/757 758/758/758
f 759/759/759 760/760/760 761/761/761
f 762/762/762 763/763/763 764/764/764
f 765/765/765 766/766/766 767/767/767
f 768/768/768 769/769/769 770/770/770
f 771/771/771 772/772/772 773/773/773
f 774/774/774 775/775/775 776/776/776
f 777/777/777 778/778/778 779/779/779
f 780/780/780 781/781/781 782/782/782
f 783/783/783 784/784/784 785/785/785
f 786/786/786 785/785/785 784/784/784
f 787/787/787 788/788/788 789/789/789
f 790/790/790 789/789/789 788/788/788
f 784/784/784 791/791/791 786/786/786
f 792/792/792 786/786/786 791/791/791
f 793/793/793 794/794/794 795/795/795
f 796/796/796 795/795/795 794/794/794
f 797/797/797 798/798/798 799/799/799
f 800/800/800 799/799/799 798/798/798
f 801/801/801 802/802/802 803/803/803
f 804/804/804 803/803/803 802/802/802
f 798/798/798 797/797/797 805/805/805
f 806/806/806 805/805/805 797/797/797
f 807/807/807 808/808/808 809/809/809
f 810/810/810 811/811/811 812/812/812
f 813/813/813 812/812/812 811/811/811
f 812/812/812 813/813/813 814/814/814
f 815/815/815 814/814/814 813/813/813
f 816/816/816 817/817/817 810/810/810
f 811/811/811 810/810/810 817/817/817
f 818/818/818 819/819/819 820/820/820
f 821/821/821 820/820/820 819/819/819
f 822/822/822 823/823/823 824/824/824
f 825/825/825 824/824/824 823/823/823
f 803/803/803 804/804/804 800/800/800
f 799/799/799 800/800/800 804/804/804
f 826/826/826 827/827/827 828/828/828
f 829/829/829 828/828/828 827/827/827
f 830/830/830 831/831/831 832/832/832
f 833/833/833 832/832/832 831/831/831
f 834/834/834 833/833/833 819/819/819
f 821/821/821 819/819/819 833/833/833
f 835/835/835 836/836/836 837/837/837
f 838/838/838 837/837/837 836/836/836
f 839/839/839 840/840/840 841/841/841
f 842/842/842 841/841/841 840/840/840
f 843/843/843 844/844/844 845/845/845
f 846/846/846 845/845/845 844/844/844
f 847/847/847 848/848/848 838/838/838
f 837/837/837 838/838/838 848/848/848
f 849/849/849 850/850/850 851/851/851
f 852/852/852 851/851/851 850/850/850
f 820/820/820 853/853/853 818/818/818
f 854/854/854 818/818/818 853/853/853
f 855/855/855 856/856/856 857/857/857
f 858/858/858 857/857/857 856/856/856
f 859/859/859 860/860/860 861/861/861
f 862/862/862 861/861/861 860/860/860
f 863/863/863 864/864/864 865/865/865
f 866/866/866 865/865/865 864/864/864
f 864/864/864 867/867/867 866/866/866
f 868/868/868 866/866/866 867/867/867
f 869/869/869 868/868/868 870/870/870
f 867/867/867 870/870/870 868/868/868
f 871/871/871 872/872/872 873/873/873
f 874/874/874 873/873/873 872/872/872
f 875/875/875 876/876/876 877/877/877
f 878/878/878 877/877/877 876/876/876
f 879/879/879 880/880/880 806/806/806
f 805/805/805 806/806/806 880/880/880
f 881/881/881 882/882/882 883/883/883
f 884/884/884 883/883/883 882/882/882
f 883/883/883 880/880/880 881/881/881
f 879/879/879 881/881/881 880/880/880
f 885/885/885 886/886/886 887/887/887
f 888/888/888 887/887/887 886/886/886
f 889/889/889 890/890/890 816/816/816
f 817/817/817 816/816/816 890/890/890
f 889/889/889 885/885/885 890/890/890
f 887/887/887 890/890/890 885/885/885
f 891/891/891 892/892/892 893/893/893
f 894/894/894 893/893/893 892/892/892
f 895/895/895 896/896/896 897/897/897
f 898/898/898 897/897/897 896/896/896
f 899/899/899 900/900/900 901/901/901
f 902/902/902 903/903/903 904/904/904
f 905/905/905 904/904/904 903/903/903
f 906/906/906 907/907/907 908/908/908
f 909/909/909 908/908/908 907/907/907
f 910/910/910 911/911/911 912/912/912
f 913/913/913 914/914/914 915/915/915
f 916/916/916 915/915/915 914/914/914
f 917/917/917 918/918/918 919/919/919
f 920/920/920 919/919/919 918/918/918
f 921/921/921 922/922/922 923/923/923
f 924/924/924 923/923/923 922/922/922
f 925/925/925 926/926/926 927/927/927
f 927/927/927 926/926/926 928/928/928
f 928/928/928 926/926/926 929/929/929
f 930/930/930 931/931/931 932/932/932
f 933/933/933 932/932/932 931/931/931
f 932/932/932 934/934/934 930/930/930
f 935/935/935 930/930/930 934/934/934
f 931/931/931 930/930/930 936/936/936
f 937/937/937 936/936/936 930/930/930
f 936/936/936 937/937/937 938/938/938
f 939/939/939 938/938/938 937/937/937
f 903/903/903 902/902/902 940/940/940
f 941/941/941 940/940/940 902/902/902
f 942/942/942 943/943/943 906/906/906
f 907/907/907 906/906/906 943/943/943
f 944/944/944 945/945/945 946/946/946
f 947/947/947 946/946/946 945/945/945
f 948/948/948 949/949/949 950/950/950
f 950/950/950 949/949/949 951/951/951
f 951/951/951 949/949/949 952/952/952
f 953/953/953 954/954/954 941/941/941
f 940/940/940 941/941/941 954/954/954
f 954/954/954 953/953/953 955/955/955
f 956/956/956 955/955/955 953/953/953
f 922/922/922 913/913/913 924/924/924
f 915/915/915 924/924/924 913/913/913
f 896/896/896 891/891/891 898/898/898
f 893/893/893 898/898/898 891/891/891
f 957/957/957 958/958/958 959/959/959
f 960/960/960 959/959/959 958/958/958
f 961/961/961 962/962/962 963/963/963
f 964/964/964 963/963/963 962/962/962
f 965/965/965 899/899/899 901/901/901
f 937/937/937 966/966/966 967/967/967
f 968/968/968 967/967/967 966/966/966
f 930/930/930 935/935/935 937/937/937
f 966/966/966 937/937/937 935/935/935
f 969/969/969 855/855/855 970/970/970
f 857/857/857 970/970/970 855/855/855
f 971/971/971 972/972/972 973/973/973
f 974/974/974 973/973/973 972/972/972
f 828/828/828 829/829/829 971/971/971
f 972/972/972 971/971/971 829/829/829
f 975/975/975 976/976/976 977/977/977
f 978/978/978 912/912/912 979/979/979
f 911/911/911 979/979/979 912/912/912
f 827/827/827 826/826/826 975/975/975
f 976/976/976 975/975/975 826/826/826
f 979/979/979 975/975/975 978/978/978
f 977/977/977 978/978/978 975/975/975
f 980/980/980 981/981/981 982/982/982
f 983/983/983 982/982/982 981/981/981
f 927/927/927 984/984/984 925/925/925
f 985/985/985 925/925/925 984/984/984
f 982/982/982 986/986/986 980/980/980
f 987/987/987 833/833/833 988/988/988
f 831/831/831 988/988/988 833/833/833
f 989/989/989 987/987/987 988/988/988
f 795/795/795 796/796/796 990/990/990
f 991/991/991 990/990/990 796/796/796
f 794/794/794 793/793/793 992/992/992
f 993/993/993 992/992/992 793/793/793
f 990/990/990 991/991/991 994/994/994
f 995/995/995 994/994/994 991/991/991
f 996/996/996 997/997/997 995/995/995
f 994/994/994 995/995/995 997/997/997
f 945/945/945 944/944/944 942/942/942
f 943/943/943 942/942/942 944/944/944
f 998/998/998 999/999/999 1000/1000/1000
f 1001/1001/1001 1000/1000/1000 999/999/999
f 1002/1002/1002 1003/1003/1003 998/998/998
f 999/999/999 998/998/998 1003/1003/1003
f 1004/1004/1004 1005/1005/1005 1001/1001/1001
f 1000/1000/1000 1001/1001/1001 1005/1005/1005
f 1006/1006/1006 1005/1005/1005 1004/1004/1004
f 1007/1007/1007 1008/1008/1008 916/916/916
f 915/915/915 916/916/916 1008/1008/1008
f 1008/1008/1008 1009/1009/1009 915/915/915
f 924/924/924 915/915/915 1009/1009/1009
f 1009/1009/1009 1010/1010/1010 924/924/924
f 923/923/923 924/924/924 1010/1010/1010
f 1011/1011/1011 1012/1012/1012 968/968/968
f 967/967/967 968/968/968 1012/1012/1012
f 967/967/967 1012/1012/1012 939/939/939
f 1013/1013/1013 1014/1014/1014 1015/1015/1015
f 1016/1016/1016 1017/1017/1017 1018/1018/1018
f 1019/1019/1019 1018/1018/1018 1017/1017/1017
f 1020/1020/1020 1021/1021/1021 1022/1022/1022
f 1023/1023/1023 1022/1022/1022 1021/1021/1021
f 1024/1024/1024 1025/1025/1025 1020/1020/1020
f 1021/1021/1021 1020/1020/1020 1025/1025/1025
f 1019/1019/1019 1017/1017/1017 1026/1026/1026
f 1027/1027/1027 1026/1026/1026 1017/1017/1017
f 1028/1028/1028 1029/1029/1029 1030/1030/1030
f 1031/1031/1031 1030/1030/1030 1029/1029/1029
f 1032/1032/1032 1033/1033/1033 1034/1034/1034
f 1035/1035/1035 1034/1034/1034 1033/1033/1033
f 1036/1036/1036 1037/1037/1037 1038/1038/1038
f 1039/1039/1039 1038/1038/1038 1037/1037/1037
f 1040/1040/1040 1041/1041/1041 1042/1042/1042
f 1043/1043/1043 1042/1042/1042 1041/1041/1041
f 1043/1043/1043 1044/1044/1044 1042/1042/1042
f 1045/1045/1045 1046/1046/1046 1047/1047/1047
f 1048/1048/1048 1047/1047/1047 1046/1046/1046
f 1022/1022/1022 1023/1023/1023 1049/1049/1049
f 1050/1050/1050 1049/1049/1049 1023/1023/1023
f 1051/1051/1051 1052/1052/1052 1053/1053/1053
f 1054/1054/1054 1055/1055/1055 1056/1056/1056
f 919/919/919 920/920/920 986/986/986
f 980/980/980 986/986/986 920/920/920
f 939/939/939 937/937/937 967/967/967
f 962/962/962 961/961/961 1057/1057/1057
f 1058/1058/1058 1057/1057/1057 961/961/961
f 962/962/962 957/957/957 964/964/964
f 959/959/959 964/964/964 957/957/957
f 1059/1059/1059 1060/1060/1060 1061/1061/1061
f 1062/1062/1062 1061/1061/1061 1060/1060/1060
f 1063/1063/1063 1064/1064/1064 1065/1065/1065
f 1066/1066/1066 863/863/863 1067/1067/1067
f 865/865/865 1067/1067/1067 863/863/863
f 1068/1068/1068 969/969/969 1069/1069/1069
f 970/970/970 1069/1069/1069 969/969/969
f 1070/1070/1070 787/787/787 1071/1071/1071
f 789/789/789 1071/1071/1071 787/787/787
f 874/874/874 1069/1069/1069 873/873/873
f 1072/1072/1072 873/873/873 1069/1069/1069
f 825/825/825 1073/1073/1073 824/824/824
f 1074/1074/1074 824/824/824 1073/1073/1073
f 926/926/926 925/925/925 921/921/921
f 922/922/922 921/921/921 925/925/925
f 925/925/925 985/985/985 922/922/922
f 913/913/913 922/922/922 985/985/985
f 985/985/985 1075/1075/1075 913/913/913
f 914/914/914 913/913/913 1075/1075/1075
f 1076/1076/1076 1077/1077/1077 1078/1078/1078
f 1079/1079/1079 1078/1078/1078 1077/1077/1077
f 877/877/877 878/878/878 1080/1080/1080
f 1081/1081/1081 1080/1080/1080 878/878/878
f 867/867/867 864/864/864 858/858/858
f 857/857/857 858/858/858 864/864/864
f 970/970/970 857/857/857 863/863/863
f 864/864/864 863/863/863 857/857/857
f 1072/1072/1072 970/970/970 1066/1066/1066
f 863/863/863 1066/1066/1066 970/970/970
f 1082/1082/1082 790/790/790 1083/1083/1083
f 788/788/788 1083/1083/1083 790/790/790
f 1084/1084/1084 783/783/783 1085/1085/1085
f 785/785/785 1085/1085/1085 783/783/783
f 1086/1086/1086 1087/1087/1087 790/790/790
f 789/789/789 790/790/790 1087/1087/1087
f 1087/1087/1087 1088/1088/1088 789/789/789
f 1071/1071/1071 789/789/789 1088/1088/1088
f 1089/1089/1089 1086/1086/1086 1082/1082/1082
f 790/790/790 1082/1082/1082 1086/1086/1086
f 1090/1090/1090 1091/1091/1091 1092/1092/1092
f 1093/1093/1093 1092/1092/1092 1091/1091/1091
f 1094/1094/1094 1095/1095/1095 1096/1096/1096
f 1097/1097/1097 1096/1096/1096 1095/1095/1095
f 1098/1098/1098 846/846/846 1099/1099/1099
f 844/844/844 1099/1099/1099 846/846/846
f 1090/1090/1090 1100/1100/1100 1091/1091/1091
f 1101/1101/1101 1102/1102/1102 801/801/801
f 802/802/802 801/801/801 1102/1102/1102
f 1103/1103/1103 1104/1104/1104 815/815/815
f 814/814/814 815/815/815 1104/1104/1104
f 1105/1105/1105 1104/1104/1104 1103/1103/1103
f 1106/1106/1106 854/854/854 1107/1107/1107
f 853/853/853 1107/1107/1107 854/854/854
f 973/973/973 974/974/974 1108/1108/1108
f 1109/1109/1109 1108/1108/1108 974/974/974
f 1110/1110/1110 1111/1111/1111 993/993/993
f 992/992/992 993/993/993 1111/1111/1111
f 850/850/850 1112/1112/1112 852/852/852
f 1113/1113/1113 852/852/852 1112/1112/1112
f 1093/1093/1093 1114/1114/1114 1092/1092/1092
f 1115/1115/1115 1095/1095/1095 1094/1094/1094
f 1116/1116/1116 1117/1117/1117 1118/1118/1118
f 1119/1119/1119 1118/1118/1118 1117/1117/1117
f 1120/1120/1120 1121/1121/1121 1122/1122/1122
f 1122/1122/1122 1121/1121/1121 1123/1123/1123
f 1123/1123/1123 1121/1121/1121 1124/1124/1124
f 1121/1121/1121 1125/1125/1125 1124/1124/1124
f 1126/1126/1126 1124/1124/1124 1125/1125/1125
f 1127/1127/1127 1128/1128/1128 1129/1129/1129
f 1130/1130/1130 1129/1129/1129 1128/1128/1128
f 1129/1129/1129 1130/1130/1130 1131/1131/1131
f 1132/1132/1132 1131/1131/1131 1130/1130/1130
f 1128/1128/1128 1127/1127/1127 1133/1133/1133
f 1134/1134/1134 1133/1133/1133 1127/1127/1127
f 1135/1135/1135 1136/1136/1136 1052/1052/1052
f 1053/1053/1053 1052/1052/1052 1136/1136/1136
f 1137/1137/1137 1119/1119/1119 1138/1138/1138
f 1117/1117/1117 1138/1138/1138 1119/1119/1119
f 1139/1139/1139 1140/1140/1140 1141/1141/1141
f 1142/1142/1142 1141/1141/1141 1140/1140/1140
f 1143/1143/1143 1139/1139/1139 1144/1144/1144
f 1141/1141/1141 1144/1144/1144 1139/1139/1139
f 1140/1140/1140 1139/1139/1139 1145/1145/1145
f 1146/1146/1146 1145/1145/1145 1139/1139/1139
f 1145/1145/1145 1146/1146/1146 1120/1120/1120
f 1121/1121/1121 1120/1120/1120 1146/1146/1146
f 1147/1147/1147 1148/1148/1148 1123/1123/1123
f 1122/1122/1122 1123/1123/1123 1148/1148/1148
f 1149/1149/1149 1150/1150/1150 1151/1151/1151
f 1152/1152/1152 1151/1151/1151 1150/1150/1150
f 1153/1153/1153 1154/1154/1154 1155/1155/1155
f 1156/1156/1156 1155/1155/1155 1154/1154/1154
f 1157/1157/1157 1158/1158/1158 1159/1159/1159
f 1160/1160/1160 1159/1159/1159 1158/1158/1158
f 1161/1161/1161 1162/1162/1162 1163/1163/1163
f 1164/1164/1164 1163/1163/1163 1165/1165/1165
f 1162/1162/1162 1165/1165/1165 1163/1163/1163
f 1166/1166/1166 1167/1167/1167 1168/1168/1168
f 1169/1169/1169 1168/1168/1168 1167/1167/1167
f 1170/1170/1170 1171/1171/1171 1172/1172/1172
f 1173/1173/1173 1172/1172/1172 1171/1171/1171
f 1174/1174/1174 1146/1146/1146 1143/1143/1143
f 1139/1139/1139 1143/1143/1143 1146/1146/1146
f 1125/1125/1125 1121/1121/1121 1174/1174/1174
f 1146/1146/1146 1174/1174/1174 1121/1121/1121
f 1076/1076/1076 808/808/808 1077/1077/1077
f 807/807/807 1077/1077/1077 808/808/808
f 1056/1056/1056 1175/1175/1175 1054/1054/1054
f 809/809/809 808/808/808 1176/1176/1176
f 1013/1013/1013 1015/1015/1015 835/835/835
f 836/836/836 835/835/835 1015/1015/1015
f 851/851/851 1177/1177/1177 1079/1079/1079
f 1078/1078/1078 1079/1079/1079 1177/1177/1177
f 852/852/852 1177/1177/1177 851/851/851
f 1015/1015/1015 1014/1014/1014 1178/1178/1178
f 1179/1179/1179 1178/1178/1178 1014/1014/1014
f 871/871/871 873/873/873 1180/1180/1180
f 1181/1181/1181 1180/1180/1180 873/873/873
f 1068/1068/1068 1069/1069/1069 874/874/874
f 1068/1068/1068 874/874/874 1182/1182/1182
f 872/872/872 1182/1182/1182 874/874/874
f 957/957/957 962/962/962 1183/1183/1183
f 1057/1057/1057 1183/1183/1183 962/962/962
f 958/958/958 957/957/957 1184/1184/1184
f 1183/1183/1183 1184/1184/1184 957/957/957
f 1074/1074/1074 1073/1073/1073 1185/1185/1185
f 1186/1186/1186 1185/1185/1185 1073/1073/1073
f 834/834/834 832/832/832 833/833/833
f 1072/1072/1072 1069/1069/1069 970/970/970
f 1187/1187/1187 1188/1188/1188 1189/1189/1189
f 1190/1190/1190 1189/1189/1189 1188/1188/1188
f 1191/1191/1191 1192/1192/1192 1190/1190/1190
f 1189/1189/1189 1190/1190/1190 1192/1192/1192
f 1193/1193/1193 1189/1189/1189 1194/1194/1194
f 1192/1192/1192 1194/1194/1194 1189/1189/1189
f 1195/1195/1195 1192/1192/1192 1196/1196/1196
f 1197/1197/1197 1196/1196/1196 1192/1192/1192
f 1198/1198/1198 1199/1199/1199 1200/1200/1200
f 1196/1196/1196 1201/1201/1201 1202/1202/1202
f 1203/1203/1203 1204/1204/1204 1187/1187/1187
f 1188/1188/1188 1187/1187/1187 1204/1204/1204
f 1187/1187/1187 1205/1205/1205 1203/1203/1203
f 1206/1206/1206 1207/1207/1207 1208/1208/1208
f 1209/1209/1209 1208/1208/1208 1207/1207/1207
f 1197/1197/1197 1192/1192/1192 1191/1191/1191
f 1189/1189/1189 1193/1193/1193 1205/1205/1205
f 1189/1189/1189 1205/1205/1205 1187/1187/1187
f 1210/1210/1210 1209/1209/1209 1211/1211/1211
f 1207/1207/1207 1211/1211/1211 1209/1209/1209
f 1196/1196/1196 1202/1202/1202 1195/1195/1195
f 1212/1212/1212 1213/1213/1213 1214/1214/1214
f 1215/1215/1215 1216/1216/1216 1217/1217/1217
f 1218/1218/1218 1217/1217/1217 1216/1216/1216
f 1206/1206/1206 1208/1208/1208 1217/1217/1217
f 1214/1214/1214 1213/1213/1213 1219/1219/1219
f 1214/1214/1214 1219/1219/1219 1198/1198/1198
f 1199/1199/1199 1198/1198/1198 1219/1219/1219
f 1194/1194/1194 1195/1195/1195 1220/1220/1220
f 1221/1221/1221 1193/1193/1193 1220/1220/1220
f 1194/1194/1194 1220/1220/1220 1193/1193/1193
f 1222/1222/1222 1205/1205/1205 1221/1221/1221
f 1193/1193/1193 1221/1221/1221 1205/1205/1205
f 1223/1223/1223 1203/1203/1203 1222/1222/1222
f 1205/1205/1205 1222/1222/1222 1203/1203/1203
f 1223/1223/1223 1224/1224/1224 1203/1203/1203
f 1204/1204/1204 1203/1203/1203 1224/1224/1224
f 1225/1225/1225 1216/1216/1216 1226/1226/1226
f 1226/1226/1226 1216/1216/1216 1227/1227/1227
f 1227/1227/1227 1216/1216/1216 1215/1215/1215
f 1228/1228/1228 1227/1227/1227 1215/1215/1215
f 1217/1217/1217 1208/1208/1208 1215/1215/1215
f 1228/1228/1228 1215/1215/1215 1208/1208/1208
f 1195/1195/1195 1194/1194/1194 1192/1192/1192
f 1229/1229/1229 1230/1230/1230 1231/1231/1231
f 1232/1232/1232 1233/1233/1233 1229/1229/1229
f 1234/1234/1234 1235/1235/1235 1236/1236/1236
f 1237/1237/1237 1238/1238/1238 1239/1239/1239
f 1240/1240/1240 1239/1239/1239 1238/1238/1238
f 1241/1241/1241 1242/1242/1242 1232/1232/1232
f 1233/1233/1233 1232/1232/1232 1242/1242/1242
f 1234/1234/1234 1243/1243/1243 1235/1235/1235
f 1229/1229/1229 1244/1244/1244 1230/1230/1230
f 1245/1245/1245 1230/1230/1230 1246/1246/1246
f 1244/1244/1244 1246/1246/1246 1230/1230/1230
f 1242/1242/1242 1247/1247/1247 1233/1233/1233
f 1248/1248/1248 1233/1233/1233 1247/1247/1247
f 1231/1231/1231 1230/1230/1230 1245/1245/1245
f 1238/1238/1238 1237/1237/1237 1236/1236/1236
f 1234/1234/1234 1236/1236/1236 1237/1237/1237
f 1233/1233/1233 1248/1248/1248 1244/1244/1244
f 1246/1246/1246 1244/1244/1244 1248/1248/1248
f 1229/1229/1229 1233/1233/1233 1244/1244/1244
f 785/785/785 786/786/786 1249/1249/1249
f 1250/1250/1250 1249/1249/1249 786/786/786
f 1251/1251/1251 1252/1252/1252 1253/1253/1253
f 1254/1254/1254 1253/1253/1253 1252/1252/1252
f 1255/1255/1255 1250/1250/1250 792/792/792
f 786/786/786 792/792/792 1250/1250/1250
f 1256/1256/1256 1257/1257/1257 1258/1258/1258
f 1259/1259/1259 1258/1258/1258 1257/1257/1257
f 1260/1260/1260 1261/1261/1261 1262/1262/1262
f 1263/1263/1263 1262/1262/1262 1261/1261/1261
f 1264/1264/1264 1265/1265/1265 1266/1266/1266
f 1267/1267/1267 1266/1266/1266 1265/1265/1265
f 1268/1268/1268 1262/1262/1262 1269/1269/1269
f 1263/1263/1263 1269/1269/1269 1262/1262/1262
f 1270/1270/1270 1271/1271/1271 1272/1272/1272
f 1273/1273/1273 1274/1274/1274 1275/1275/1275
f 1276/1276/1276 1275/1275/1275 1274/1274/1274
f 1277/1277/1277 1274/1274/1274 1278/1278/1278
f 1273/1273/1273 1278/1278/1278 1274/1274/1274
f 1275/1275/1275 1276/1276/1276 1279/1279/1279
f 1280/1280/1280 1279/1279/1279 1276/1276/1276
f 1281/1281/1281 1282/1282/1282 1283/1283/1283
f 1284/1284/1284 1283/1283/1283 1282/1282/1282
f 1285/1285/1285 1286/1286/1286 1287/1287/1287
f 1288/1288/1288 1287/1287/1287 1286/1286/1286
f 1261/1261/1261 1260/1260/1260 1264/1264/1264
f 1265/1265/1265 1264/1264/1264 1260/1260/1260
f 1289/1289/1289 1290/1290/1290 1291/1291/1291
f 1292/1292/1292 1291/1291/1291 1290/1290/1290
f 1293/1293/1293 1294/1294/1294 1295/1295/1295
f 1296/1296/1296 1295/1295/1295 1294/1294/1294
f 1282/1282/1282 1281/1281/1281 1297/1297/1297
f 1294/1294/1294 1297/1297/1297 1281/1281/1281
f 1298/1298/1298 1299/1299/1299 1300/1300/1300
f 1301/1301/1301 1300/1300/1300 1299/1299/1299
f 1302/1302/1302 1303/1303/1303 1304/1304/1304
f 1305/1305/1305 1304/1304/1304 1303/1303/1303
f 1306/1306/1306 1307/1307/1307 1308/1308/1308
f 1309/1309/1309 1308/1308/1308 1307/1307/1307
f 1299/1299/1299 1298/1298/1298 1310/1310/1310
f 1311/1311/1311 1310/1310/1310 1298/1298/1298
f 1312/1312/1312 1313/1313/1313 1314/1314/1314
f 1315/1315/1315 1314/1314/1314 1313/1313/1313
f 1316/1316/1316 1317/1317/1317 1284/1284/1284
f 1283/1283/1283 1284/1284/1284 1317/1317/1317
f 1318/1318/1318 1319/1319/1319 1320/1320/1320
f 1321/1321/1321 1320/1320/1320 1319/1319/1319
f 1322/1322/1322 1323/1323/1323 1324/1324/1324
f 1325/1325/1325 1324/1324/1324 1323/1323/1323
f 865/865/865 866/866/866 1326/1326/1326
f 1327/1327/1327 1326/1326/1326 866/866/866
f 866/866/866 868/868/868 1327/1327/1327
f 1328/1328/1328 1327/1327/1327 868/868/868
f 1329/1329/1329 1328/1328/1328 869/869/869
f 868/868/868 869/869/869 1328/1328/1328
f 1330/1330/1330 1331/1331/1331 1332/1332/1332
f 1333/1333/1333 1332/1332/1332 1331/1331/1331
f 1334/1334/1334 1335/1335/1335 1336/1336/1336
f 1337/1337/1337 1336/1336/1336 1335/1335/1335
f 1269/1269/1269 1338/1338/1338 1268/1268/1268
f 1339/1339/1339 1268/1268/1268 1338/1338/1338
f 1340/1340/1340 1341/1341/1341 1342/1342/1342
f 1343/1343/1343 1342/1342/1342 1341/1341/1341
f 1342/1342/1342 1339/1339/1339 1340/1340/1340
f 1338/1338/1338 1340/1340/1340 1339/1339/1339
f 1344/1344/1344 1345/1345/1345 1346/1346/1346
f 1347/1347/1347 1346/1346/1346 1345/1345/1345
f 1279/1279/1279 1280/1280/1280 1348/1348/1348
f 1349/1349/1349 1348/1348/1348 1280/1280/1280
f 1349/1349/1349 1344/1344/1344 1348/1348/1348
f 1346/1346/1346 1348/1348/1348 1344/1344/1344
f 1350/1350/1350 1351/1351/1351 1352/1352/1352
f 1353/1353/1353 1352/1352/1352 1351/1351/1351
f 1354/1354/1354 1355/1355/1355 1356/1356/1356
f 1357/1357/1357 1356/1356/1356 1355/1355/1355
f 1358/1358/1358 1359/1359/1359 1360/1360/1360
f 1361/1361/1361 1362/1362/1362 1363/1363/1363
f 1364/1364/1364 1363/1363/1363 1362/1362/1362
f 1365/1365/1365 1366/1366/1366 1367/1367/1367
f 1368/1368/1368 1367/1367/1367 1366/1366/1366
f 1369/1369/1369 1370/1370/1370 1371/1371/1371
f 1372/1372/1372 1373/1373/1373 1374/1374/1374
f 1375/1375/1375 1374/1374/1374 1373/1373/1373
f 1376/1376/1376 1377/1377/1377 917/917/917
f 918/918/918 917/917/917 1377/1377/1377
f 1378/1378/1378 1379/1379/1379 1380/1380/1380
f 1381/1381/1381 1380/1380/1380 1379/1379/1379
f 1382/1382/1382 1383/1383/1383 1384/1384/1384
f 1384/1384/1384 1383/1383/1383 929/929/929
f 929/929/929 1383/1383/1383 928/928/928
f 932/932/932 933/933/933 1385/1385/1385
f 1386/1386/1386 1385/1385/1385 933/933/933
f 1385/1385/1385 1387/1387/1387 932/932/932
f 934/934/934 932/932/932 1387/1387/1387
f 1388/1388/1388 1389/1389/1389 1386/1386/1386
f 1385/1385/1385 1386/1386/1386 1389/1389/1389
f 1390/1390/1390 1391/1391/1391 1388/1388/1388
f 1389/1389/1389 1388/1388/1388 1391/1391/1391
f 1392/1392/1392 1393/1393/1393 1362/1362/1362
f 1364/1364/1364 1362/1362/1362 1393/1393/1393
f 1394/1394/1394 1395/1395/1395 1368/1368/1368
f 1367/1367/1367 1368/1368/1368 1395/1395/1395
f 946/946/946 947/947/947 1396/1396/1396
f 1397/1397/1397 1396/1396/1396 947/947/947
f 949/949/949 948/948/948 1398/1398/1398
f 1398/1398/1398 948/948/948 1399/1399/1399
f 1399/1399/1399 948/948/948 1400/1400/1400
f 1393/1393/1393 1392/1392/1392 1401/1401/1401
f 1402/1402/1402 1401/1401/1401 1392/1392/1392
f 955/955/955 956/956/956 1402/1402/1402
f 1401/1401/1401 1402/1402/1402 956/956/956
f 1379/1379/1379 1372/1372/1372 1381/1381/1381
f 1374/1374/1374 1381/1381/1381 1372/1372/1372
f 1355/1355/1355 1350/1350/1350 1357/1357/1357
f 1352/1352/1352 1357/1357/1357 1350/1350/1350
f 959/959/959 960/960/960 1403/1403/1403
f 1404/1404/1404 1403/1403/1403 960/960/960
f 963/963/963 964/964/964 1405/1405/1405
f 1406/1406/1406 1405/1405/1405 964/964/964
f 1358/1358/1358 1360/1360/1360 1407/1407/1407
f 1391/1391/1391 1408/1408/1408 1389/1389/1389
f 1409/1409/1409 1389/1389/1389 1408/1408/1408
f 1389/1389/1389 1409/1409/1409 1385/1385/1385
f 1387/1387/1387 1385/1385/1385 1409/1409/1409
f 1410/1410/1410 1318/1318/1318 1411/1411/1411
f 1320/1320/1320 1411/1411/1411 1318/1318/1318
f 1412/1412/1412 1413/1413/1413 1414/1414/1414
f 1415/1415/1415 1414/1414/1414 1413/1413/1413
f 1415/1415/1415 1413/1413/1413 1289/1289/1289
f 1290/1290/1290 1289/1289/1289 1413/1413/1413
f 1416/1416/1416 1417/1417/1417 1418/1418/1418
f 1419/1419/1419 1420/1420/1420 1421/1421/1421
f 1422/1422/1422 1421/1421/1421 1420/1420/1420
f 1418/1418/1418 1417/1417/1417 1292/1292/1292
f 1291/1291/1291 1292/1292/1292 1417/1417/1417
f 1421/1421/1421 1416/1416/1416 1419/1419/1419
f 1418/1418/1418 1419/1419/1419 1416/1416/1416
f 1423/1423/1423 1424/1424/1424 1425/1425/1425
f 1426/1426/1426 1425/1425/1425 1424/1424/1424
f 1427/1427/1427 1428/1428/1428 1382/1382/1382
f 1383/1383/1383 1382/1382/1382 1428/1428/1428
f 1425/1425/1425 1429/1429/1429 1423/1423/1423
f 1430/1430/1430 1296/1296/1296 1431/1431/1431
f 1294/1294/1294 1431/1431/1431 1296/1296/1296
f 1430/1430/1430 1431/1431/1431 1432/1432/1432
f 1433/1433/1433 1434/1434/1434 1256/1256/1256
f 1257/1257/1257 1256/1256/1256 1434/1434/1434
f 1435/1435/1435 1436/1436/1436 1259/1259/1259
f 1258/1258/1258 1259/1259/1259 1436/1436/1436
f 1437/1437/1437 1434/1434/1434 1438/1438/1438
f 1433/1433/1433 1438/1438/1438 1434/1434/1434
f 1438/1438/1438 1439/1439/1439 1437/1437/1437
f 1440/1440/1440 1437/1437/1437 1439/1439/1439
f 1395/1395/1395 1441/1441/1441 1397/1397/1397
f 1396/1396/1396 1397/1397/1397 1441/1441/1441
f 1442/1442/1442 1443/1443/1443 1444/1444/1444
f 1445/1445/1445 1444/1444/1444 1443/1443/1443
f 1444/1444/1444 1445/1445/1445 1446/1446/1446
f 1447/1447/1447 1446/1446/1446 1445/1445/1445
f 1442/1442/1442 1448/1448/1448 1443/1443/1443
f 1449/1449/1449 1443/1443/1443 1448/1448/1448
f 1449/1449/1449 1448/1448/1448 1450/1450/1450
f 1373/1373/1373 1372/1372/1372 1451/1451/1451
f 1452/1452/1452 1451/1451/1451 1372/1372/1372
f 1372/1372/1372 1379/1379/1379 1452/1452/1452
f 1453/1453/1453 1452/1452/1452 1379/1379/1379
f 1379/1379/1379 1378/1378/1378 1453/1453/1453
f 1454/1454/1454 1453/1453/1453 1378/1378/1378
f 1408/1408/1408 1391/1391/1391 1455/1455/1455
f 1456/1456/1456 1455/1455/1455 1391/1391/1391
f 1457/1457/1457 1456/1456/1456 1391/1391/1391
f 1458/1458/1458 1459/1459/1459 1460/1460/1460
f 1461/1461/1461 1462/1462/1462 1463/1463/1463
f 1464/1464/1464 1463/1463/1463 1462/1462/1462
f 1465/1465/1465 1466/1466/1466 1467/1467/1467
f 1468/1468/1468 1467/1467/1467 1466/1466/1466
f 1467/1467/1467 1468/1468/1468 1469/1469/1469
f 1470/1470/1470 1469/1469/1469 1468/1468/1468
f 1471/1471/1471 1472/1472/1472 1473/1473/1473
f 1474/1474/1474 1473/1473/1473 1472/1472/1472
f 1475/1475/1475 1476/1476/1476 1032/1032/1032
f 1033/1033/1033 1032/1032/1032 1476/1476/1476
f 1038/1038/1038 1039/1039/1039 1477/1477/1477
f 1478/1478/1478 1477/1477/1477 1039/1039/1039
f 1479/1479/1479 1480/1480/1480 1481/1481/1481
f 1047/1047/1047 1048/1048/1048 1482/1482/1482
f 1483/1483/1483 1482/1482/1482 1048/1048/1048
f 1484/1484/1484 1485/1485/1485 1465/1465/1465
f 1466/1466/1466 1465/1465/1465 1485/1485/1485
f 1463/1463/1463 1464/1464/1464 1027/1027/1027
f 1026/1026/1026 1027/1027/1027 1464/1464/1464
f 1486/1486/1486 1487/1487/1487 1488/1488/1488
f 1489/1489/1489 1490/1490/1490 1491/1491/1491
f 1425/1425/1425 1377/1377/1377 1429/1429/1429
f 1376/1376/1376 1429/1429/1429 1377/1377/1377
f 1391/1391/1391 1390/1390/1390 1457/1457/1457
f 1492/1492/1492 1493/1493/1493 1406/1406/1406
f 1405/1405/1405 1406/1406/1406 1493/1493/1493
f 964/964/964 959/959/959 1406/1406/1406
f 1403/1403/1403 1406/1406/1406 959/959/959
f 1062/1062/1062 1060/1060/1060 1494/1494/1494
f 1495/1495/1495 1494/1494/1494 1060/1060/1060
f 1065/1065/1065 1064/1064/1064 1496/1496/1496
f 1067/1067/1067 865/865/865 1497/1497/1497
f 1326/1326/1326 1497/1497/1497 865/865/865
f 1410/1410/1410 1411/1411/1411 1498/1498/1498
f 1499/1499/1499 1498/1498/1498 1411/1411/1411
f 1500/1500/1500 1251/1251/1251 1501/1501/1501
f 1253/1253/1253 1501/1501/1501 1251/1251/1251
f 1502/1502/1502 1498/1498/1498 1503/1503/1503
f 1504/1504/1504 1503/1503/1503 1498/1498/1498
f 1505/1505/1505 1506/1506/1506 1287/1287/1287
f 1285/1285/1285 1287/1287/1287 1506/1506/1506
f 1380/1380/1380 1381/1381/1381 1384/1384/1384
f 1382/1382/1382 1384/1384/1384 1381/1381/1381
f 1381/1381/1381 1374/1374/1374 1382/1382/1382
f 1427/1427/1427 1382/1382/1382 1374/1374/1374
f 1374/1374/1374 1375/1375/1375 1427/1427/1427
f 1507/1507/1507 1427/1427/1427 1375/1375/1375
f 1508/1508/1508 1509/1509/1509 1510/1510/1510
f 1511/1511/1511 1510/1510/1510 1509/1509/1509
f 1512/1512/1512 1513/1513/1513 1481/1481/1481
f 1479/1479/1479 1481/1481/1481 1513/1513/1513
f 1514/1514/1514 1515/1515/1515 1334/1334/1334
f 1335/1335/1335 1334/1334/1334 1515/1515/1515
f 1319/1319/1319 1318/1318/1318 1328/1328/1328
f 1327/1327/1327 1328/1328/1328 1318/1318/1318
f 1326/1326/1326 1327/1327/1327 1410/1410/1410
f 1318/1318/1318 1410/1410/1410 1327/1327/1327
f 1497/1497/1497 1326/1326/1326 1502/1502/1502
f 1410/1410/1410 1502/1502/1502 1326/1326/1326
f 1516/1516/1516 1254/1254/1254 1517/1517/1517
f 1252/1252/1252 1517/1517/1517 1254/1254/1254
f 1085/1085/1085 785/785/785 1518/1518/1518
f 1249/1249/1249 1518/1518/1518 785/785/785
f 1252/1252/1252 1251/1251/1251 1519/1519/1519
f 1520/1520/1520 1519/1519/1519 1251/1251/1251
f 1251/1251/1251 1500/1500/1500 1520/1520/1520
f 1521/1521/1521 1520/1520/1520 1500/1500/1500
f 1517/1517/1517 1252/1252/1252 1522/1522/1522
f 1519/1519/1519 1522/1522/1522 1252/1252/1252
f 1523/1523/1523 1524/1524/1524 1525/1525/1525
f 1526/1526/1526 1525/1525/1525 1524/1524/1524
f 1527/1527/1527 1528/1528/1528 1529/1529/1529
f 1530/1530/1530 1529/1529/1529 1528/1528/1528
f 1531/1531/1531 1309/1309/1309 1532/1532/1532
f 1307/1307/1307 1532/1532/1532 1309/1309/1309
f 1524/1524/1524 1533/1533/1533 1526/1526/1526
f 1267/1267/1267 1534/1534/1534 1266/1266/1266
f 1535/1535/1535 1266/1266/1266 1534/1534/1534
f 1278/1278/1278 1536/1536/1536 1277/1277/1277
f 1537/1537/1537 1277/1277/1277 1536/1536/1536
f 1537/1537/1537 1536/1536/1536 1538/1538/1538
f 1539/1539/1539 1317/1317/1317 1540/1540/1540
f 1316/1316/1316 1540/1540/1540 1317/1317/1317
f 1541/1541/1541 1412/1412/1412 1542/1542/1542
f 1414/1414/1414 1542/1542/1542 1412/1412/1412
f 1435/1435/1435 1543/1543/1543 1436/1436/1436
f 1544/1544/1544 1436/1436/1436 1543/1543/1543
f 1313/1313/1313 1545/1545/1545 1315/1315/1315
f 1546/1546/1546 1315/1315/1315 1545/1545/1545
f 1525/1525/1525 1547/1547/1547 1523/1523/1523
f 1529/1529/1529 1530/1530/1530 1548/1548/1548
f 1549/1549/1549 1550/1550/1550 1551/1551/1551
f 1552/1552/1552 1551/1551/1551 1550/1550/1550
f 1553/1553/1553 1554/1554/1554 1555/1555/1555
f 1555/1555/1555 1554/1554/1554 1556/1556/1556
f 1556/1556/1556 1554/1554/1554 1557/1557/1557
f 1558/1558/1558 1554/1554/1554 1559/1559/1559
f 1553/1553/1553 1559/1559/1559 1554/1554/1554
f 1560/1560/1560 1561/1561/1561 1562/1562/1562
f 1563/1563/1563 1562/1562/1562 1561/1561/1561
f 1564/1564/1564 1565/1565/1565 1560/1560/1560
f 1561/1561/1561 1560/1560/1560 1565/1565/1565
f 1566/1566/1566 1567/1567/1567 1563/1563/1563
f 1562/1562/1562 1563/1563/1563 1567/1567/1567
f 1487/1487/1487 1486/1486/1486 1568/1568/1568
f 1569/1569/1569 1568/1568/1568 1486/1486/1486
f 1570/1570/1570 1552/1552/1552 1571/1571/1571
f 1550/1550/1550 1571/1571/1571 1552/1552/1552
f 1572/1572/1572 1573/1573/1573 1574/1574/1574
f 1575/1575/1575 1574/1574/1574 1573/1573/1573
f 1576/1576/1576 1572/1572/1572 1577/1577/1577
f 1574/1574/1574 1577/1577/1577 1572/1572/1572
f 1578/1578/1578 1579/1579/1579 1575/1575/1575
f 1574/1574/1574 1575/1575/1575 1579/1579/1579
f 1557/1557/1557 1554/1554/1554 1578/1578/1578
f 1579/1579/1579 1578/1578/1578 1554/1554/1554
f 1555/1555/1555 1556/1556/1556 1147/1147/1147
f 1148/1148/1148 1147/1147/1147 1556/1556/1556
f 1580/1580/1580 1581/1581/1581 1582/1582/1582
f 1583/1583/1583 1582/1582/1582 1581/1581/1581
f 1584/1584/1584 1585/1585/1585 1155/1155/1155
f 1153/1153/1153 1155/1155/1155 1585/1585/1585
f 1159/1159/1159 1160/1160/1160 1586/1586/1586
f 1587/1587/1587 1586/1586/1586 1160/1160/1160
f 1588/1588/1588 1589/1589/1589 1590/1590/1590
f 1591/1591/1591 1589/1589/1589 1592/1592/1592
f 1588/1588/1588 1592/1592/1592 1589/1589/1589
f 1168/1168/1168 1169/1169/1169 1593/1593/1593
f 1594/1594/1594 1593/1593/1593 1169/1169/1169
f 1595/1595/1595 1596/1596/1596 1170/1170/1170
f 1171/1171/1171 1170/1170/1170 1596/1596/1596
f 1577/1577/1577 1574/1574/1574 1597/1597/1597
f 1579/1579/1579 1597/1597/1597 1574/1574/1574
f 1597/1597/1597 1579/1579/1579 1558/1558/1558
f 1554/1554/1554 1558/1558/1558 1579/1579/1579
f 1272/1272/1272 1271/1271/1271 1511/1511/1511
f 1510/1510/1510 1511/1511/1511 1271/1271/1271
f 1491/1491/1491 1598/1598/1598 1489/1489/1489
f 1599/1599/1599 1271/1271/1271 1270/1270/1270
f 1300/1300/1300 1301/1301/1301 1460/1460/1460
f 1458/1458/1458 1460/1460/1460 1301/1301/1301
f 1509/1509/1509 1508/1508/1508 1312/1312/1312
f 1600/1600/1600 1312/1312/1312 1508/1508/1508
f 1312/1312/1312 1600/1600/1600 1313/1313/1313
f 1601/1601/1601 1459/1459/1459 1602/1602/1602
f 1458/1458/1458 1602/1602/1602 1459/1459/1459
f 1603/1603/1603 1604/1604/1604 1330/1330/1330
f 1331/1331/1331 1330/1330/1330 1604/1604/1604
f 1504/1504/1504 1498/1498/1498 1499/1499/1499
f 1605/1605/1605 1332/1332/1332 1606/1606/1606
f 1333/1333/1333 1606/1606/1606 1332/1332/1332
f 1607/1607/1607 1492/1492/1492 1403/1403/1403
f 1406/1406/1406 1403/1403/1403 1492/1492/1492
f 1608/1608/1608 1607/1607/1607 1404/1404/1404
f 1403/1403/1403 1404/1404/1404 1607/1607/1607
f 1605/1605/1605 1606/1606/1606 1505/1505/1505
f 1506/1506/1506 1505/1505/1505 1606/1606/1606
f 1294/1294/1294 1293/1293/1293 1297/1297/1297
f 1410/1410/1410 1498/1498/1498 1502/1502/1502
f 1609/1609/1609 1610/1610/1610 1611/1611/1611
f 1612/1612/1612 1611/1611/1611 1610/1610/1610
f 1610/1610/1610 1609/1609/1609 1613/1613/1613
f 1614/1614/1614 1613/1613/1613 1609/1609/1609
f 1615/1615/1615 1614/1614/1614 1616/1616/1616
f 1609/1609/1609 1616/1616/1616 1614/1614/1614
f 1617/1617/1617 1614/1614/1614 1618/1618/1618
f 1619/1619/1619 1618/1618/1618 1614/1614/1614
f 1620/1620/1620 1621/1621/1621 1622/1622/1622
f 1623/1623/1623 1624/1624/1624 1618/1618/1618
f 1612/1612/1612 1625/1625/1625 1611/1611/1611
f 1626/1626/1626 1611/1611/1611 1625/1625/1625
f 1626/1626/1626 1627/1627/1627 1611/1611/1611
f 1628/1628/1628 1629/1629/1629 1630/1630/1630
f 1631/1631/1631 1630/1630/1630 1629/1629/1629
f 1613/1613/1613 1614/1614/1614 1617/1617/1617
f 1627/1627/1627 1616/1616/1616 1609/1609/1609
f 1611/1611/1611 1627/1627/1627 1609/1609/1609
f 1631/1631/1631 1629/1629/1629 1632/1632/1632
f 1633/1633/1633 1632/1632/1632 1629/1629/1629
f 1619/1619/1619 1623/1623/1623 1618/1618/1618
f 1634/1634/1634 1635/1635/1635 1636/1636/1636
f 1637/1637/1637 1638/1638/1638 1639/1639/1639
f 1640/1640/1640 1639/1639/1639 1638/1638/1638
f 1637/1637/1637 1628/1628/1628 1630/1630/1630
f 1641/1641/1641 1635/1635/1635 1634/1634/1634
f 1621/1621/1621 1641/1641/1641 1622/1622/1622
f 1634/1634/1634 1622/1622/1622 1641/1641/1641
f 1642/1642/1642 1619/1619/1619 1615/1615/1615
f 1615/1615/1615 1616/1616/1616 1642/1642/1642
f 1643/1643/1643 1642/1642/1642 1616/1616/1616
f 1616/1616/1616 1627/1627/1627 1643/1643/1643
f 1644/1644/1644 1643/1643/1643 1627/1627/1627
f 1627/1627/1627 1626/1626/1626 1644/1644/1644
f 1645/1645/1645 1644/1644/1644 1626/1626/1626
f 1626/1626/1626 1625/1625/1625 1645/1645/1645
f 1646/1646/1646 1645/1645/1645 1625/1625/1625
f 1647/1647/1647 1639/1639/1639 1648/1648/1648
f 1648/1648/1648 1639/1639/1639 1649/1649/1649
f 1649/1649/1649 1639/1639/1639 1640/1640/1640
f 1639/1639/1639 1647/1647/1647 1650/1650/1650
f 1639/1639/1639 1650/1650/1650 1637/1637/1637
f 1628/1628/1628 1637/1637/1637 1650/1650/1650
f 1614/1614/1614 1615/1615/1615 1619/1619/1619
f 1651/1651/1651 1652/1652/1652 1653/1653/1653
f 1654/1654/1654 1655/1655/1655 1656/1656/1656
f 1657/1657/1657 1658/1658/1658 1659/1659/1659
f 1239/1239/1239 1240/1240/1240 1660/1660/1660
f 1661/1661/1661 1660/1660/1660 1240/1240/1240
f 1656/1656/1656 1655/1655/1655 1241/1241/1241
f 1242/1242/1242 1241/1241/1241 1655/1655/1655
f 1658/1658/1658 1662/1662/1662 1659/1659/1659
f 1652/1652/1652 1654/1654/1654 1653/1653/1653
f 1663/1663/1663 1654/1654/1654 1664/1664/1664
f 1652/1652/1652 1664/1664/1664 1654/1654/1654
f 1655/1655/1655 1665/1665/1665 1242/1242/1242
f 1247/1247/1247 1242/1242/1242 1665/1665/1665
f 1664/1664/1664 1652/1652/1652 1651/1651/1651
f 1657/1657/1657 1659/1659/1659 1661/1661/1661
f 1660/1660/1660 1661/1661/1661 1659/1659/1659
f 1654/1654/1654 1663/1663/1663 1655/1655/1655
f 1665/1665/1665 1655/1655/1655 1663/1663/1663
f 1654/1654/1654 1656/1656/1656 1653/1653/1653
f 1666/1666/1666 1667/1667/1667 1668/1668/1668
f 1669/1669/1669 1670/1670/1670 1671/1671/1671
f 1672/1672/1672 1673/1673/1673 1674/1674/1674
f 1675/1675/1675 1674/1674/1674 1673/1673/1673
f 1676/1676/1676 1677/1677/1677 1672/1672/1672
f 1673/1673/1673 1672/1672/1672 1677/1677/1677
f 1678/1678/1678 1679/1679/1679 1676/1676/1676
f 1677/1677/1677 1676/1676/1676 1679/1679/1679
f 1680/1680/1680 1681/1681/1681 1682/1682/1682
f 1683/1683/1683 1682/1682/1682 1681/1681/1681
f 1684/1684/1684 1685/1685/1685 1666/1666/1666
f 1667/1667/1667 1666/1666/1666 1685/1685/1685
f 1668/1668/1668 1667/1667/1667 1686/1686/1686
f 1687/1687/1687 1686/1686/1686 1667/1667/1667
f 1688/1688/1688 1689/1689/1689 1690/1690/1690
f 1691/1691/1691 1690/1690/1690 1689/1689/1689
f 1692/1692/1692 1693/1693/1693 1694/1694/1694
f 1695/1695/1695 1694/1694/1694 1693/1693/1693
f 1696/1696/1696 1697/1697/1697 1692/1692/1692
f 1693/1693/1693 1692/1692/1692 1697/1697/1697
f 1698/1698/1698 1699/1699/1699 1696/1696/1696
f 1697/1697/1697 1696/1696/1696 1699/1699/1699
f 1671/1671/1671 1670/1670/1670 1700/1700/1700
f 1701/1701/1701 1700/1700/1700 1670/1670/1670
f 1686/1686/1686 1687/1687/1687 1669/1669/1669
f 1670/1670/1670 1669/1669/1669 1687/1687/1687
f 1702/1702/1702 1504/1504/1504 1703/1703/1703
f 1499/1499/1499 1703/1703/1703 1504/1504/1504
f 1704/1704/1704 1503/1503/1503 1702/1702/1702
f 1504/1504/1504 1702/1702/1702 1503/1503/1503
f 1705/1705/1705 1706/1706/1706 1704/1704/1704
f 1503/1503/1503 1704/1704/1704 1706/1706/1706
f 1707/1707/1707 1708/1708/1708 1186/1186/1186
f 1185/1185/1185 1186/1186/1186 1708/1708/1708
f 1707/1707/1707 1709/1709/1709 1708/1708/1708
f 1710/1710/1710 1708/1708/1708 1709/1709/1709
f 1711/1711/1711 1710/1710/1710 1712/1712/1712
f 1709/1709/1709 1712/1712/1712 1710/1710/1710
f 1713/1713/1713 1714/1714/1714 1715/1715/1715
f 1715/1715/1715 1714/1714/1714 1716/1716/1716
f 1716/1716/1716 1714/1714/1714 1717/1717/1717
f 1717/1717/1717 1718/1718/1718 1716/1716/1716
f 1719/1719/1719 1716/1716/1716 1718/1718/1718
f 1720/1720/1720 1721/1721/1721 1722/1722/1722
f 1715/1715/1715 1722/1722/1722 1713/1713/1713
f 1722/1722/1722 1721/1721/1721 1713/1713/1713
f 1713/1713/1713 1721/1721/1721 1723/1723/1723
f 1724/1724/1724 1725/1725/1725 1726/1726/1726
f 1726/1726/1726 1725/1725/1725 1727/1727/1727
f 1727/1727/1727 1725/1725/1725 1728/1728/1728
f 1728/1728/1728 1725/1725/1725 1729/1729/1729
f 1730/1730/1730 1717/1717/1717 1714/1714/1714
f 1731/1731/1731 1730/1730/1730 1732/1732/1732
f 1714/1714/1714 1732/1732/1732 1730/1730/1730
f 1733/1733/1733 1734/1734/1734 1735/1735/1735
f 1736/1736/1736 1737/1737/1737 1738/1738/1738
f 1739/1739/1739 1738/1738/1738 1737/1737/1737
f 1740/1740/1740 1741/1741/1741 1738/1738/1738
f 1736/1736/1736 1738/1738/1738 1741/1741/1741
f 1742/1742/1742 1743/1743/1743 1744/1744/1744
f 1744/1744/1744 1743/1743/1743 1745/1745/1745
f 1745/1745/1745 1743/1743/1743 1746/1746/1746
f 1746/1746/1746 1743/1743/1743 1747/1747/1747
f 1714/1714/1714 1736/1736/1736 1748/1748/1748
f 1714/1714/1714 1748/1748/1748 1732/1732/1732
f 1749/1749/1749 1732/1732/1732 1748/1748/1748
f 1750/1750/1750 1751/1751/1751 1752/1752/1752
f 1723/1723/1723 1753/1753/1753 1713/1713/1713
f 1713/1713/1713 1753/1753/1753 1737/1737/1737
f 1737/1737/1737 1753/1753/1753 1754/1754/1754
f 1737/1737/1737 1736/1736/1736 1713/1713/1713
f 1714/1714/1714 1713/1713/1713 1736/1736/1736
