# Exported by ZModeler 2.2.6 (Build 981) with WavefrontOBJ filter (Build 45)
# 

mtllib car02.mtl

v 0.333117 1.12464 1.36013
v 0.000123569 1.23315 1.10676
v 0.000123582 1.13783 1.38009
v 0.311209 1.2197 1.09095
v 0.526216 1.10755 1.32543
v 0.516143 1.19421 1.07203
v 0.349075 0.975433 1.76611
v 0.537248 0.966997 1.71268
v 0.000123605 0.985766 1.7953
v -0.33287 1.12464 1.36013
v -0.310961 1.2197 1.09095
v -0.525969 1.10755 1.32543
v -0.515895 1.19421 1.07203
v -0.348827 0.975433 1.76611
v -0.537 0.966997 1.71268
v 0.734753 0.985575 0.0532565
v 0.659019 1.21431 0.695297
v 0.727746 1.01771 0.652761
v 0.64301 1.23494 0.367631
v 0.643233 1.22099 0.0820787
v 0.666378 1.14841 -0.283189
v 0.788165 0.819415 0.599572
v 0.785375 0.787216 -0.314773
v 0.718751 0.945886 -0.62599
v 0.77383 0.805743 -0.638509
v 0.000123497 1.00774 -0.735507
v -0.315695 1.16167 -0.40331
v 0.00012351 1.17776 -0.418596
v -0.315173 0.998454 -0.713746
v -0.587527 1.133 -0.379438
v -0.631979 0.973546 -0.654058
v 0.000123476 0.827672 -1.07056
v -0.314964 0.817314 -1.04309
v -0.658798 0.812254 -0.920751
v -0.611428 0.794069 -0.976687
v 0.315942 1.16167 -0.40331
v 0.315419 0.998454 -0.713746
v 0.587774 1.133 -0.379438
v 0.632226 0.973546 -0.654058
v 0.315211 0.817314 -1.04309
v 0.659045 0.812254 -0.920751
v 0.611675 0.794069 -0.976687
v -0.734505 0.985575 0.0532565
v -0.658772 1.21431 0.695297
v -0.642763 1.23494 0.367631
v -0.727499 1.01771 0.652761
v -0.666131 1.14841 -0.283189
v -0.642986 1.22099 0.0820787
v -0.787918 0.819415 0.599572
v -0.785128 0.787216 -0.314773
v -0.718504 0.945886 -0.62599
v -0.773583 0.805743 -0.638508
v -0.695152 1.11748 0.887129
v -0.725408 1.02494 0.762243
v -0.721383 1.01281 1.13254
v -0.692103 1.13429 0.80037
v -0.695819 1.12307 0.781956
v -0.775077 0.859529 0.738917
v -0.749442 0.916572 1.19927
v -0.76106 0.874327 1.20555
v -0.780817 0.839101 0.755157
v 0.692351 1.13429 0.80037
v 0.725655 1.02494 0.762243
v 0.696067 1.12307 0.781956
v 0.695399 1.11748 0.887128
v 0.721631 1.01281 1.13254
v 0.775325 0.859529 0.738917
v 0.749689 0.916572 1.19927
v 0.761308 0.874327 1.20555
v 0.781065 0.839101 0.755157
v 0.311209 1.2197 1.09095
v 0.000123569 1.27879 0.95362
v 0.000123569 1.23315 1.10676
v 0.300451 1.26521 0.940069
v 0.516143 1.19421 1.07203
v 0.573003 1.23477 0.909172
v 0.352701 0.96016 1.83219
v 0.000123605 0.985766 1.7953
v 0.000123611 0.968847 1.86517
v 0.349075 0.975433 1.76611
v 0.526216 1.10755 1.32543
v 0.608729 0.943074 1.76001
v 0.599105 1.05486 1.43937
v 0.537248 0.966997 1.71268
v 0.59108 1.14159 1.19563
v -0.310961 1.2197 1.09095
v -0.300203 1.26521 0.940069
v -0.515895 1.19421 1.07203
v -0.572756 1.23477 0.909172
v -0.352453 0.96016 1.83219
v -0.348827 0.975433 1.76611
v -0.525969 1.10755 1.32543
v -0.608481 0.943075 1.76001
v -0.537 0.966997 1.71268
v -0.598858 1.05486 1.43937
v -0.590832 1.14159 1.19563
v -0.314964 0.817314 -1.04309
v 0.000123477 0.794605 -1.14019
v -0.31503 0.783285 -1.11088
v 0.000123476 0.827672 -1.07056
v -0.611428 0.794069 -0.976687
v -0.621426 0.758015 -1.03817
v -0.720854 0.755831 -0.979351
v -0.658798 0.812254 -0.920751
v -0.669394 0.968004 -0.642076
v -0.631979 0.973546 -0.654058
v -0.315603 1.20011 -0.299479
v 0.00012351 1.17776 -0.418596
v -0.315695 1.16167 -0.40331
v 0.000123516 1.21115 -0.308203
v -0.591826 1.17459 -0.29572
v -0.587527 1.133 -0.379438
v 0.315211 0.817314 -1.04309
v 0.315277 0.783285 -1.11088
v 0.611675 0.794069 -0.976687
v 0.621673 0.758015 -1.03817
v 0.721101 0.755831 -0.979351
v 0.659045 0.812254 -0.920751
v 0.669641 0.968004 -0.642076
v 0.632226 0.973546 -0.654058
v 0.31585 1.20011 -0.299479
v 0.315942 1.16167 -0.40331
v 0.592073 1.17459 -0.29572
v 0.587774 1.133 -0.379438
v -0.788845 0.805944 0.685777
v -0.725408 1.02494 0.762243
v -0.727725 1.02258 0.724495
v -0.775077 0.859529 0.738917
v -0.692103 1.13429 0.80037
v -0.686913 1.14305 0.901586
v -0.675277 1.17264 0.757054
v -0.695152 1.11748 0.887129
v -0.695819 1.12307 0.781956
v -0.767734 0.856423 1.23872
v -0.749442 0.916572 1.19927
v -0.76106 0.874327 1.20555
v -0.741124 0.941897 1.21737
v -0.780817 0.839101 0.755157
v -0.721383 1.01281 1.13254
v -0.714499 1.03501 1.1431
v 0.789092 0.805944 0.685777
v 0.725655 1.02494 0.762243
v 0.775325 0.859529 0.738917
v 0.727973 1.02258 0.724495
v 0.692351 1.13429 0.80037
v 0.687161 1.14305 0.901585
v 0.695399 1.11748 0.887128
v 0.675525 1.17264 0.757054
v 0.696067 1.12307 0.781956
v 0.768031 0.856438 1.23872
v 0.749689 0.916572 1.19927
v 0.741372 0.941897 1.21737
v 0.761308 0.874327 1.20555
v 0.781065 0.839101 0.755157
v 0.721631 1.01281 1.13254
v 0.714746 1.03501 1.1431
v 0.77383 0.805743 -0.638509
v 0.782561 0.783492 -0.638509
v 0.759831 0.776026 -0.816874
v 0.269136 0.519493 -2.36033
v 0.000123423 0.428206 -2.45358
v 0.000123425 0.519309 -2.4004
v 0.287483 0.436386 -2.4096
v 0.36702 0.509074 -2.34186
v 0.379188 0.508951 -2.34636
v 0.269136 0.519493 -2.36033
v 0.25933 0.513548 -2.37844
v 0.36702 0.509074 -2.34186
v 0.000123425 0.519309 -2.4004
v 0.000123416 0.517576 -2.41232
v 0.283105 0.78165 -1.46866
v 0.271715 0.786801 -1.43885
v 0.283105 0.798634 -1.444
v 0.294496 0.78583 -1.43885
v 0.283105 0.78165 -1.46866
v 0.283105 0.798634 -1.444
v 0.271715 0.786801 -1.43885
v 0.294496 0.78583 -1.43885
v 0.283105 0.798634 -1.444
v 0.727973 1.02258 0.724495
v 0.659019 1.21431 0.695297
v 0.675525 1.17264 0.757054
v 0.727746 1.01771 0.652761
v 0.789092 0.805944 0.685777
v 0.788165 0.819415 0.599572
v 0.705834 1.06308 1.15727
v 0.741372 0.941897 1.21737
v 0.714746 1.03501 1.1431
v 0.733089 0.964097 1.24676
v 0.768031 0.856438 1.23872
v 0.762249 0.861244 1.28342
v 0.687161 1.14305 0.901585
v 0.67794 1.17191 0.902721
v 0.000123515 1.21904 -0.277007
v 0.31585 1.20011 -0.299479
v 0.000123516 1.21115 -0.308203
v 0.571829 1.19566 -0.259423
v 0.592073 1.17459 -0.29572
v 0.637694 1.16772 -0.294467
v 0.669641 0.968004 -0.642076
v 0.696666 0.964326 -0.638036
v 0.721101 0.755831 -0.979351
v 0.74722 0.752012 -0.973021
v 0.806579 0.827767 -0.657251
v 0.805789 0.937609 -0.659819
v 0.782729 0.882604 -0.668067
v 0.952476 0.822528 -0.597717
v 0.973515 0.851526 -0.58946
v 0.971584 0.894847 -0.591357
v 0.943691 0.935433 -0.603311
v 0.507922 0.238358 -2.31949
v 0.000123425 0.111871 -2.36764
v 0.000123421 0.250291 -2.36796
v 0.485757 0.116605 -2.32146
v 0.641991 0.243733 -2.32354
v 0.726803 0.127911 -2.20664
v 0.626768 0.117001 -2.30784
v 0.725095 0.243842 -2.24276
v 0.797078 0.240068 -2.11256
v 0.789354 0.178617 -2.12071
v 0.528016 0.223953 2.36811
v 0.470421 0.172823 2.327
v 0.502774 0.225963 2.27058
v 0.706312 0.169031 2.26985
v 0.673268 0.221132 2.21054
v 0.72429 0.137929 2.1919
v 0.668813 0.22071 2.3192
v 0.564036 0.0838868 1.87121
v 0.77383 0.805743 -0.638509
v 0.794106 0.764965 -0.314773
v 0.782561 0.783492 -0.638509
v 0.785375 0.787216 -0.314773
v 0.794763 0.797761 0.593763
v 0.788165 0.819415 0.599572
v 0.794763 0.797761 0.593763
v 0.718751 0.945886 -0.62599
v 0.74346 0.830685 -0.803876
v -0.759584 0.776026 -0.816873
v -0.782314 0.783492 -0.638508
v -0.773582 0.805743 -0.638508
v -0.287236 0.436386 -2.4096
v -0.268889 0.519493 -2.36033
v -0.366773 0.509074 -2.34186
v -0.378941 0.508951 -2.34636
v -0.268889 0.519493 -2.36033
v -0.366773 0.509074 -2.34186
v -0.259083 0.513548 -2.37844
v -0.282859 0.798634 -1.444
v -0.271468 0.786801 -1.43885
v -0.282859 0.78165 -1.46866
v -0.282859 0.798634 -1.444
v -0.282859 0.78165 -1.46866
v -0.294249 0.78583 -1.43885
v -0.282859 0.798634 -1.444
v -0.294249 0.78583 -1.43885
v -0.271468 0.786801 -1.43885
v -0.727725 1.02258 0.724495
v -0.658772 1.21431 0.695297
v -0.727499 1.01771 0.652761
v -0.675277 1.17264 0.757054
v -0.788845 0.805944 0.685777
v -0.787918 0.819415 0.599572
v -0.705587 1.06308 1.15727
v -0.741124 0.941897 1.21737
v -0.732842 0.964097 1.24676
v -0.714499 1.03501 1.1431
v -0.767734 0.856423 1.23872
v -0.762002 0.861243 1.28342
v -0.686913 1.14305 0.901586
v -0.677692 1.17191 0.902721
v -0.571581 1.19566 -0.259423
v -0.315603 1.20011 -0.299479
v -0.591826 1.17459 -0.29572
v -0.637447 1.16772 -0.294467
v -0.669394 0.968004 -0.642076
v -0.696419 0.964326 -0.638036
v -0.971337 0.894847 -0.591357
v -0.805542 0.937609 -0.659818
v -0.943444 0.935433 -0.603311
v -0.973268 0.851526 -0.589459
v -0.952229 0.822528 -0.597716
v -0.806332 0.827767 -0.657251
v -0.782482 0.882604 -0.668067
v -0.48551 0.116605 -2.32146
v -0.507676 0.238357 -2.31949
v -0.796832 0.240068 -2.11256
v -0.726556 0.127911 -2.20664
v -0.789107 0.178617 -2.12071
v -0.724849 0.243842 -2.24276
v -0.641744 0.243733 -2.32354
v -0.626522 0.117001 -2.30784
v -0.470174 0.172823 2.327
v -0.527768 0.223953 2.36811
v -0.502527 0.225963 2.27058
v -0.668565 0.22071 2.3192
v -0.724042 0.137929 2.1919
v -0.67302 0.221132 2.21054
v -0.706064 0.169031 2.26985
v -0.563789 0.0838867 1.87121
v -0.773582 0.805743 -0.638508
v -0.793859 0.764965 -0.314773
v -0.785128 0.787216 -0.314773
v -0.782314 0.783492 -0.638508
v -0.794515 0.797761 0.593763
v -0.787918 0.819415 0.599572
v -0.794515 0.797761 0.593763
v -0.718504 0.945886 -0.62599
v -0.748396 0.830685 -0.803875
v 0.583941 1.26788 0.706534
v 0.563589 1.24209 0.912412
v 0.59118 1.23398 0.909172
v 0.556229 1.27578 0.708263
v 0.582914 1.27763 0.375987
v 0.553711 1.28586 0.376686
v 0.583103 1.25658 0.0714897
v 0.560519 1.26282 0.0703527
v 0.583233 1.19567 -0.259423
v 0.560874 1.20194 -0.260762
v -0.583694 1.26788 0.706534
v -0.563341 1.24209 0.912412
v -0.555981 1.27578 0.708263
v -0.590933 1.23398 0.909172
v -0.582666 1.27763 0.375987
v -0.553463 1.28586 0.376686
v -0.582856 1.25658 0.0714897
v -0.560272 1.26282 0.0703527
v -0.582986 1.19567 -0.259423
v -0.560627 1.20194 -0.260762
v 0.74722 0.752012 -0.973021
v 0.688042 0.767648 -1.06706
v 0.721101 0.755831 -0.979351
v 0.38089 0.791875 -1.08352
v 0.000123473 0.829655 -1.22617
v 0.000123476 0.808804 -1.11481
v 0.384841 0.816938 -1.1887
v 0.681122 0.764931 -1.00756
v -0.720854 0.755831 -0.979351
v -0.687796 0.767648 -1.06706
v -0.746973 0.752012 -0.973021
v -0.384594 0.816938 -1.1887
v -0.380643 0.791875 -1.08352
v -0.680875 0.764931 -1.00756
v -0.720854 0.755831 -0.979351
v -0.746973 0.752012 -0.973021
v 0.575603 0.793841 2.24315
v 0.533953 0.793777 2.28987
v 0.533953 0.793777 2.25234
v 0.533953 0.793777 2.28987
v 0.575603 0.793841 2.24315
v 0.575507 0.793806 2.28041
v -0.675766 0.540123 -2.19553
v -0.69518 0.449771 -2.14459
v -0.728293 0.539777 -2.15423
v -0.782686 0.506652 -2.12229
v -0.529459 0.451836 -2.26111
v -0.375495 0.422647 -2.40914
v -0.389377 0.407472 -2.4158
v -0.577722 0.404201 -2.34645
v -0.68445 0.407873 -2.27637
v -0.675766 0.540123 -2.19553
v -0.410709 0.508021 -2.33478
v -0.68445 0.407873 -2.27637
v -0.718524 0.409045 -2.25399
v -0.812329 0.423184 -2.12141
v -0.569836 0.523687 -2.27001
v 0.72854 0.539777 -2.15423
v 0.695427 0.449771 -2.14459
v 0.676012 0.540123 -2.19553
v 0.782933 0.506652 -2.12229
v 0.389623 0.407472 -2.4158
v 0.375741 0.422647 -2.40914
v 0.529706 0.451836 -2.26111
v 0.577968 0.404201 -2.34645
v 0.684697 0.407873 -2.27637
v 0.676012 0.540123 -2.19553
v 0.410955 0.508021 -2.33478
v 0.71877 0.409045 -2.25399
v 0.684697 0.407873 -2.27637
v 0.812576 0.423184 -2.12141
v 0.570083 0.523687 -2.27001
v 0.681695 0.791494 2.19898
v 0.503334 0.62558 2.28909
v 0.687981 0.621091 2.22317
v 0.575603 0.793841 2.24315
v 0.533953 0.793777 2.25234
v 0.693354 0.879684 2.21105
v 0.607274 0.887568 2.24743
v 0.770205 0.830317 2.18293
v 0.815256 0.619528 2.17244
v 0.814642 0.66742 2.1718
v 0.533953 0.793777 2.25234
v 0.503334 0.62558 2.32662
v 0.503334 0.62558 2.28909
v 0.503334 0.62558 2.32662
v 0.533953 0.793777 2.25234
v 0.533953 0.793777 2.28987
v 0.575603 0.793841 2.24315
v 0.533953 0.793777 2.28987
v 0.533953 0.793777 2.28987
v 0.575603 0.793841 2.24315
v 0.575507 0.793806 2.28041
v 0.503334 0.62558 2.28909
v 0.687981 0.621091 2.27281
v 0.687981 0.621091 2.22317
v 0.687981 0.621091 2.27281
v 0.503334 0.62558 2.28909
v 0.503334 0.62558 2.32662
v 0.607274 0.887568 2.24743
v 0.575507 0.793806 2.28041
v 0.575603 0.793841 2.24315
v 0.575507 0.793806 2.28041
v 0.607274 0.887568 2.24743
v 0.604368 0.870741 2.2602
v 0.687981 0.621091 2.22317
v 0.791506 0.620204 2.20187
v 0.815256 0.619528 2.17244
v 0.791506 0.620204 2.20187
v 0.687981 0.621091 2.22317
v 0.687981 0.621091 2.27281
v -0.575356 0.793841 2.24315
v -0.503086 0.62558 2.28909
v -0.533706 0.793777 2.25234
v -0.681447 0.791494 2.19898
v -0.687734 0.621091 2.22317
v -0.693106 0.879684 2.21105
v -0.607026 0.887568 2.24743
v -0.769957 0.830317 2.18293
v -0.814394 0.66742 2.1718
v -0.815008 0.619528 2.17244
v -0.533706 0.793777 2.25234
v -0.503086 0.62558 2.32662
v -0.533706 0.793777 2.28987
v -0.503086 0.62558 2.32662
v -0.533706 0.793777 2.25234
v -0.503086 0.62558 2.28909
v -0.575356 0.793841 2.24315
v -0.533706 0.793777 2.28987
v -0.575259 0.793806 2.28041
v -0.533706 0.793777 2.28987
v -0.575356 0.793841 2.24315
v -0.533706 0.793777 2.25234
v -0.503086 0.62558 2.28909
v -0.687734 0.621091 2.27281
v -0.503086 0.62558 2.32662
v -0.687734 0.621091 2.27281
v -0.503086 0.62558 2.28909
v -0.687734 0.621091 2.22317
v -0.607026 0.887568 2.24743
v -0.575259 0.793806 2.28041
v -0.60412 0.870741 2.2602
v -0.575259 0.793806 2.28041
v -0.607026 0.887568 2.24743
v -0.575356 0.793841 2.24315
v -0.687734 0.621091 2.22317
v -0.791259 0.620204 2.20187
v -0.687734 0.621091 2.27281
v -0.791259 0.620204 2.20187
v -0.687734 0.621091 2.22317
v -0.815008 0.619528 2.17244
v 0.425785 0.151439 2.0954
v 0.453808 0.0991079 1.87334
v 0.481831 0.0800839 2.10068
v 0.703492 0.0800839 2.10068
v 0.731515 0.0991079 1.87334
v 0.759538 0.151439 2.0954
v 0.759538 0.151439 2.0954
v 0.481831 0.0800839 2.10068
v 0.703492 0.0800839 2.10068
v 0.592923 0.272916 2.08909
v 0.425785 0.151439 2.0954
v 0.560631 0.0981093 2.08569
v 0.592571 0.0953576 2.29403
v 0.555996 0.107204 2.29309
v 0.62451 0.0981093 2.0857
v 0.629145 0.107204 2.29309
v 0.540892 0.158668 2.08085
v 0.533392 0.138217 2.2906
v 0.533392 0.176551 2.28754
v 0.592571 0.196095 2.07786
v 0.555996 0.207564 2.28506
v 0.592571 0.21941 2.28411
v 0.644249 0.158668 2.08085
v 0.629145 0.207564 2.28506
v 0.651749 0.176551 2.28754
v 0.592571 0.196095 2.07786
v 0.592571 0.21941 2.28411
v 0.651749 0.138217 2.2906
v 0.644249 0.158668 2.08085
v 0.651749 0.176551 2.28754
v 0.555996 0.107204 2.29309
v 0.592571 0.107359 2.30338
v 0.562483 0.117104 2.3026
v 0.592571 0.0953576 2.29403
v 0.622658 0.117104 2.3026
v 0.629145 0.107204 2.29309
v 0.533392 0.176551 2.28754
v 0.543889 0.142617 2.30056
v 0.543889 0.174151 2.29804
v 0.533392 0.138217 2.2906
v 0.592571 0.21941 2.28411
v 0.562483 0.199663 2.296
v 0.592571 0.209408 2.29522
v 0.555996 0.207564 2.28506
v 0.651749 0.176551 2.28754
v 0.622658 0.199663 2.296
v 0.641253 0.174151 2.29804
v 0.629145 0.207564 2.28506
v 0.641253 0.142617 2.30056
v 0.651749 0.138217 2.2906
v -0.765228 0.151439 2.0954
v -0.737206 0.0991079 1.87334
v -0.709183 0.0800842 2.10068
v -0.487521 0.0800842 2.10068
v -0.459498 0.0991079 1.87334
v -0.431476 0.151439 2.0954
v -0.431476 0.151439 2.0954
v -0.709183 0.0800842 2.10068
v -0.487521 0.0800842 2.10068
v -0.598091 0.272917 2.08909
v -0.765228 0.151439 2.0954
v -0.630382 0.0981097 2.08569
v -0.598443 0.0953579 2.29403
v -0.635018 0.107204 2.29309
v -0.566504 0.0981093 2.0857
v -0.561869 0.107204 2.29309
v -0.650122 0.158668 2.08085
v -0.657622 0.138217 2.2906
v -0.657622 0.176551 2.28754
v -0.598443 0.196096 2.07786
v -0.635018 0.207564 2.28506
v -0.598443 0.21941 2.28411
v -0.546764 0.158668 2.08085
v -0.561869 0.207564 2.28506
v -0.539264 0.176551 2.28754
v -0.598443 0.196096 2.07786
v -0.598443 0.21941 2.28411
v -0.539264 0.138217 2.2906
v -0.546764 0.158668 2.08085
v -0.539264 0.176551 2.28754
v -0.635018 0.107204 2.29309
v -0.598443 0.10736 2.30338
v -0.62853 0.117104 2.3026
v -0.598443 0.0953579 2.29403
v -0.568356 0.117104 2.3026
v -0.561869 0.107204 2.29309
v -0.657622 0.176551 2.28754
v -0.647125 0.142617 2.30056
v -0.647125 0.174151 2.29804
v -0.657622 0.138217 2.2906
v -0.598443 0.21941 2.28411
v -0.62853 0.199664 2.296
v -0.598443 0.209408 2.29522
v -0.635018 0.207564 2.28506
v -0.539264 0.176551 2.28754
v -0.568356 0.199664 2.296
v -0.549761 0.174151 2.29804
v -0.561869 0.207564 2.28506
v -0.549761 0.142616 2.30056
v -0.539264 0.138217 2.2906
v 0.563619 0.570147 -1.79027
v 0.921984 0.405657 -1.77705
v 0.924171 0.484055 -1.67282
v 0.563557 0.337334 -1.89997
v 0.911073 0.302131 -1.83903
v 0.563618 0.569836 -1.24915
v 0.924101 0.528357 -1.50497
v 0.922799 0.476104 -1.32664
v 0.919435 0.335816 -1.18676
v 0.563558 0.336674 -1.1237
v 0.914737 0.0489943 -1.88168
v 0.563434 0.0112761 -1.92276
v 0.89404 0.0112761 -1.88107
v 0.898322 0.128886 -1.87957
v 0.563426 0.00963757 -1.09014
v 0.938742 0.0490908 1.09083
v 0.564036 0.0107504 1.04245
v 0.889675 0.0107504 1.09108
v 0.920272 0.195007 1.08622
v 0.564037 0.342247 1.06032
v 0.936149 0.351222 1.13473
v 0.910232 0.194291 1.81083
v 0.564037 0.34224 1.82489
v 0.930917 0.364825 1.75075
v 0.924312 0.128715 1.82092
v 0.914857 0.0797443 1.82502
v 0.884798 0.0642921 1.82257
v 0.564036 0.0838868 1.87121
v 0.564037 0.556287 1.193
v 0.937631 0.457691 1.24065
v 0.564037 0.556507 1.72097
v 0.940738 0.464271 1.64847
v 0.909724 0.177265 -1.13599
v 0.905307 0.138459 -1.1318
v 0.92104 0.0480131 -1.13152
v 0.892848 0.00963756 -1.13182
v -0.563311 0.337334 -1.89997
v -0.921737 0.405657 -1.77705
v -0.910827 0.302131 -1.83903
v -0.563372 0.570147 -1.79027
v -0.923924 0.484055 -1.67282
v -0.923854 0.528357 -1.50497
v -0.563372 0.569836 -1.24915
v -0.922552 0.476104 -1.32664
v -0.919188 0.335816 -1.18676
v -0.563311 0.336674 -1.1237
v -0.563187 0.0112761 -1.92276
v -0.898075 0.128886 -1.87957
v -0.914491 0.0489943 -1.88168
v -0.893794 0.0112761 -1.88107
v -0.56318 0.00963755 -1.09014
v -0.563789 0.0116411 1.04245
v -0.938494 0.0490908 1.09083
v -0.889428 0.0107504 1.09108
v -0.920025 0.195007 1.08622
v -0.56379 0.342247 1.06032
v -0.935902 0.351222 1.13473
v -0.88455 0.0642921 1.82257
v -0.563789 0.34224 1.82489
v -0.563789 0.0838867 1.87121
v -0.914609 0.0797443 1.82502
v -0.924064 0.128715 1.82092
v -0.909984 0.194291 1.81083
v -0.930669 0.364825 1.75075
v -0.56379 0.556287 1.193
v -0.937383 0.457691 1.24065
v -0.56379 0.556507 1.72097
v -0.94049 0.464271 1.64847
v -0.909477 0.177265 -1.13599
v -0.920793 0.0480131 -1.13152
v -0.892601 0.00963756 -1.13182
v -0.90506 0.138459 -1.1318
v 0.00012349 0.78137 -0.806152
v 0.38089 0.791875 -1.08352
v 0.000123476 0.808804 -1.11481
v 0.721101 0.743508 -1.02242
v 0.768659 0.750842 -0.806152
v -0.768413 0.750842 -0.806152
v -0.380643 0.791875 -1.08352
v -0.720854 0.743508 -1.02242
v -0.461387 0.854157 -0.806152
v -0.768413 0.750842 -0.806152
v 0.00012349 0.78137 -0.806152
v -0.461387 0.854157 -0.806152
v 0.789689 0.782082 2.03325
v -0.6704 0.887595 2.03325
v 0.670647 0.887595 2.03325
v -0.789441 0.782082 2.03325
v -0.81366 0.744167 -0.0120418
v 0.813908 0.744167 -0.0120418
v 0.538808 1.04403 0.538693
v 0.248028 1.04351 0.448777
v 0.244104 1.04403 0.538693
v 0.534884 1.04351 0.448777
v 0.561965 0.709483 0.388045
v 0.538808 1.04403 0.538693
v 0.56663 0.698848 0.508605
v 0.534884 1.04351 0.448777
v 0.56663 0.698848 0.508605
v 0.244104 1.04403 0.538693
v 0.216282 0.698848 0.508605
v 0.538808 1.04403 0.538693
v 0.216282 0.698848 0.508605
v 0.248028 1.04351 0.448777
v 0.220947 0.709483 0.388045
v 0.244104 1.04403 0.538693
v 0.220947 0.709483 0.388045
v 0.534884 1.04351 0.448777
v 0.561965 0.709483 0.388045
v 0.248028 1.04351 0.448777
v -0.552542 1.04403 0.538693
v -0.261763 1.04351 0.448777
v -0.548618 1.04351 0.448777
v -0.257838 1.04403 0.538693
v -0.575699 0.709483 0.388045
v -0.552542 1.04403 0.538693
v -0.548618 1.04351 0.448777
v -0.580364 0.698848 0.508605
v -0.580364 0.698848 0.508605
v -0.257838 1.04403 0.538693
v -0.552542 1.04403 0.538693
v -0.230016 0.698848 0.508605
v -0.230016 0.698848 0.508605
v -0.261763 1.04351 0.448777
v -0.257838 1.04403 0.538693
v -0.234682 0.709483 0.388045
v -0.234682 0.709483 0.388045
v -0.548618 1.04351 0.448777
v -0.261763 1.04351 0.448777
v -0.575699 0.709483 0.388045
v -0.789441 0.782082 2.03325
v 0.789689 0.782082 2.03325
v -0.7635 0.805743 -0.638508
v -0.766337 0.732336 -0.638508
v -0.743607 0.750695 -0.816873
v -0.717643 1.02258 0.724495
v -0.64869 1.21431 0.695297
v -0.665195 1.17264 0.757054
v -0.717416 1.01771 0.652761
v -0.778762 0.805944 0.685777
v -0.777835 0.819415 0.599572
v -0.731042 0.941897 1.21737
v -0.58075 1.14159 1.19563
v -0.588776 1.05486 1.43937
v -0.704417 1.03501 1.1431
v -0.757652 0.856423 1.23872
v -0.598399 0.943075 1.76001
v -0.731042 0.941897 1.21737
v -0.704417 1.03501 1.1431
v -0.562674 1.23477 0.909172
v -0.676831 1.14305 0.901586
v -0.64869 1.21431 0.695297
v -0.665195 1.17264 0.757054
v -0.549658 1.26689 0.706534
v -0.64869 1.21431 0.695297
v -0.546953 1.27632 0.375987
v -0.549658 1.26689 0.706534
v -0.632681 1.23494 0.367631
v -0.550795 1.25562 0.0714897
v -0.632904 1.22099 0.0820787
v -0.627365 1.16772 -0.294466
v -0.656049 1.14841 -0.283189
v -0.561499 1.19566 -0.259423
v -0.686337 0.964326 -0.638036
v -0.708422 0.945886 -0.62599
v -0.738314 0.830685 -0.803875
v -0.743607 0.750695 -0.816873
v -0.73689 0.730676 -0.973021
v -0.561499 1.19566 -0.259423
v -0.627365 1.16772 -0.294466
v -0.581744 1.17459 -0.29572
v -0.659312 0.968004 -0.642076
v -0.686337 0.964326 -0.638036
v -0.7635 0.805743 -0.638508
v -0.764032 0.715008 -0.314773
v -0.766337 0.732336 -0.638508
v -0.775046 0.787216 -0.314773
v -0.764688 0.699275 0.619145
v -0.777835 0.819415 0.599572
v -0.764688 0.699275 0.619145
v -0.708422 0.945886 -0.62599
v -0.738314 0.830685 -0.803875
v -0.720854 0.755831 -0.979351
v -0.73689 0.730676 -0.973021
v -0.598399 0.764663 1.76001
v -0.757652 0.856423 1.23872
v -0.598399 0.943075 1.76001
v -0.757652 0.678012 1.23872
v -0.778762 0.863146 1.31667
v -0.764688 0.699275 0.619145
v -0.778762 0.805944 0.685777
v -0.764688 0.699275 0.619145
v -0.778762 0.863146 1.31667
v -0.764688 0.756477 1.25004
v -0.352453 0.96016 1.83219
v -0.598399 0.764663 1.76001
v -0.598399 0.943075 1.76001
v -0.352453 0.781748 1.83219
v 0.000123601 0.968847 1.86517
v -0.352453 0.781748 1.83219
v -0.352453 0.96016 1.83219
v 0.000123601 0.790436 1.86517
v 0.717643 1.02258 0.724495
v 0.64869 1.21431 0.695297
v 0.717417 1.01771 0.652761
v 0.665196 1.17264 0.757054
v 0.778763 0.805944 0.685777
v 0.777836 0.819415 0.599572
v 0.731043 0.941897 1.21737
v 0.580751 1.14159 1.19563
v 0.704417 1.03501 1.1431
v 0.588776 1.05486 1.43937
v 0.757652 0.856423 1.23872
v 0.731043 0.941897 1.21737
v 0.598399 0.943075 1.76001
v 0.704417 1.03501 1.1431
v 0.562674 1.23477 0.909172
v 0.676832 1.14305 0.901586
v 0.64869 1.21431 0.695297
v 0.665196 1.17264 0.757054
v 0.549658 1.26689 0.706534
v 0.64869 1.21431 0.695297
v 0.546953 1.27632 0.375987
v 0.632681 1.23494 0.367631
v 0.549658 1.26689 0.706534
v 0.550795 1.25562 0.0714897
v 0.632904 1.22099 0.0820787
v 0.561499 1.19566 -0.259423
v 0.592073 1.17459 -0.29572
v 0.656049 1.14841 -0.283189
v 0.669641 0.968004 -0.642076
v 0.708422 0.945886 -0.62599
v 0.77383 0.805743 -0.638509
v 0.764032 0.715008 -0.314773
v 0.775046 0.787216 -0.314773
v 0.766337 0.732336 -0.638509
v 0.764688 0.699275 0.619145
v 0.777836 0.819415 0.599572
v 0.738314 0.830685 -0.803876
v 0.77383 0.805743 -0.638509
v 0.708422 0.945886 -0.62599
v 0.721101 0.755831 -0.979351
v 0.738314 0.830685 -0.803876
v 0.721101 0.755831 -0.979351
v 0.598399 0.764663 1.76001
v 0.757652 0.856423 1.23872
v 0.757652 0.678012 1.23872
v 0.757652 0.856423 1.23872
v 0.598399 0.764663 1.76001
v 0.598399 0.943075 1.76001
v 0.778763 0.863146 1.31667
v 0.764688 0.699275 0.619145
v 0.764688 0.756477 1.25004
v 0.764688 0.699275 0.619145
v 0.778763 0.863146 1.31667
v 0.778763 0.805944 0.685777
v 0.352454 0.96016 1.83219
v 0.598399 0.764663 1.76001
v 0.352454 0.781748 1.83219
v 0.598399 0.943075 1.76001
v -0.000123438 0.968847 1.86517
v 0.352454 0.781748 1.83219
v -0.000123438 0.790436 1.86517
v 0.352454 0.96016 1.83219
v 0.777836 0.735049 0.599572
v 0.778763 0.805944 0.685777
v 0.777836 0.819415 0.599572
v 0.778763 0.721579 0.685777
v 0.73689 0.664694 -0.973021
v 0.77383 0.805743 -0.638509
v 0.721101 0.755831 -0.979351
v 0.77383 0.805743 -0.638509
v 0.73689 0.664694 -0.973021
v 0.77383 0.739761 -0.638509
v 0.571829 1.19566 -0.259423
v 0.000123537 1.28992 0.38352
v 0.000123516 1.21115 -0.308203
v 0.561124 1.26228 0.398392
v -0.560877 1.26228 0.398392
v -0.581744 1.17459 -0.29572
v 0.573003 1.23477 0.909172
v 0.000123537 1.28992 0.38352
v 0.561124 1.26228 0.398392
v 0.000123537 1.28992 0.38352
v 0.573003 1.23477 0.909172
v 0.000123569 1.27879 0.95362
v 0.000123569 1.27879 0.95362
v -0.560877 1.26228 0.398392
v 0.000123537 1.28992 0.38352
v -0.560877 1.26228 0.398392
v 0.000123569 1.27879 0.95362
v -0.562674 1.23477 0.909172
v 0.563434 0.0112761 -1.92276
v 0.000123423 0.0431966 -2.39895
v 0.690598 0.024735 -2.25735
v -0.563187 0.0112761 -1.92276
v -0.690352 0.024735 -2.25735
v 0.564036 0.0107504 1.04245
v 0.869758 0.0102303 0.506642
v 0.889675 0.0107504 1.09108
v 0.873482 0.00966617 -0.756296
v 0.563426 0.00963757 -1.09014
v 0.892848 0.00963756 -1.13182
v 0.89404 0.0112761 -1.88107
v -0.563789 0.0838867 1.87121
v 1.65512e-005 0.18109 2.39103
v -0.470174 0.172823 2.327
v 0.564036 0.0838868 1.87121
v 0.470421 0.172823 2.327
v 0.72429 0.137929 2.1919
v 0.884798 0.0642921 1.82257
v -0.56318 0.00963755 -1.09014
v -0.869511 0.0102303 0.506642
v -0.563789 0.0116411 1.04245
v -0.889428 0.0107504 1.09108
v -0.873235 0.00966617 -0.756296
v -0.892601 0.00963756 -1.13182
v -0.893794 0.0112761 -1.88107
v -0.88455 0.0642921 1.82257
v -0.724042 0.137929 2.1919
v 0.564036 0.0107504 1.04245
v 0.782933 0.506652 -2.12229
v 0.882601 0.407255 -1.94803
v 0.812576 0.423184 -2.12141
v 0.817321 0.574012 -1.86923
v 0.871236 0.554609 -1.81505
v 0.766942 0.633212 -1.80736
v 0.72854 0.539777 -2.15423
v 0.920958 0.410225 -1.80953
v 0.920058 0.513165 -1.6837
v 0.920058 0.513165 -1.6837
v 0.921984 0.405657 -1.77705
v 0.920958 0.410225 -1.80953
v 0.924171 0.484055 -1.67282
v 0.89181 0.543329 -0.80198
v 0.909904 0.443031 -1.1011
v 0.900013 0.545429 -1.19083
v 0.897888 0.361322 -0.801169
v 0.908301 0.34287 -1.0476
v 0.802206 0.759323 -0.797362
v 0.847321 0.665097 -1.31273
v 0.791255 0.716401 -1.29005
v 0.84459 0.708187 -0.761616
v 0.875059 0.626654 -1.33023
v 0.877547 0.18077 -0.77826
v 0.902449 0.341265 -0.796581
v 0.897041 0.178402 -1.01891
v 0.849117 0.649504 -1.50593
v 0.925249 0.560211 -1.50232
v 0.925337 0.50341 -1.3106
v 0.784907 0.68781 -1.52682
v 0.850919 0.625962 -1.67163
v 0.925249 0.560211 -1.50232
v 0.924101 0.528357 -1.50497
v 0.925337 0.50341 -1.3106
v 0.922799 0.476104 -1.32664
v 0.924573 0.350506 -1.15716
v 0.914784 0.177899 -1.10123
v 0.914784 0.177899 -1.10123
v 0.919435 0.335816 -1.18676
v 0.924573 0.350506 -1.15716
v 0.909724 0.177265 -1.13599
v 0.734083 0.642999 -1.78867
v 0.676012 0.540123 -2.19553
v 0.761273 0.724739 -1.28277
v 0.908301 0.34287 -1.0476
v 0.897264 0.35097 -0.79968
v 0.902449 0.341265 -0.796581
v 0.908301 0.34287 -1.0476
v 0.897888 0.361322 -0.801169
v 0.897264 0.35097 -0.79968
v 0.788142 0.829759 1.93145
v 0.693354 0.879684 2.21105
v 0.770205 0.830317 2.18293
v 0.709586 0.888037 1.85574
v 0.762249 0.861244 1.28342
v 0.823434 0.814883 1.26638
v 0.768031 0.856438 1.23872
v 0.829247 0.76681 0.611814
v 0.794763 0.797761 0.593763
v 0.941131 0.367528 1.10893
v 0.920272 0.195007 1.08622
v 0.925058 0.19257 1.0518
v 0.936149 0.351222 1.13473
v 0.942836 0.48527 1.22481
v 0.937631 0.457691 1.24065
v 0.932526 0.36565 1.01204
v 0.901199 0.353401 0.574183
v 0.900247 0.365221 0.579192
v 0.932526 0.36565 1.01204
v 0.900247 0.365221 0.579192
v 0.901953 0.377517 0.582244
v 0.851005 0.671422 2.0003
v 0.814642 0.66742 2.1718
v 0.864392 0.652872 2.00036
v 0.886088 0.647168 1.58349
v 0.920672 0.613673 1.57483
v 0.925843 0.597898 1.31716
v 0.89384 0.632263 1.29981
v 0.812684 0.828996 1.58735
v 0.926426 0.601111 1.57514
v 0.883144 0.553566 2.00098
v 0.937057 0.492456 1.66551
v 0.868696 0.641132 2.00036
v 0.815256 0.619528 2.17244
v 0.893607 0.568891 0.617944
v 0.931328 0.585253 1.31953
v 0.942836 0.48527 1.22481
v 0.932526 0.36565 1.01204
v 0.941131 0.367528 1.10893
v 0.901953 0.377517 0.582244
v 0.925058 0.19257 1.0518
v 0.889617 0.194887 0.548405
v 0.901199 0.353401 0.574183
v 0.870774 0.186618 0.48174
v 0.889617 0.194887 0.548405
v 0.858043 0.155439 0.454684
v 0.901199 0.353401 0.574183
v 0.693354 0.879684 2.21105
v 0.608729 0.943074 1.76001
v 0.607274 0.887568 2.24743
v 0.709586 0.888037 1.85574
v 0.721627 0.894233 1.59216
v 0.797753 0.766257 -0.705006
v 0.759831 0.776026 -0.816874
v 0.74722 0.752012 -0.973021
v 0.870774 0.186618 0.48174
v 0.860569 0.152814 -0.751437
v 0.858043 0.155439 0.454684
v 0.83091 0.732901 -0.314663
v 0.794106 0.764965 -0.314773
v 0.782561 0.783492 -0.638509
v 0.867826 0.696509 0.478715
v 0.875179 0.683544 0.516565
v 0.878557 0.683649 0.478715
v 0.867723 0.693858 0.511453
v 0.878557 0.683649 0.478715
v 0.880546 0.656168 0.516565
v 0.887748 0.649828 0.479642
v 0.875179 0.683544 0.516565
v 0.878571 0.677123 0.316271
v 0.869091 0.686981 0.331088
v 0.888296 0.64798 0.316271
v 0.878571 0.677123 0.316271
v 0.873689 0.673843 0.27375
v 0.873689 0.673843 0.27375
v 0.879961 0.651405 0.274439
v 0.888292 0.606446 0.331329
v 0.886675 0.62158 0.481032
v 0.88905 0.606446 0.457199
v 0.885394 0.626872 0.304822
v 0.88128 0.649576 0.481032
v 0.881908 0.649576 0.304822
v 0.877547 0.18077 -0.77826
v 0.905307 0.138459 -1.1318
v 0.909724 0.177265 -1.13599
v 0.897947 0.139482 -0.753214
v 0.92104 0.0480131 -1.13152
v 0.909142 0.0481536 -0.754804
v 0.892848 0.00963756 -1.13182
v 0.909142 0.0481536 -0.754804
v 0.873482 0.00966617 -0.756296
v 0.92104 0.0480131 -1.13152
v 0.904192 0.144056 0.453408
v 0.917038 0.0488663 0.506712
v 0.917038 0.0488663 0.506712
v 0.869758 0.0102303 0.506642
v 0.889617 0.194887 0.548405
v 0.920272 0.195007 1.08622
v 0.938742 0.0490908 1.09083
v 0.897947 0.139482 -0.753214
v 0.877547 0.18077 -0.77826
v 0.860569 0.152814 -0.751437
v 0.889617 0.194887 0.548405
v 0.904192 0.144056 0.453408
v 0.858043 0.155439 0.454684
v 0.860569 0.152814 -0.751437
v 0.897947 0.139482 -0.753214
v 0.938742 0.0490908 1.09083
v 0.889675 0.0107504 1.09108
v 0.375741 0.422647 -2.40914
v 0.331184 0.407938 -2.44738
v 0.351594 0.447149 -2.41425
v 0.337082 0.388239 -2.45165
v 0.389623 0.407472 -2.4158
v 0.504447 0.378397 -2.40597
v 0.577968 0.404201 -2.34645
v 0.37501 0.379288 -2.44723
v 0.599394 0.380148 -2.36334
v 0.723981 0.385862 -2.27272
v 0.813556 0.266711 -2.15095
v 0.73071 0.267068 -2.27503
v 0.817145 0.393724 -2.15127
v 0.804786 0.130531 -2.14597
v 0.914737 0.0489943 -1.88168
v 0.813637 0.047365 -2.1615
v 0.860835 0.129558 -1.99043
v 0.890396 0.129045 -1.90839
v 0.898322 0.128886 -1.87957
v 0.914737 0.0489943 -1.88168
v 0.690598 0.024735 -2.25735
v 0.813637 0.047365 -2.1615
v 0.89404 0.0112761 -1.88107
v 0.7261 0.0518098 -2.27
v 0.813637 0.047365 -2.1615
v 0.690598 0.024735 -2.25735
v 0.599394 0.380148 -2.36334
v 0.60305 0.26752 -2.37095
v 0.504447 0.378397 -2.40597
v 0.509399 0.27151 -2.41081
v 0.53984 0.249383 -2.40004
v 0.494142 0.0527573 -2.37794
v 0.58726 0.101657 -2.34917
v 0.592889 0.0542917 -2.36031
v 0.511026 0.0979984 -2.38368
v 0.592889 0.0542917 -2.36031
v 0.494142 0.0527573 -2.37794
v 0.336078 0.456782 -2.41473
v 0.410955 0.508021 -2.33478
v 0.351594 0.447149 -2.41425
v 0.379188 0.508951 -2.34636
v 0.000123419 0.27951 -2.50033
v 0.287519 0.394837 -2.46432
v 0.287282 0.277517 -2.47487
v 0.000123413 0.38572 -2.49785
v 0.374058 0.275393 -2.45453
v 0.337082 0.388239 -2.45165
v 0.37501 0.379288 -2.44723
v 0.331184 0.407938 -2.44738
v 0.000123423 0.0431966 -2.39895
v 0.000123417 0.0528142 -2.47094
v 0.264214 0.0521169 -2.44062
v 0.264214 0.0521169 -2.44062
v 0.000123418 0.0891667 -2.47528
v 0.265241 0.0869945 -2.44844
v 0.000123417 0.0528142 -2.47094
v 0.466015 0.0949845 -2.4007
v 0.287642 0.417325 -2.4515
v 0.287519 0.394837 -2.46432
v 0.000123413 0.38572 -2.49785
v 0.000123414 0.408189 -2.48751
v 0.351594 0.447149 -2.41425
v 0.804786 0.130531 -2.14597
v 0.720098 0.115768 -2.25891
v 0.80775 0.176546 -2.14766
v 0.7261 0.0518098 -2.27
v 0.507123 0.115408 -2.39055
v 0.80775 0.176546 -2.14766
v 0.797078 0.240068 -2.11256
v 0.819087 0.238306 -2.13319
v 0.789354 0.178617 -2.12071
v 0.813556 0.266711 -2.15095
v 0.725095 0.243842 -2.24276
v 0.73071 0.267068 -2.27503
v 0.641991 0.243733 -2.32354
v 0.60305 0.26752 -2.37095
v 0.626768 0.117001 -2.30784
v 0.641991 0.243733 -2.32354
v 0.626768 0.117001 -2.30784
v 0.720098 0.115768 -2.25891
v 0.58726 0.101657 -2.34917
v 0.726803 0.127911 -2.20664
v 0.813637 0.047365 -2.1615
v 0.261791 0.0993745 -2.41717
v 0.000123418 0.0891667 -2.47528
v 0.000123418 0.0999715 -2.4423
v 0.265241 0.0869945 -2.44844
v 0.488346 0.114481 -2.36422
v 0.466015 0.0949845 -2.4007
v 0.507123 0.115408 -2.39055
v 0.516273 0.243835 -2.38096
v 0.507123 0.115408 -2.39055
v 0.488346 0.114481 -2.36422
v 0.53984 0.249383 -2.40004
v 0.53984 0.249383 -2.40004
v 0.516273 0.243835 -2.38096
v 0.509399 0.27151 -2.41081
v 0.374058 0.275393 -2.45453
v 0.330559 0.249608 -2.42734
v 0.287282 0.277517 -2.47487
v 0.000123416 0.257639 -2.46433
v 0.000123419 0.27951 -2.50033
v 0.507922 0.238358 -2.31949
v 0.330559 0.249608 -2.42734
v 0.516273 0.243835 -2.38096
v 0.000123421 0.250291 -2.36796
v 0.000123416 0.257639 -2.46433
v 0.516273 0.243835 -2.38096
v 0.485757 0.116605 -2.32146
v 0.507922 0.238358 -2.31949
v 0.488346 0.114481 -2.36422
v 0.000123425 0.111871 -2.36764
v 0.261791 0.0993745 -2.41717
v 0.000123418 0.0999715 -2.4423
v 0.485757 0.116605 -2.32146
v 0.488346 0.114481 -2.36422
v 0.872113 0.284352 -1.98474
v 0.906598 0.302071 -1.86846
v 0.906598 0.302071 -1.86846
v 0.898322 0.128886 -1.87957
v 0.890396 0.129045 -1.90839
v 0.911073 0.302131 -1.83903
v 0.882601 0.407255 -1.94803
v 0.817145 0.393724 -2.15127
v 0.812576 0.423184 -2.12141
v 0.817145 0.393724 -2.15127
v 0.813556 0.266711 -2.15095
v 0.80775 0.176546 -2.14766
v 0.819087 0.238306 -2.13319
v 0.000123414 0.408189 -2.48751
v 0.287483 0.436386 -2.4096
v 0.287642 0.417325 -2.4515
v 0.000123423 0.428206 -2.45358
v 0.336078 0.456782 -2.41473
v 0.379188 0.508951 -2.34636
v 0.36702 0.509074 -2.34186
v 0.684697 0.407873 -2.27637
v 0.723981 0.385862 -2.27272
v 0.6652 0.738062 -1.34111
v 0.649984 0.751321 -1.34798
v 0.688042 0.767648 -1.06706
v 0.688042 0.767648 -1.06706
v 0.761273 0.724739 -1.28277
v 0.6652 0.738062 -1.34111
v 0.74722 0.752012 -0.973021
v 0.566616 0.650698 -1.84523
v 0.539539 0.662287 -1.86028
v 0.566616 0.650698 -1.84523
v 0.734083 0.642999 -1.78867
v 0.570083 0.523687 -2.27001
v 0.439668 0.536191 -2.28806
v 0.676012 0.540123 -2.19553
v 0.405637 0.544588 -2.30448
v 0.410955 0.508021 -2.33478
v 0.379188 0.508951 -2.34636
v 0.439668 0.536191 -2.28806
v 0.000123416 0.517576 -2.41232
v 0.266683 0.557798 -2.3404
v 0.25933 0.513548 -2.37844
v 0.000123425 0.564055 -2.36582
v 0.00012344 0.690374 -1.92647
v 0.31502 0.681284 -1.90414
v 0.000123463 0.795466 -1.46054
v 0.36121 0.783942 -1.44154
v 0.000123473 0.829655 -1.22617
v 0.384841 0.816938 -1.1887
v 0.478143 0.510948 -2.31758
v 0.649984 0.751321 -1.34798
v 0.539539 0.662287 -1.86028
v 0.405637 0.544588 -2.30448
v 0.379188 0.508951 -2.34636
v 0.410955 0.508021 -2.33478
v 0.559987 1.26689 0.706534
v 0.300451 1.26521 0.940069
v 0.573003 1.23477 0.909172
v 0.000123561 1.2976 0.72612
v 0.557282 1.27632 0.375987
v 0.000123537 1.30562 0.38352
v 0.561124 1.25562 0.0714897
v 0.000123532 1.28326 0.0566175
v 0.571829 1.19566 -0.259423
v 0.000123515 1.21904 -0.277007
v 0.721627 0.894233 1.59216
v 0.762249 0.861244 1.28342
v 0.685061 1.01214 1.38466
v 0.59108 1.14159 1.19563
v 0.659149 1.10906 1.17773
v 0.599105 1.05486 1.43937
v 0.733089 0.964097 1.24676
v 0.62959 1.21456 0.904012
v 0.705834 1.06308 1.15727
v 0.67794 1.17191 0.902721
v 0.615464 1.25018 0.702375
v 0.659019 1.21431 0.695297
v 0.606412 1.26265 0.373114
v 0.64301 1.23494 0.367631
v 0.608136 1.24427 0.0762667
v 0.643233 1.22099 0.0820787
v 0.637694 1.16772 -0.294467
v 0.666378 1.14841 -0.283189
v 0.696666 0.964326 -0.638036
v 0.718751 0.945886 -0.62599
v 0.74346 0.830685 -0.803876
v 0.74722 0.752012 -0.973021
v 0.254368 0.91447 2.3374
v 0.000123625 0.908716 2.35492
v 0.254368 0.900408 2.34377
v 0.000123625 0.924199 2.35177
v 0.462482 0.901813 2.29808
v 0.461056 0.886682 2.30611
v 0.261347 0.793993 2.33864
v 0.461056 0.886682 2.30611
v 0.254368 0.900408 2.34377
v 0.447034 0.793861 2.31086
v 0.607274 0.887568 2.24743
v 0.604379 0.870745 2.26023
v 0.604379 0.870745 2.26023
v 0.533953 0.793777 2.28987
v 0.575507 0.793806 2.28041
v 0.254368 0.91447 2.3374
v 0.462482 0.901813 2.29808
v 0.352701 0.96016 1.83219
v 0.385219 0.576656 2.35611
v 0.503334 0.62558 2.32662
v 0.402958 0.625829 2.34879
v 0.473053 0.58577 2.33693
v 0.230844 0.626221 2.37074
v 0.208312 0.789415 2.3107
v 0.00012363 0.796394 2.35647
v 0.000123631 0.787767 2.32021
v 0.261347 0.793993 2.33864
v 0.218534 0.576335 2.37764
v 0.385219 0.576656 2.35611
v 0.218534 0.576335 2.37764
v 0.495361 0.560824 2.37287
v 0.000123635 0.559974 2.42611
v 0.495461 0.439503 2.40109
v 0.495361 0.560824 2.37287
v 0.000123629 0.446242 2.44524
v 0.487508 0.263317 2.3766
v 0.000123632 0.271929 2.42603
v 0.473053 0.58577 2.33693
v 0.503334 0.62558 2.32662
v 0.811195 0.55935 2.19315
v 0.815256 0.619528 2.17244
v 0.791506 0.620204 2.20187
v 0.706601 0.433579 2.32742
v 0.700915 0.560597 2.30537
v 0.694972 0.257953 2.30409
v 0.823136 0.418678 2.20046
v 0.797002 0.245157 2.19243
v 0.811195 0.55935 2.19315
v 0.89198 0.396868 1.99913
v 0.823136 0.418678 2.20046
v 0.926607 0.371944 1.78968
v 0.874621 0.220224 1.99436
v 0.797002 0.245157 2.19243
v 0.926607 0.371944 1.78968
v 0.940738 0.464271 1.64847
v 0.937057 0.492456 1.66551
v 0.930917 0.364825 1.75075
v 0.906361 0.201552 1.84634
v 0.910232 0.194291 1.81083
v 0.528016 0.223953 2.36811
v 0.000123632 0.271929 2.42603
v 0.00012363 0.232226 2.43218
v 0.487508 0.263317 2.3766
v 0.668813 0.22071 2.3192
v 0.694972 0.257953 2.30409
v 0.800756 0.197269 2.19508
v 0.797002 0.245157 2.19243
v 0.72429 0.137929 2.1919
v 0.867149 0.114093 1.99683
v 0.782258 0.146738 2.18464
v 0.884798 0.0642921 1.82257
v 0.914857 0.0797443 1.82502
v 0.884931 0.163177 1.99976
v 0.914857 0.0797443 1.82502
v 0.924312 0.128715 1.82092
v 0.867149 0.114093 1.99683
v 0.906361 0.201552 1.84634
v 0.924312 0.128715 1.82092
v 0.910232 0.194291 1.81083
v 0.874621 0.220224 1.99436
v 0.884931 0.163177 1.99976
v 0.800756 0.197269 2.19508
v 0.782258 0.146738 2.18464
v 0.797002 0.245157 2.19243
v 0.800756 0.197269 2.19508
v 0.782258 0.146738 2.18464
v 0.668813 0.22071 2.3192
v 0.706312 0.169031 2.26985
v 0.800756 0.197269 2.19508
v 0.706312 0.169031 2.26985
v 0.72429 0.137929 2.1919
v 0.782258 0.146738 2.18464
v 0.470421 0.172823 2.327
v 0.00012363 0.232226 2.43218
v 1.65512e-005 0.18109 2.39103
v 0.528016 0.223953 2.36811
v 0.906361 0.201552 1.84634
v 0.503334 0.62558 2.32662
v 0.687981 0.621091 2.27281
v 0.813668 0.833311 -0.750501
v 0.960773 0.89873 -0.65598
v 0.963737 0.845832 -0.655968
v 0.815162 0.904805 -0.741712
v 0.947296 0.929534 -0.648842
v 0.811519 0.922377 -0.714543
v 0.805789 0.937609 -0.659819
v 0.782729 0.882604 -0.668067
v 0.977459 0.855725 -0.610857
v 0.97577 0.895053 -0.611434
v 0.736779 0.836118 -0.778504
v 0.782729 0.882604 -0.668067
v 0.794327 0.846058 -0.757413
v 0.721731 0.865171 -0.696985
v 0.794327 0.846058 -0.757413
v 0.952476 0.822528 -0.597717
v 0.806579 0.827767 -0.657251
v 0.762655 0.785701 -0.687522
v 0.959537 0.829847 -0.649473
v 0.762655 0.785701 -0.687522
v 0.742479 0.791629 -0.770367
v 0.952476 0.822528 -0.597717
v 0.736779 0.836118 -0.778504
v 0.794327 0.846058 -0.757413
v 0.742479 0.791629 -0.770367
v 0.721731 0.865171 -0.696985
v 0.782729 0.882604 -0.668067
v 0.943691 0.935433 -0.603311
v 0.971584 0.894847 -0.591357
v 0.973515 0.851526 -0.58946
v 0.973515 0.851526 -0.58946
v 0.977459 0.855725 -0.610857
v 0.959537 0.829847 -0.649473
v 0.813668 0.833311 -0.750501
v 0.963737 0.845832 -0.655968
v 0.183507 0.653372 2.33241
v 0.261347 0.793993 2.33864
v 0.208312 0.789415 2.3107
v 0.230844 0.626221 2.37074
v 0.00012363 0.796394 2.35647
v 0.000123625 0.908716 2.35492
v 0.000123628 0.578178 2.3899
v 0.000123635 0.559974 2.42611
v 0.000123628 0.578178 2.3899
v 0.000123631 0.625815 2.38042
v 0.000123631 0.625815 2.38042
v 0.183507 0.653372 2.33241
v 0.000123623 0.649074 2.3412
v 0.230844 0.626221 2.37074
v 0.000123623 0.649074 2.3412
v 0.208312 0.789415 2.3107
v 0.000123631 0.787767 2.32021
v 0.183507 0.653372 2.33241
v 0.000123625 0.924199 2.35177
v 0.000123611 0.968847 1.86517
v 0.71877 0.409045 -2.25399
v 0.817145 0.393724 -2.15127
v 0.812576 0.423184 -2.12141
v 0.410955 0.508021 -2.33478
v 0.977459 0.855725 -0.610857
v -0.817074 0.574012 -1.86923
v -0.882354 0.407255 -1.94803
v -0.870989 0.554609 -1.81505
v -0.782686 0.506652 -2.12229
v -0.812329 0.423184 -2.12141
v -0.728293 0.539777 -2.15423
v -0.766695 0.633212 -1.80736
v -0.920712 0.410225 -1.80953
v -0.919811 0.513165 -1.6837
v -0.921737 0.405657 -1.77705
v -0.919811 0.513165 -1.6837
v -0.920712 0.410225 -1.80953
v -0.923924 0.484055 -1.67282
v -0.897641 0.361322 -0.801169
v -0.909657 0.443031 -1.1011
v -0.908054 0.34287 -1.0476
v -0.891563 0.543329 -0.80198
v -0.899767 0.545429 -1.19083
v -0.847074 0.665097 -1.31273
v -0.801959 0.759323 -0.797362
v -0.791008 0.716401 -1.29005
v -0.844343 0.708187 -0.761616
v -0.874812 0.626654 -1.33023
v -0.8773 0.18077 -0.77826
v -0.902202 0.341265 -0.796581
v -0.896794 0.178402 -1.01891
v -0.84887 0.649504 -1.50593
v -0.925002 0.560211 -1.50232
v -0.92509 0.50341 -1.3106
v -0.784661 0.68781 -1.52682
v -0.850672 0.625962 -1.67163
v -0.925002 0.560211 -1.50232
v -0.923854 0.528357 -1.50497
v -0.92509 0.50341 -1.3106
v -0.922552 0.476104 -1.32664
v -0.924327 0.350506 -1.15716
v -0.914537 0.177899 -1.10123
v -0.914537 0.177899 -1.10123
v -0.919188 0.335816 -1.18676
v -0.909477 0.177265 -1.13599
v -0.924327 0.350506 -1.15716
v -0.733836 0.642999 -1.78867
v -0.675766 0.540123 -2.19553
v -0.761026 0.724739 -1.28277
v -0.902202 0.341265 -0.796581
v -0.897017 0.35097 -0.79968
v -0.908054 0.34287 -1.0476
v -0.897017 0.35097 -0.79968
v -0.897641 0.361322 -0.801169
v -0.908054 0.34287 -1.0476
v -0.787894 0.829759 1.93145
v -0.693106 0.879684 2.21105
v -0.709338 0.888037 1.85575
v -0.769957 0.830317 2.18293
v -0.767734 0.856423 1.23872
v -0.823186 0.817322 1.26638
v -0.762002 0.861243 1.28342
v -0.829 0.769248 0.611814
v -0.794515 0.797761 0.593763
v -0.940884 0.367528 1.10893
v -0.920025 0.195007 1.08622
v -0.935902 0.351222 1.13473
v -0.92481 0.19257 1.0518
v -0.942589 0.48527 1.22481
v -0.937383 0.457691 1.24065
v -0.899999 0.365221 0.579192
v -0.900952 0.353401 0.574183
v -0.932279 0.36565 1.01204
v -0.901706 0.377517 0.582244
v -0.899999 0.365221 0.579192
v -0.932279 0.36565 1.01204
v -0.850758 0.671422 2.0003
v -0.814394 0.66742 2.1718
v -0.920425 0.613673 1.57483
v -0.864145 0.652872 2.00036
v -0.885841 0.647168 1.58349
v -0.925595 0.597898 1.31716
v -0.893592 0.634702 1.29981
v -0.812437 0.828996 1.58735
v -0.926178 0.601111 1.57514
v -0.882896 0.553566 2.00098
v -0.868448 0.641132 2.00036
v -0.936809 0.492456 1.66551
v -0.815008 0.619528 2.17244
v -0.893359 0.571329 0.617944
v -0.93108 0.585253 1.31953
v -0.942589 0.48527 1.22481
v -0.932279 0.36565 1.01204
v -0.901706 0.377517 0.582244
v -0.940884 0.367528 1.10893
v -0.88937 0.194887 0.548405
v -0.900952 0.353401 0.574183
v -0.92481 0.19257 1.0518
v -0.857796 0.155439 0.454685
v -0.88937 0.194887 0.548405
v -0.870527 0.186618 0.48174
v -0.900952 0.353401 0.574183
v -0.693106 0.879684 2.21105
v -0.608481 0.943075 1.76001
v -0.709338 0.888037 1.85575
v -0.607026 0.887568 2.24743
v -0.72138 0.894233 1.59216
v -0.797506 0.766257 -0.705006
v -0.759584 0.776026 -0.816873
v -0.746973 0.752012 -0.973021
v -0.870527 0.186618 0.48174
v -0.860322 0.152814 -0.751437
v -0.857796 0.155439 0.454685
v -0.830663 0.732901 -0.314663
v -0.793859 0.764965 -0.314773
v -0.782314 0.783492 -0.638508
v -0.867578 0.696509 0.478715
v -0.874932 0.683544 0.516565
v -0.867476 0.693858 0.511454
v -0.878309 0.683649 0.478715
v -0.878309 0.683649 0.478715
v -0.880298 0.656168 0.516565
v -0.874932 0.683544 0.516565
v -0.887501 0.649828 0.479642
v -0.878324 0.677123 0.316272
v -0.868843 0.686981 0.331088
v -0.888048 0.64798 0.316272
v -0.878324 0.677123 0.316272
v -0.873442 0.673843 0.27375
v -0.873442 0.673843 0.27375
v -0.879714 0.651405 0.27444
v -0.888045 0.606446 0.331329
v -0.886428 0.62158 0.481032
v -0.885147 0.626872 0.304822
v -0.888803 0.606446 0.457199
v -0.881033 0.649576 0.481032
v -0.881661 0.649576 0.304822
v -0.90506 0.138459 -1.1318
v -0.8773 0.18077 -0.77826
v -0.909477 0.177265 -1.13599
v -0.8977 0.139482 -0.753213
v -0.920793 0.0480131 -1.13152
v -0.908895 0.0481536 -0.754804
v -0.892601 0.00963756 -1.13182
v -0.908895 0.0481536 -0.754804
v -0.920793 0.0480131 -1.13152
v -0.873235 0.00966617 -0.756296
v -0.903945 0.144056 0.453408
v -0.91679 0.0488663 0.506712
v -0.91679 0.0488663 0.506712
v -0.869511 0.0102303 0.506642
v -0.88937 0.194887 0.548405
v -0.920025 0.195007 1.08622
v -0.938494 0.0490908 1.09083
v -0.860322 0.152814 -0.751437
v -0.8773 0.18077 -0.77826
v -0.8977 0.139482 -0.753213
v -0.857796 0.155439 0.454685
v -0.903945 0.144056 0.453408
v -0.88937 0.194887 0.548405
v -0.860322 0.152814 -0.751437
v -0.8977 0.139482 -0.753213
v -0.938494 0.0490908 1.09083
v -0.889428 0.0107504 1.09108
v -0.351347 0.447149 -2.41425
v -0.330937 0.407938 -2.44738
v -0.375495 0.422647 -2.40914
v -0.336836 0.388239 -2.45165
v -0.389377 0.407472 -2.4158
v -0.504201 0.378397 -2.40597
v -0.374764 0.379288 -2.44723
v -0.577722 0.404201 -2.34645
v -0.599147 0.380148 -2.36334
v -0.723735 0.385862 -2.27272
v -0.81331 0.266711 -2.15095
v -0.816898 0.393724 -2.15127
v -0.730464 0.267068 -2.27503
v -0.890149 0.129045 -1.90839
v -0.914491 0.0489943 -1.88168
v -0.898075 0.128886 -1.87957
v -0.860589 0.129558 -1.99043
v -0.80454 0.130531 -2.14597
v -0.813391 0.047365 -2.1615
v -0.914491 0.0489943 -1.88168
v -0.690352 0.024735 -2.25735
v -0.893794 0.0112761 -1.88107
v -0.813391 0.047365 -2.1615
v -0.690352 0.024735 -2.25735
v -0.813391 0.047365 -2.1615
v -0.725853 0.0518098 -2.27
v -0.599147 0.380148 -2.36334
v -0.602804 0.26752 -2.37095
v -0.504201 0.378397 -2.40597
v -0.509152 0.27151 -2.41081
v -0.539594 0.249383 -2.40004
v -0.493896 0.0527573 -2.37794
v -0.587014 0.101657 -2.34917
v -0.51078 0.0979984 -2.38368
v -0.592642 0.0542917 -2.36031
v -0.592642 0.0542917 -2.36031
v -0.493896 0.0527573 -2.37794
v -0.335832 0.456782 -2.41473
v -0.410709 0.508021 -2.33478
v -0.378941 0.508951 -2.34636
v -0.351347 0.447149 -2.41425
v -0.287036 0.277517 -2.47487
v -0.287272 0.394837 -2.46432
v -0.336836 0.388239 -2.45165
v -0.330937 0.407938 -2.44738
v -0.373812 0.275393 -2.45453
v -0.374764 0.379288 -2.44723
v -0.263967 0.052117 -2.44062
v -0.263967 0.052117 -2.44062
v -0.264995 0.0869945 -2.44844
v -0.465768 0.0949845 -2.4007
v -0.287395 0.417325 -2.4515
v -0.287272 0.394837 -2.46432
v -0.351347 0.447149 -2.41425
v -0.807503 0.176546 -2.14766
v -0.719851 0.115768 -2.25891
v -0.80454 0.130531 -2.14597
v -0.725853 0.0518098 -2.27
v -0.506876 0.115408 -2.39055
v -0.807503 0.176546 -2.14766
v -0.796832 0.240068 -2.11256
v -0.789107 0.178617 -2.12071
v -0.818841 0.238306 -2.13319
v -0.81331 0.266711 -2.15095
v -0.724849 0.243842 -2.24276
v -0.730464 0.267068 -2.27503
v -0.641744 0.243733 -2.32354
v -0.602804 0.26752 -2.37095
v -0.626522 0.117001 -2.30784
v -0.641744 0.243733 -2.32354
v -0.626522 0.117001 -2.30784
v -0.719851 0.115768 -2.25891
v -0.726556 0.127911 -2.20664
v -0.587014 0.101657 -2.34917
v -0.813391 0.047365 -2.1615
v -0.261545 0.0993746 -2.41717
v -0.264995 0.0869945 -2.44844
v -0.4881 0.114481 -2.36422
v -0.465768 0.0949845 -2.4007
v -0.506876 0.115408 -2.39055
v -0.506876 0.115408 -2.39055
v -0.516026 0.243835 -2.38096
v -0.4881 0.114481 -2.36422
v -0.539594 0.249383 -2.40004
v -0.509152 0.27151 -2.41081
v -0.516026 0.243835 -2.38096
v -0.539594 0.249383 -2.40004
v -0.287036 0.277517 -2.47487
v -0.330312 0.249608 -2.42734
v -0.373812 0.275393 -2.45453
v -0.330312 0.249608 -2.42734
v -0.507676 0.238357 -2.31949
v -0.516026 0.243835 -2.38096
v -0.516026 0.243835 -2.38096
v -0.48551 0.116605 -2.32146
v -0.4881 0.114481 -2.36422
v -0.507676 0.238357 -2.31949
v -0.48551 0.116605 -2.32146
v -0.261545 0.0993746 -2.41717
v -0.4881 0.114481 -2.36422
v -0.871866 0.284352 -1.98474
v -0.906351 0.302071 -1.86846
v -0.906351 0.302071 -1.86846
v -0.898075 0.128886 -1.87957
v -0.910827 0.302131 -1.83903
v -0.890149 0.129045 -1.90839
v -0.812329 0.423184 -2.12141
v -0.816898 0.393724 -2.15127
v -0.882354 0.407255 -1.94803
v -0.816898 0.393724 -2.15127
v -0.81331 0.266711 -2.15095
v -0.807503 0.176546 -2.14766
v -0.818841 0.238306 -2.13319
v -0.287395 0.417325 -2.4515
v -0.287236 0.436386 -2.4096
v -0.335832 0.456782 -2.41473
v -0.366773 0.509074 -2.34186
v -0.378941 0.508951 -2.34636
v -0.68445 0.407873 -2.27637
v -0.723735 0.385862 -2.27272
v -0.687796 0.767648 -1.06706
v -0.649738 0.751321 -1.34798
v -0.664953 0.738062 -1.34111
v -0.746973 0.752012 -0.973021
v -0.664953 0.738062 -1.34111
v -0.761026 0.724739 -1.28277
v -0.687796 0.767648 -1.06706
v -0.566369 0.650698 -1.84523
v -0.539292 0.662287 -1.86028
v -0.566369 0.650698 -1.84523
v -0.733836 0.642999 -1.78867
v -0.675766 0.540123 -2.19553
v -0.439422 0.536191 -2.28806
v -0.569836 0.523687 -2.27001
v -0.40539 0.544588 -2.30448
v -0.410709 0.508021 -2.33478
v -0.439422 0.536191 -2.28806
v -0.378941 0.508951 -2.34636
v -0.266437 0.557798 -2.3404
v -0.259083 0.513548 -2.37844
v -0.314774 0.681284 -1.90414
v -0.360963 0.783942 -1.44154
v -0.384594 0.816938 -1.1887
v -0.477897 0.510948 -2.31758
v -0.649738 0.751321 -1.34798
v -0.539292 0.662287 -1.86028
v -0.40539 0.544588 -2.30448
v -0.378941 0.508951 -2.34636
v -0.410709 0.508021 -2.33478
v -0.300203 1.26521 0.940069
v 0.000123569 1.27879 0.95362
v -0.55974 1.26689 0.706534
v -0.557035 1.27632 0.375987
v -0.560877 1.25562 0.0714897
v -0.571581 1.19566 -0.259423
v -0.658902 1.10906 1.17773
v -0.732842 0.964097 1.24676
v -0.684814 1.01214 1.38466
v -0.705587 1.06308 1.15727
v -0.590832 1.14159 1.19563
v -0.598858 1.05486 1.43937
v -0.72138 0.894233 1.59216
v -0.762002 0.861243 1.28342
v -0.629343 1.21456 0.904012
v -0.677692 1.17191 0.902721
v -0.572756 1.23477 0.909172
v -0.615216 1.25018 0.702375
v -0.658772 1.21431 0.695297
v -0.606165 1.26265 0.373114
v -0.642763 1.23494 0.367631
v -0.607889 1.24427 0.0762667
v -0.642986 1.22099 0.0820787
v -0.637447 1.16772 -0.294467
v -0.666131 1.14841 -0.283189
v -0.696419 0.964326 -0.638036
v -0.718504 0.945886 -0.62599
v -0.746973 0.752012 -0.973021
v -0.759584 0.776026 -0.816873
v -0.748396 0.830685 -0.803875
v -0.25412 0.900408 2.34377
v -0.25412 0.91447 2.3374
v -0.460808 0.886682 2.30611
v -0.462234 0.901813 2.29808
v -0.25412 0.900408 2.34377
v -0.446786 0.793861 2.31086
v -0.261099 0.793993 2.33864
v -0.460808 0.886682 2.30611
v -0.604131 0.870745 2.26023
v -0.607026 0.887568 2.24743
v -0.575259 0.793806 2.28041
v -0.604131 0.870745 2.26023
v -0.533706 0.793777 2.28987
v -0.462234 0.901813 2.29808
v -0.25412 0.91447 2.3374
v -0.352453 0.96016 1.83219
v -0.40271 0.625829 2.34879
v -0.472805 0.58577 2.33693
v -0.384972 0.576656 2.35611
v -0.503086 0.62558 2.32662
v -0.230596 0.626221 2.37074
v -0.208065 0.789415 2.3107
v -0.261099 0.793993 2.33864
v -0.218287 0.576335 2.37764
v -0.495114 0.560824 2.37287
v -0.218287 0.576335 2.37764
v -0.384972 0.576656 2.35611
v -0.495114 0.560824 2.37287
v -0.495213 0.439503 2.40109
v -0.48726 0.263317 2.3766
v -0.503086 0.62558 2.32662
v -0.472805 0.58577 2.33693
v -0.791259 0.620204 2.20187
v -0.815008 0.619528 2.17244
v -0.810947 0.55935 2.19315
v -0.700667 0.560597 2.30537
v -0.706354 0.433579 2.32742
v -0.694724 0.257953 2.30409
v -0.822888 0.418678 2.20046
v -0.796754 0.245157 2.19243
v -0.822888 0.418678 2.20046
v -0.810947 0.55935 2.19315
v -0.891732 0.396868 1.99913
v -0.926359 0.371944 1.78968
v -0.796754 0.245157 2.19243
v -0.874374 0.220224 1.99436
v -0.94049 0.464271 1.64847
v -0.926359 0.371944 1.78968
v -0.936809 0.492456 1.66551
v -0.930669 0.364825 1.75075
v -0.906114 0.201552 1.84634
v -0.909984 0.194291 1.81083
v -0.48726 0.263317 2.3766
v -0.527768 0.223953 2.36811
v -0.694724 0.257953 2.30409
v -0.668565 0.22071 2.3192
v -0.796754 0.245157 2.19243
v -0.800508 0.197269 2.19508
v -0.88455 0.0642921 1.82257
v -0.866901 0.114093 1.99683
v -0.914609 0.0797443 1.82502
v -0.724042 0.137929 2.1919
v -0.78201 0.146738 2.18464
v -0.924064 0.128715 1.82092
v -0.866901 0.114093 1.99683
v -0.884684 0.163177 1.99976
v -0.914609 0.0797443 1.82502
v -0.924064 0.128715 1.82092
v -0.906114 0.201552 1.84634
v -0.909984 0.194291 1.81083
v -0.884684 0.163177 1.99976
v -0.874374 0.220224 1.99436
v -0.78201 0.146738 2.18464
v -0.800508 0.197269 2.19508
v -0.800508 0.197269 2.19508
v -0.796754 0.245157 2.19243
v -0.706064 0.169031 2.26985
v -0.800508 0.197269 2.19508
v -0.78201 0.146738 2.18464
v -0.668565 0.22071 2.3192
v -0.78201 0.146738 2.18464
v -0.724042 0.137929 2.1919
v -0.706064 0.169031 2.26985
v -0.527768 0.223953 2.36811
v -0.470174 0.172823 2.327
v -0.906114 0.201552 1.84634
v -0.687734 0.621091 2.27281
v -0.503086 0.62558 2.32662
v -0.813421 0.833311 -0.750501
v -0.960526 0.89873 -0.65598
v -0.814915 0.904805 -0.741712
v -0.96349 0.845832 -0.655968
v -0.947049 0.929534 -0.648841
v -0.811272 0.922377 -0.714543
v -0.782482 0.882604 -0.668067
v -0.805542 0.937609 -0.659818
v -0.977212 0.855726 -0.610857
v -0.975523 0.895053 -0.611433
v -0.736532 0.836118 -0.778504
v -0.782482 0.882604 -0.668067
v -0.721484 0.865171 -0.696985
v -0.79408 0.846058 -0.757412
v -0.79408 0.846058 -0.757412
v -0.762408 0.785701 -0.687522
v -0.806332 0.827767 -0.657251
v -0.952229 0.822528 -0.597716
v -0.95929 0.829847 -0.649473
v -0.762408 0.785701 -0.687522
v -0.952229 0.822528 -0.597716
v -0.742232 0.791629 -0.770367
v -0.742232 0.791629 -0.770367
v -0.79408 0.846058 -0.757412
v -0.736532 0.836118 -0.778504
v -0.721484 0.865171 -0.696985
v -0.782482 0.882604 -0.668067
v -0.943444 0.935433 -0.603311
v -0.971337 0.894847 -0.591357
v -0.973268 0.851526 -0.589459
v -0.973268 0.851526 -0.589459
v -0.977212 0.855726 -0.610857
v -0.95929 0.829847 -0.649473
v -0.813421 0.833311 -0.750501
v -0.96349 0.845832 -0.655968
v -0.208065 0.789415 2.3107
v -0.230596 0.626221 2.37074
v -0.183259 0.653372 2.33241
v -0.261099 0.793993 2.33864
v -0.230596 0.626221 2.37074
v -0.183259 0.653372 2.33241
v -0.183259 0.653372 2.33241
v -0.208065 0.789415 2.3107
v -0.718524 0.409045 -2.25399
v -0.816898 0.393724 -2.15127
v -0.812329 0.423184 -2.12141
v -0.410709 0.508021 -2.33478
v -0.977212 0.855726 -0.610857
v 0.759831 0.776026 -0.816874
v 0.926426 0.601111 1.57514
v 0.937057 0.492456 1.66551
v 0.937435 0.534907 1.55705
v 0.940004 0.54528 1.45624
v 0.931328 0.585253 1.31953
v 0.942836 0.48527 1.22481
v 0.940209 0.528337 1.34145
v 0.937057 0.492456 1.66551
v 0.940738 0.464271 1.64847
v 0.940191 0.51453 1.45623
v 0.940004 0.54528 1.45624
v 0.938581 0.501319 1.5503
v 0.937631 0.457691 1.24065
v 0.942836 0.48527 1.22481
v 0.939135 0.49504 1.3495
v 0.564037 0.556507 1.72097
v 0.940191 0.51453 1.45623
v 0.938581 0.501319 1.5503
v 0.564037 0.556287 1.193
v 0.940738 0.464271 1.64847
v 0.939135 0.49504 1.3495
v 0.937631 0.457691 1.24065
v -0.937057 0.492456 1.66551
v -0.926426 0.601111 1.57514
v -0.937435 0.534907 1.55705
v -0.940004 0.54528 1.45624
v -0.931328 0.585253 1.31953
v -0.942836 0.48527 1.22481
v -0.940209 0.528337 1.34145
v -0.940738 0.464271 1.64847
v -0.937057 0.492456 1.66551
v -0.940191 0.51453 1.45623
v -0.940004 0.54528 1.45624
v -0.938581 0.501319 1.5503
v -0.937631 0.457691 1.24065
v -0.942836 0.48527 1.22481
v -0.939135 0.49504 1.3495
v -0.940191 0.51453 1.45623
v -0.564037 0.556507 1.72097
v -0.938581 0.501319 1.5503
v -0.564037 0.556287 1.193
v -0.940738 0.464271 1.64847
v -0.939135 0.49504 1.3495
v -0.937631 0.457691 1.24065
v 0.592571 0.107359 2.30338
v 0.543889 0.142617 2.30056
v 0.562483 0.117104 2.3026
v 0.641253 0.142617 2.30056
v 0.622658 0.117104 2.3026
v 0.622658 0.199663 2.296
v 0.641253 0.174151 2.29804
v 0.562483 0.199663 2.296
v 0.592571 0.209408 2.29522
v 0.543889 0.174151 2.29804
v -0.598443 0.10736 2.30338
v -0.647125 0.142617 2.30056
v -0.62853 0.117104 2.3026
v -0.549761 0.142616 2.30056
v -0.568356 0.117104 2.3026
v -0.568356 0.199664 2.296
v -0.549761 0.174151 2.29804
v -0.62853 0.199664 2.296
v -0.598443 0.209408 2.29522
v -0.647125 0.174151 2.29804


vn 0.0911456 0.939081 0.331391
vn 1.52466e-007 0.949204 0.314661
vn 8.32167e-008 0.940885 0.338725
vn 0.0999943 0.948101 0.301838
vn 0.141555 0.934853 0.325595
vn 0.148078 0.943244 0.297261
vn 0.0990811 0.949163 0.298784
vn 0.117366 0.939768 0.321032
vn 1.04579e-008 0.963491 0.267739
vn -0.0911457 0.939081 0.331391
vn -0.0999944 0.948101 0.301838
vn -0.141555 0.934853 0.325595
vn -0.148078 0.943244 0.297261
vn -0.0990809 0.949163 0.298784
vn -0.117366 0.939768 0.321032
vn 0.944479 0.327979 -0.0197201
vn 0.936436 0.350541 -0.0144229
vn 0.950068 0.311993 -0.00561938
vn 0.930068 0.366864 -0.0195826
vn 0.931312 0.363907 -0.0151583
vn 0.940364 0.339097 -0.026993
vn 0.959755 0.28071 -0.00845604
vn 0.947834 0.318015 -0.021845
vn 0.94242 0.332966 -0.0312691
vn 0.930261 0.366696 -0.0121906
vn -9.45942e-008 0.882379 -0.470539
vn -0.0913368 0.901188 -0.423695
vn 9.6123e-008 0.928617 -0.371039
vn -0.117351 0.871475 -0.476192
vn -0.188972 0.869588 -0.456186
vn -0.239536 0.850634 -0.468021
vn -1.06073e-007 0.887088 -0.461601
vn -0.121255 0.884281 -0.450936
vn -0.227775 0.849194 -0.476432
vn -0.215866 0.861232 -0.460088
vn 0.0913364 0.901188 -0.423695
vn 0.117351 0.871476 -0.476192
vn 0.188972 0.869588 -0.456186
vn 0.239535 0.850634 -0.468021
vn 0.121255 0.884281 -0.450936
vn 0.227774 0.849194 -0.476432
vn 0.215866 0.861232 -0.460088
vn -0.944479 0.327979 -0.01972
vn -0.936436 0.350541 -0.014423
vn -0.930068 0.366864 -0.0195825
vn -0.950068 0.311993 -0.00561942
vn -0.940364 0.339097 -0.0269928
vn -0.931312 0.363906 -0.0151581
vn -0.959755 0.28071 -0.00845606
vn -0.947834 0.318014 -0.0218448
vn -0.94242 0.332965 -0.0312688
vn -0.930261 0.366696 -0.0121903
vn -0.956773 0.289999 0.0220625
vn -0.959005 0.282903 0.0165718
vn -0.956865 0.289815 0.0204129
vn -0.944214 0.329236 0.00794534
vn -0.947263 0.320111 -0.0148886
vn -0.959807 0.280649 0.0025861
vn -0.959191 0.282718 0.00485633
vn -0.963161 0.268902 0.00350962
vn -0.970398 0.241212 0.0120404
vn 0.944214 0.329237 0.00794626
vn 0.959005 0.282903 0.016572
vn 0.947263 0.320112 -0.0148885
vn 0.956773 0.289998 0.0220621
vn 0.956865 0.289815 0.0204131
vn 0.959807 0.280649 0.00258604
vn 0.959182 0.282756 0.00439431
vn 0.963059 0.269272 0.00311
vn 0.970398 0.241212 0.0120402
vn 0.0999943 0.948101 0.301838
vn 1.68247e-007 0.958428 0.285334
vn 1.52466e-007 0.949204 0.314661
vn 0.112782 0.952748 0.282049
vn 0.148078 0.943244 0.297261
vn 0.15601 0.944331 0.289654
vn 0.0730858 0.971619 0.224978
vn 1.04579e-008 0.963491 0.267739
vn 1.0286e-008 0.971919 0.235316
vn 0.0990811 0.949163 0.298784
vn 0.141555 0.934853 0.325595
vn 0.128906 0.947814 0.291602
vn 0.168766 0.931322 0.322735
vn 0.117366 0.939768 0.321032
vn 0.158744 0.936691 0.312106
vn -0.0999944 0.948101 0.301838
vn -0.112782 0.952748 0.282049
vn -0.148078 0.943244 0.297261
vn -0.15601 0.944331 0.289654
vn -0.0730857 0.971619 0.224978
vn -0.0990809 0.949163 0.298784
vn -0.141555 0.934853 0.325595
vn -0.128906 0.947814 0.291602
vn -0.117366 0.939768 0.321032
vn -0.168767 0.931322 0.322735
vn -0.158744 0.936691 0.312106
vn -0.121255 0.884281 -0.450936
vn -3.59875e-008 0.898579 -0.438811
vn -0.141994 0.878888 -0.455405
vn -1.06073e-007 0.887088 -0.461601
vn -0.215866 0.861232 -0.460088
vn -0.234558 0.854725 -0.463063
vn -0.288103 0.831715 -0.474601
vn -0.227775 0.849194 -0.476432
vn -0.283541 0.837988 -0.466241
vn -0.239536 0.850634 -0.468021
vn -0.0656633 0.942631 -0.327315
vn 9.6123e-008 0.928617 -0.371039
vn -0.0913368 0.901188 -0.423695
vn 9.73364e-008 0.95718 -0.289492
vn -0.207063 0.883066 -0.421092
vn -0.188972 0.869588 -0.456186
vn 0.121255 0.884281 -0.450936
vn 0.141994 0.878888 -0.455405
vn 0.215866 0.861232 -0.460088
vn 0.234558 0.854725 -0.463063
vn 0.288103 0.831715 -0.474601
vn 0.227774 0.849194 -0.476432
vn 0.283539 0.837988 -0.466242
vn 0.239535 0.850634 -0.468021
vn 0.0656632 0.942631 -0.327315
vn 0.0913364 0.901188 -0.423695
vn 0.207062 0.883067 -0.421092
vn 0.188972 0.869588 -0.456186
vn -0.962674 0.27065 0.00272497
vn -0.959005 0.282903 0.0165718
vn -0.954746 0.297421 -0.000162042
vn -0.959807 0.280649 0.0025861
vn -0.944214 0.329236 0.00794534
vn -0.946277 0.322776 0.0193933
vn -0.926216 0.37522 -0.0365112
vn -0.956773 0.289999 0.0220625
vn -0.947263 0.320111 -0.0148886
vn -0.952379 0.304692 -0.0117123
vn -0.959191 0.282718 0.00485633
vn -0.963161 0.268902 0.00350962
vn -0.955274 0.295041 0.0200473
vn -0.970398 0.241212 0.0120404
vn -0.956865 0.289815 0.0204129
vn -0.957432 0.288048 0.0187998
vn 0.962557 0.271066 0.00266296
vn 0.959005 0.282903 0.016572
vn 0.959807 0.280649 0.00258604
vn 0.954746 0.297422 -0.000164536
vn 0.944214 0.329237 0.00794626
vn 0.946277 0.322774 0.0193926
vn 0.956773 0.289998 0.0220621
vn 0.926216 0.375221 -0.036512
vn 0.947263 0.320112 -0.0148885
vn 0.952129 0.305438 -0.0125875
vn 0.959182 0.282756 0.00439431
vn 0.955236 0.29518 0.0198397
vn 0.963059 0.269272 0.00311
vn 0.970398 0.241212 0.0120402
vn 0.956865 0.289815 0.0204131
vn 0.957432 0.288046 0.0187994
vn 0.920419 0.367448 -0.133457
vn 0.92266 0.362051 -0.132734
vn 0.932042 0.345328 -0.109756
vn 0.151075 0.519867 -0.840782
vn 0.0417196 0.511919 -0.85802
vn -0.0384981 0.512579 -0.857777
vn 0.162931 0.529552 -0.832483
vn 0.211336 0.532581 -0.81957
vn -0.108201 -0.988397 0.106605
vn -0.0886356 -0.978522 0.186114
vn -0.0734294 -0.955304 0.286362
vn -0.0726564 -0.982875 -0.169344
vn -1.25295e-007 -0.970529 0.240983
vn -4.4033e-008 -0.9896 0.143849
vn -0.743501 0.550807 -0.379233
vn -0.743501 0.550807 -0.379233
vn -0.743501 0.550807 -0.379233
vn 0.763427 0.531994 -0.36628
vn 0.763427 0.531994 -0.36628
vn 0.763427 0.531994 -0.36628
vn 0.0164134 0.385327 0.922634
vn 0.0164134 0.385327 0.922634
vn 0.0164134 0.385327 0.922634
vn 0.948763 0.315043 -0.0244216
vn 0.940141 0.340089 -0.0217665
vn 0.943757 0.330151 -0.0179573
vn 0.954603 0.297846 -0.004494
vn 0.959752 0.280426 0.0153797
vn 0.958532 0.282961 0.0339081
vn 0.954468 0.296999 0.0279729
vn 0.953535 0.299362 0.0339589
vn 0.9561 0.292185 0.0223779
vn 0.951448 0.302597 0.0564028
vn 0.950612 0.303775 0.0636943
vn 0.949226 0.301333 0.090378
vn 0.953781 0.300303 0.0109116
vn 0.947505 0.319741 -0.000897911
vn 3.6319e-008 0.976698 -0.214617
vn 0.0585723 0.952222 -0.299739
vn 1.04859e-007 0.969457 -0.245262
vn 0.0940321 0.926651 -0.363973
vn 0.125683 0.878701 -0.46053
vn 0.159115 0.870948 -0.4649
vn 0.173797 0.855803 -0.487232
vn 0.206639 0.846511 -0.490631
vn 0.191901 0.956243 -0.220846
vn 0.191837 0.957924 -0.213494
vn -0.376835 0.0189366 0.926087
vn -0.378 0.017394 0.925642
vn -0.376506 0.0189421 0.926221
vn -0.379094 0.0160736 0.925219
vn -0.378673 0.018502 0.925345
vn -0.377651 0.0179402 0.925774
vn -0.378975 0.0120924 0.925328
vn 0.0948222 -0.00169793 -0.995493
vn 0.0317798 -0.00190482 -0.999493
vn -0.0316981 -0.00192461 -0.999496
vn 0.0946747 -0.00110016 -0.995508
vn 0.696128 -0.189239 -0.692527
vn 0.775091 -0.136645 -0.616898
vn 0.709951 -0.169943 -0.683439
vn 0.782003 -0.174869 -0.598241
vn 0.842811 -0.0818892 -0.531944
vn 0.815372 -0.0257596 -0.578364
vn 0.243671 -0.966586 -0.0796015
vn 0.647531 -0.756288 0.0934405
vn 0.506673 -0.854754 0.112597
vn -0.838473 -0.544823 -0.0114489
vn -0.453554 -0.879278 0.145458
vn -0.597478 -0.765041 0.240276
vn -0.477254 -0.878465 -0.0229783
vn 0.292668 -0.949765 0.11087
vn 0.930827 0.365253 -0.0122932
vn 0.930821 0.36525 -0.0128144
vn 0.930826 0.365255 -0.0122929
vn 0.939629 0.341943 -0.013156
vn 0.943813 0.330201 -0.0135844
vn 0.955498 0.294697 -0.0132931
vn 0.958532 0.28296 0.033908
vn 0.936426 0.336838 -0.0982129
vn 0.951969 0.299861 -0.0619626
vn -0.947421 0.310879 -0.0758093
vn -0.92266 0.362051 -0.132734
vn -0.920419 0.367447 -0.133457
vn -0.151264 0.520433 -0.840398
vn -0.1683 0.529953 -0.831159
vn -0.211336 0.532582 -0.819569
vn 0.108201 -0.988397 0.106603
vn 0.0886353 -0.978522 0.186112
vn 0.0726564 -0.982875 -0.169344
vn 0.0734292 -0.955304 0.28636
vn 0.743502 0.550806 -0.379233
vn 0.743502 0.550806 -0.379233
vn 0.743502 0.550806 -0.379233
vn -0.763427 0.531994 -0.36628
vn -0.763427 0.531994 -0.36628
vn -0.763427 0.531994 -0.36628
vn -0.0164134 0.385327 0.922634
vn -0.0164134 0.385327 0.922634
vn -0.0164134 0.385327 0.922634
vn -0.948763 0.315043 -0.024422
vn -0.940141 0.34009 -0.0217667
vn -0.954603 0.297846 -0.00449391
vn -0.943757 0.330151 -0.0179574
vn -0.959752 0.280426 0.0153797
vn -0.958532 0.282961 0.0339081
vn -0.954468 0.296998 0.0279724
vn -0.953579 0.299207 0.03409
vn -0.951548 0.302326 0.0561672
vn -0.9561 0.292184 0.0223767
vn -0.950766 0.303369 0.0633402
vn -0.949435 0.301001 0.0892787
vn -0.953782 0.300302 0.0109113
vn -0.947505 0.31974 -0.000897846
vn -0.0940324 0.926651 -0.363972
vn -0.0585725 0.952222 -0.299738
vn -0.125683 0.878701 -0.46053
vn -0.159116 0.870948 -0.4649
vn -0.173798 0.855803 -0.487232
vn -0.20664 0.846511 -0.490631
vn 0.377651 0.0179399 0.925774
vn 0.378 0.0173939 0.925642
vn 0.378975 0.0120925 0.925328
vn 0.378673 0.018502 0.925345
vn 0.379094 0.0160738 0.925219
vn 0.376835 0.0189363 0.926087
vn 0.376507 0.0189418 0.92622
vn -0.0948413 -0.00172749 -0.995491
vn -0.0949964 -0.00115921 -0.995477
vn -0.842811 -0.0818905 -0.531943
vn -0.775091 -0.136646 -0.616897
vn -0.815373 -0.025762 -0.578362
vn -0.782003 -0.174869 -0.598241
vn -0.696129 -0.189238 -0.692527
vn -0.709952 -0.169943 -0.683438
vn -0.647532 -0.756287 0.0934408
vn -0.243671 -0.966586 -0.0796014
vn -0.506673 -0.854754 0.112597
vn 0.610005 -0.792312 0.0116337
vn 0.653592 -0.734327 0.183253
vn 0.353325 -0.919788 0.170739
vn 0.772508 -0.630737 0.0735004
vn -0.336877 -0.934669 0.113613
vn -0.930827 0.365253 -0.0122929
vn -0.930821 0.36525 -0.0128142
vn -0.939629 0.341943 -0.0131559
vn -0.930826 0.365255 -0.0122926
vn -0.943813 0.330201 -0.0135845
vn -0.955498 0.294697 -0.0132932
vn -0.958532 0.28296 0.033908
vn -0.957584 0.284311 -0.0469169
vn -0.980736 0.190955 0.0411399
vn 0.283856 0.952842 0.107318
vn 0.287226 0.94652 0.146974
vn 0.294703 0.944149 0.147417
vn 0.276129 0.958771 0.0671623
vn 0.272384 0.962181 -0.00387221
vn 0.270056 0.962203 -0.0351567
vn 0.269721 0.957481 -0.102373
vn 0.271911 0.952349 -0.138184
vn 0.272953 0.946186 -0.173864
vn 0.275592 0.945481 -0.173539
vn -0.283855 0.952843 0.107318
vn -0.287225 0.94652 0.146975
vn -0.276129 0.958771 0.0671625
vn -0.294703 0.944149 0.147417
vn -0.272385 0.96218 -0.00387209
vn -0.270056 0.962202 -0.0351566
vn -0.269721 0.957481 -0.102373
vn -0.271911 0.952349 -0.138184
vn -0.272952 0.946186 -0.173864
vn -0.275591 0.945481 -0.173539
vn 0.191837 0.957924 -0.213494
vn 0.145775 0.986763 0.0710462
vn 0.191901 0.956243 -0.220846
vn 0.0221641 0.976067 0.216336
vn 0.00785106 0.979738 0.200127
vn -0.00337361 0.979728 0.200303
vn 0.0583434 0.982636 0.176134
vn 0.114582 0.986097 0.12035
vn -0.191901 0.956243 -0.220845
vn -0.110541 0.987723 0.110385
vn -0.191836 0.957924 -0.213494
vn -0.0342459 0.975605 0.216846
vn -0.0547939 0.983193 0.174153
vn -0.126643 0.990135 0.0599425
vn -0.191901 0.956243 -0.220845
vn -0.191836 0.957924 -0.213494
vn 0.0015442 -0.999999 -6.74988e-011
vn 0.0015442 -0.999999 -6.74988e-011
vn 0.0015442 -0.999999 -6.74988e-011
vn 0.000500714 -0.999999 -0.000930282
vn 0.000500714 -0.999999 -0.000930282
vn 0.000500714 -0.999999 -0.000930282
vn -0.870043 -0.0866218 -0.485306
vn -0.577159 0.339129 -0.742886
vn -0.489203 -0.268837 -0.829703
vn -0.299205 -0.0876572 -0.950154
vn -0.351245 0.621486 -0.700273
vn -0.594335 0.503968 -0.626724
vn -0.32095 0.824702 -0.46568
vn -0.166738 0.924277 -0.343381
vn -0.0700324 0.770032 -0.63415
vn -0.0199591 0.417343 -0.90853
vn -0.678355 0.275456 -0.681145
vn -0.705276 0.657002 -0.266333
vn -0.219144 0.928751 -0.298994
vn -0.283489 0.589655 -0.756268
vn -0.407085 0.294189 -0.864717
vn 0.489203 -0.268837 -0.829703
vn 0.577158 0.339129 -0.742886
vn 0.870043 -0.0866217 -0.485306
vn 0.299205 -0.0876573 -0.950154
vn 0.320946 0.824705 -0.465678
vn 0.594333 0.50397 -0.626724
vn 0.351244 0.621487 -0.700273
vn 0.166738 0.924277 -0.343381
vn 0.0700322 0.770032 -0.63415
vn 0.0199591 0.417343 -0.90853
vn 0.678356 0.275453 -0.681145
vn 0.219144 0.928751 -0.298994
vn 0.705277 0.657002 -0.266333
vn 0.283489 0.589655 -0.756268
vn 0.407085 0.29419 -0.864716
vn 0.304548 0.005233 0.952483
vn 0.311838 0.134428 0.940578
vn 0.351901 0.144258 0.924854
vn 0.340563 -0.0212647 0.939981
vn 0.211968 0.171618 0.96209
vn 0.330954 -0.168474 0.928486
vn 0.370775 -0.167005 0.913584
vn 0.21586 -0.0901713 0.972252
vn 0.292838 0.0803943 0.952776
vn 0.200066 -0.00031739 0.979782
vn 0.983831 -0.179102 -1.043e-006
vn 0.983831 -0.179102 -1.043e-006
vn 0.983831 -0.179102 -1.043e-006
vn 0.983831 -0.179102 -4.30048e-008
vn 0.983831 -0.179102 -4.30048e-008
vn 0.983831 -0.179102 -4.30048e-008
vn 0.0015442 -0.999999 -6.74988e-011
vn 0.0015442 -0.999999 -6.74988e-011
vn 0.000500714 -0.999999 -0.000930282
vn 0.000500714 -0.999999 -0.000930282
vn 0.000500714 -0.999999 -0.000930282
vn 0.0243035 0.999705 -1.06234e-009
vn 0.0243035 0.999705 -1.06234e-009
vn 0.0243035 0.999705 -1.06234e-009
vn 0.0243035 0.999705 -2.57651e-008
vn 0.0243035 0.999705 -2.57651e-008
vn 0.0243035 0.999705 -2.57651e-008
vn 0.947346 -0.320204 0.00214751
vn 0.947346 -0.320204 0.00214751
vn 0.947346 -0.320204 0.00214751
vn 0.845374 -0.407788 -0.345037
vn 0.845374 -0.407788 -0.345037
vn 0.845374 -0.407788 -0.345037
vn 0.00458963 0.999803 -0.019291
vn 0.00458963 0.999803 -0.019291
vn 0.00458963 0.999803 -0.019291
vn 0.00856096 0.999963 -3.74207e-010
vn 0.00856096 0.999963 -3.74207e-010
vn 0.00856096 0.999963 -3.74207e-010
vn -0.340563 -0.0212646 0.939981
vn -0.311838 0.134428 0.940578
vn -0.211967 0.171618 0.96209
vn -0.304548 0.0052329 0.952483
vn -0.351901 0.144258 0.924854
vn -0.330954 -0.168474 0.928486
vn -0.370774 -0.167004 0.913584
vn -0.21586 -0.0901714 0.972252
vn -0.200066 -0.000317354 0.979782
vn -0.292838 0.0803942 0.952776
vn -0.983831 -0.179101 4.30048e-008
vn -0.983831 -0.179101 4.30048e-008
vn -0.983831 -0.179101 4.30048e-008
vn -0.983831 -0.179102 -9.5699e-007
vn -0.983831 -0.179102 -9.5699e-007
vn -0.983831 -0.179102 -9.5699e-007
vn -0.000500714 -0.999999 -0.000930282
vn -0.000500714 -0.999999 -0.000930282
vn -0.000500714 -0.999999 -0.000930282
vn -0.0015442 -0.999999 6.74988e-011
vn -0.0015442 -0.999999 6.74988e-011
vn -0.0015442 -0.999999 6.74988e-011
vn -0.0243035 0.999705 -2.36405e-008
vn -0.0243035 0.999705 -2.36405e-008
vn -0.0243035 0.999705 -2.36405e-008
vn -0.0243035 0.999705 1.06234e-009
vn -0.0243035 0.999705 1.06234e-009
vn -0.0243035 0.999705 1.06234e-009
vn -0.845371 -0.407789 -0.345046
vn -0.845371 -0.407789 -0.345046
vn -0.845371 -0.407789 -0.345046
vn -0.947346 -0.320203 0.0021476
vn -0.947346 -0.320203 0.0021476
vn -0.947346 -0.320203 0.0021476
vn -0.00856097 0.999963 3.74216e-010
vn -0.00856097 0.999963 3.74216e-010
vn -0.00856097 0.999963 3.74216e-010
vn -0.00458964 0.999803 -0.019291
vn -0.00458964 0.999803 -0.019291
vn -0.00458964 0.999803 -0.019291
vn -0.787242 -0.614958 0.0455772
vn -0.288693 -0.956389 -0.0444447
vn -0.438847 -0.898315 -0.021077
vn 0.288693 -0.956389 -0.0444448
vn 0.438847 -0.898315 -0.0210773
vn 0.787242 -0.614958 0.0455769
vn 0.00210178 0.0657731 0.997832
vn -0.00200916 0.0658208 0.997829
vn 4.67713e-008 0.0739108 0.997265
vn -0.00301374 0.0617739 0.998086
vn -0.0102307 0.0659128 0.997773
vn -0.586201 -0.810104 -0.0099843
vn -9.15943e-008 -0.999811 0.0194224
vn -0.587274 -0.80908 0.0223539
vn 0.586201 -0.810104 -0.00998438
vn 0.587273 -0.80908 0.022354
vn -0.948779 0.301916 -0.0930836
vn -0.949528 -0.312049 -0.0319662
vn -0.950422 0.304947 -0.0608712
vn 6.98616e-008 0.98951 -0.144465
vn -0.587017 0.801343 -0.115155
vn 3.08435e-007 0.993672 -0.112323
vn 0.948779 0.301916 -0.0930839
vn 0.587016 0.801343 -0.115156
vn 0.950422 0.304947 -0.0608716
vn 6.98616e-008 0.98951 -0.144465
vn 3.08435e-007 0.993672 -0.112323
vn 0.949528 -0.31205 -0.0319664
vn 0.948779 0.301916 -0.0930839
vn 0.950422 0.304947 -0.0608716
vn -0.337619 -0.527995 0.779252
vn -0.0729718 -0.612967 0.786731
vn -0.456308 -0.442978 0.771721
vn 0.0729743 -0.612971 0.786728
vn 0.337626 -0.528 0.779246
vn 0.456313 -0.442986 0.771714
vn -0.67022 0.198414 0.715148
vn -0.66807 -0.0805498 0.739726
vn -0.625723 0.338626 0.702711
vn -0.621584 -0.219288 0.752028
vn -0.074259 0.741186 0.66718
vn -0.342281 0.653731 0.674892
vn 0.074257 0.741185 0.667181
vn -0.461804 0.566329 0.682648
vn 0.625728 0.338633 0.702704
vn 0.461808 0.566331 0.682644
vn 0.670224 0.198417 0.715144
vn 0.342282 0.65373 0.674893
vn 0.621584 -0.219297 0.752026
vn 0.66807 -0.0805556 0.739725
vn -0.787241 -0.614958 0.0455783
vn -0.288693 -0.95639 -0.044443
vn -0.438846 -0.898315 -0.0210754
vn 0.288693 -0.956389 -0.0444433
vn 0.438847 -0.898315 -0.0210758
vn 0.787242 -0.614958 0.0455778
vn 0.00210178 0.0657731 0.997832
vn -0.00200916 0.0658208 0.997829
vn 4.67713e-008 0.0739108 0.997265
vn -0.00301375 0.061774 0.998086
vn -0.0102307 0.0659129 0.997773
vn -0.5862 -0.810105 -0.0099849
vn -1.83774e-006 -0.999811 0.0194223
vn -0.58727 -0.809082 0.0223524
vn 0.586198 -0.810106 -0.00998398
vn 0.58727 -0.809082 0.0223541
vn -0.94878 0.301915 -0.0930836
vn -0.949528 -0.312049 -0.0319667
vn -0.950422 0.304946 -0.0608714
vn 7.89308e-007 0.98951 -0.144465
vn -0.58702 0.801341 -0.115155
vn 7.62785e-007 0.993672 -0.112323
vn 0.94878 0.301915 -0.0930833
vn 0.58702 0.80134 -0.115155
vn 0.950422 0.304947 -0.0608712
vn 7.89308e-007 0.98951 -0.144465
vn 7.62785e-007 0.993672 -0.112323
vn 0.949528 -0.312049 -0.0319661
vn 0.94878 0.301915 -0.0930833
vn 0.950422 0.304947 -0.0608712
vn -0.337615 -0.527992 0.779257
vn -0.0729686 -0.612966 0.786733
vn -0.456304 -0.442973 0.771726
vn 0.0729739 -0.61297 0.786729
vn 0.337622 -0.527999 0.779249
vn 0.456309 -0.442983 0.771717
vn -0.670217 0.198413 0.715152
vn -0.668066 -0.0805492 0.739729
vn -0.625725 0.338625 0.70271
vn -0.621579 -0.219286 0.752032
vn -0.074257 0.741183 0.667183
vn -0.342284 0.653732 0.67489
vn 0.0742607 0.741184 0.667182
vn -0.46181 0.566331 0.682642
vn 0.625732 0.338632 0.7027
vn 0.461812 0.566337 0.682636
vn 0.670226 0.198415 0.715143
vn 0.342285 0.653733 0.674888
vn 0.621583 -0.219297 0.752026
vn 0.668071 -0.0805556 0.739724
vn 0.000368014 -0.876255 0.481847
vn -0.267046 -0.56106 0.783517
vn -0.33634 -0.847019 0.411624
vn 0.639751 -0.259395 0.723487
vn -0.144211 -0.265371 0.9533
vn 0.299776 -0.819221 -0.488888
vn -0.243711 -0.969801 -0.00948092
vn -0.317396 -0.813883 -0.486677
vn -0.218623 -0.485063 -0.84671
vn 0.540402 -0.20638 -0.815704
vn -0.117989 0.0177146 0.992857
vn 0.25901 -0.721836 0.641768
vn -0.0904612 -0.690719 0.717443
vn -0.0791223 -0.1373 0.987364
vn 0.100515 -0.892184 -0.440346
vn -0.137819 0.103798 0.985003
vn 0.109092 -0.841399 0.529288
vn -0.114076 -0.635323 0.763775
vn -0.136569 -0.105349 0.985013
vn 0.662365 -0.218915 0.716484
vn -0.205554 -0.501437 0.840422
vn -0.142697 -0.242718 -0.959545
vn 0.378172 -0.173204 -0.909388
vn -0.210249 -0.479745 -0.851845
vn -0.0845208 -0.124229 -0.988647
vn -0.0029681 -0.00447188 -0.999986
vn -0.067725 -0.520608 -0.851105
vn 0.292668 -0.949765 0.11087
vn 0.314095 -0.826672 0.466859
vn -0.280636 -0.832436 0.477801
vn 0.0461566 -0.858634 -0.510507
vn -0.294335 -0.830821 -0.472339
vn -0.124737 -0.195876 -0.972663
vn -0.0918819 -0.0742113 -0.993001
vn -0.118953 0.0385167 -0.992153
vn -0.0930791 -0.671041 -0.735554
vn -0.63975 -0.259395 0.723487
vn 0.267047 -0.561059 0.783517
vn 0.144211 -0.265371 0.9533
vn -0.000367887 -0.876255 0.481847
vn 0.33634 -0.847019 0.411624
vn 0.243711 -0.969801 -0.00948094
vn -0.299776 -0.819221 -0.488888
vn 0.317396 -0.813883 -0.486677
vn 0.218622 -0.485063 -0.84671
vn -0.540402 -0.20638 -0.815704
vn -0.229534 -0.79006 0.568436
vn 0.0791224 -0.1373 0.987364
vn 0.117989 0.0177146 0.992857
vn 0.0904611 -0.690719 0.717443
vn -0.134503 -0.797174 -0.588577
vn -0.0828349 -0.905941 0.415223
vn 0.137551 0.103481 0.985074
vn 0.11577 -0.635375 0.763476
vn 0.136577 -0.105396 0.985007
vn -0.662352 -0.218953 0.716484
vn 0.205554 -0.501437 0.840422
vn 0.067725 -0.520608 -0.851105
vn -0.378173 -0.173204 -0.909388
vn -0.336877 -0.934669 0.113613
vn 0.00296805 -0.00447192 -0.999986
vn 0.0845208 -0.124229 -0.988647
vn 0.142697 -0.242718 -0.959545
vn 0.210249 -0.479745 -0.851845
vn -0.314095 -0.826672 0.466859
vn 0.280636 -0.832436 0.4778
vn -0.0461566 -0.858634 -0.510508
vn 0.294335 -0.830821 -0.472339
vn 0.124737 -0.195876 -0.972663
vn 0.118953 0.0385165 -0.992153
vn 0.0930787 -0.671041 -0.735554
vn 0.0918814 -0.0742113 -0.993001
vn 0.0484843 0.997373 0.0538175
vn 0.0716869 0.988135 0.135834
vn 0.0439176 0.998828 -0.0203281
vn 0.0734092 0.994802 0.0705663
vn 0.0396848 0.999046 -0.0182246
vn -0.168144 0.978495 -0.11948
vn -0.175031 0.963943 -0.200444
vn -0.152208 0.986081 -0.0669122
vn -0.0731694 0.985682 -0.151913
vn 4.37112e-008 0 1
vn 4.37112e-008 0 1
vn 4.37112e-008 0 1
vn -4.37112e-008 0 -1
vn -4.37112e-008 0 -1
vn -4.37112e-008 0 -1
vn -4.37112e-008 0 -1
vn -0.0132373 0.999847 0.0114727
vn 0.00992767 0.999943 0.00396832
vn -2.62673e-007 0.999983 -0.00576889
vn -2.62673e-007 0.999983 -0.00576889
vn -2.59131e-007 0.999983 -0.0057689
vn -2.66215e-007 0.999983 -0.00576888
vn 0.9956 0.0858381 -0.0375844
vn 0.9956 0.0858381 -0.0375844
vn 0.99606 0.0830057 -0.0312239
vn 0.995092 0.0886663 -0.0439431
vn 5.47865e-008 -0.0868377 0.996222
vn 5.47865e-008 -0.0868377 0.996222
vn 4.35465e-008 -0.0868377 0.996222
vn 6.60275e-008 -0.0868377 0.996222
vn -0.99566 0.0852128 -0.0374266
vn -0.99566 0.0852128 -0.0374266
vn -0.995785 0.0863542 -0.0309175
vn -0.995491 0.0840677 -0.0439342
vn -6.67954e-008 0.178886 -0.98387
vn -6.67954e-008 0.178886 -0.98387
vn -4.30064e-008 0.178886 -0.98387
vn -9.05844e-008 0.178886 -0.98387
vn -2.62673e-007 0.999983 -0.00576889
vn -2.62673e-007 0.999983 -0.00576889
vn -2.66215e-007 0.999983 -0.0057689
vn -2.59131e-007 0.999983 -0.00576888
vn -0.9956 0.085838 -0.0375843
vn -0.9956 0.085838 -0.0375843
vn -0.995092 0.0886665 -0.0439435
vn -0.99606 0.0830054 -0.0312232
vn 4.53315e-008 -0.0868377 0.996222
vn 4.53315e-008 -0.0868377 0.996222
vn 6.60275e-008 -0.0868377 0.996222
vn 2.46365e-008 -0.0868377 0.996222
vn 0.99566 0.0852127 -0.0374268
vn 0.99566 0.0852127 -0.0374268
vn 0.995491 0.0840676 -0.0439345
vn 0.995785 0.0863542 -0.0309175
vn -4.67844e-008 0.178886 -0.98387
vn -4.67844e-008 0.178886 -0.98387
vn -9.05844e-008 0.178886 -0.98387
vn -2.98505e-009 0.178886 -0.98387
vn -8.7125e-010 0.999828 -0.0185343
vn -8.1017e-010 0.999828 -0.0185343
vn 0.962567 -0.209476 0.172004
vn 0.991736 -0.0383239 0.122436
vn 0.98546 -0.155552 0.0683483
vn 0.948763 -0.315043 0.024422
vn 0.824659 -0.563457 -0.0495372
vn 0.935857 -0.352157 0.0125303
vn 0.954603 -0.297846 0.00449391
vn 0.988531 -0.150921 0.00548753
vn 0.996239 -0.0865994 -0.00281938
vn 0.783613 -0.51669 -0.344938
vn 0.7225 -0.631055 -0.282422
vn 0.828127 -0.505467 -0.242301
vn 0.668187 -0.677765 -0.306857
vn 0.850365 -0.453027 -0.267668
vn 0.826606 -0.538664 -0.162985
vn 0.783613 -0.51669 -0.344938
vn 0.668187 -0.677765 -0.306857
vn 0.603822 -0.775434 -0.184664
vn 0.747644 -0.646434 -0.152156
vn 0.733754 -0.677964 -0.0443784
vn 0.935857 -0.352157 0.0125303
vn 0.473728 -0.878297 -0.0646253
vn 0.611496 -0.788016 -0.0714429
vn 0.446292 -0.894887 -0.000230713
vn 0.473728 -0.878297 -0.0646253
vn 0.420394 -0.907081 0.0217402
vn 0.408291 -0.908994 0.0838387
vn 0.429184 -0.895942 0.114407
vn 0.516506 -0.833311 0.197012
vn 0.637693 -0.73092 0.243112
vn 0.36265 -0.920713 0.144126
vn 0.632289 -0.696611 0.339034
vn 0.701639 -0.650744 0.290231
vn 0.796252 -0.531402 0.289128
vn 0.995851 -0.0744108 0.0523781
vn 0.841432 -0.462008 0.28025
vn 0.145725 -0.888743 0.434626
vn 0.159116 -0.870948 0.4649
vn 0.144564 -0.876577 0.459036
vn 0.173702 -0.856602 0.48586
vn 0.441111 -0.789373 0.42698
vn 0.998263 0.0562875 0.0174146
vn 0.996042 0.0879794 0.0126858
vn 0.999212 -0.0386128 -0.00918213
vn 0.990485 0.136749 0.0154343
vn 0.991546 0.12975 0.00122126
vn 0.994079 0.108656 -0.000793145
vn 0.993154 0.113309 0.0283849
vn 0.975792 -0.215014 0.0399988
vn 0.989439 -0.0429806 -0.138432
vn 0.56602 -0.727746 0.387308
vn 0.847383 -0.486933 0.211751
vn 0.956368 0 -0.292165
vn 0.956368 0 -0.292165
vn 0.956368 0 -0.292165
vn 0.956368 0 -0.292165
vn 0.990282 0.138505 -0.012558
vn 0.990282 0.138505 -0.012558
vn 0.990282 0.138505 -0.012558
vn 0.990282 0.138505 -0.012558
vn 0.990282 0.138505 -0.012558
vn 0.990282 0.138505 -0.012558
vn 0.281581 0 -0.959537
vn 0.281581 0 -0.959537
vn 0.281581 0 -0.959537
vn 0.281581 0 -0.959537
vn 0.0931551 0 -0.995652
vn 0.0931551 0 -0.995652
vn 0.0931551 0 -0.995652
vn 0.0931551 0 -0.995652
vn -0.948763 -0.315043 0.0244221
vn -0.824659 -0.563457 -0.0495372
vn -0.954603 -0.297846 0.004494
vn -0.935857 -0.352157 0.0125304
vn -0.960236 -0.279121 -0.00610985
vn -0.958532 -0.282962 -0.0339082
vn -0.783613 -0.51669 -0.344938
vn -0.7225 -0.631055 -0.282422
vn -0.668186 -0.677765 -0.306857
vn -0.828126 -0.505467 -0.242301
vn -0.850365 -0.453027 -0.267668
vn -0.783613 -0.51669 -0.344938
vn -0.826606 -0.538664 -0.162985
vn -0.668186 -0.677765 -0.306857
vn -0.603822 -0.775434 -0.184663
vn -0.747644 -0.646434 -0.152156
vn -0.733754 -0.677964 -0.0443785
vn -0.935857 -0.352157 0.0125304
vn -0.473727 -0.878297 -0.0646252
vn -0.611495 -0.788016 -0.0714429
vn -0.446292 -0.894887 -0.000230641
vn -0.420394 -0.907081 0.0217404
vn -0.473727 -0.878297 -0.0646252
vn -0.408291 -0.908994 0.0838388
vn -0.406078 -0.905047 0.126455
vn -0.414648 -0.896987 0.153238
vn -0.416936 -0.877455 0.237145
vn -0.465909 -0.830941 0.304083
vn -0.536646 -0.756452 0.373888
vn -0.570755 -0.736036 0.363992
vn -0.99199 0.126199 0.00534821
vn -0.990915 0.134406 0.00464403
vn -0.990591 0.136768 0.00492907
vn -0.99483 0.10154 -0.00164904
vn -0.991546 0.12975 0.00122134
vn -0.994079 0.108656 -0.000793059
vn -0.936783 -0.314305 0.153784
vn -0.936783 -0.314305 0.153784
vn -0.89437 -0.428801 0.127406
vn -0.964579 -0.194905 0.177763
vn -0.578311 -0.726511 0.371131
vn -0.584764 -0.723869 0.366149
vn -0.956368 0 -0.292165
vn -0.956368 0 -0.292165
vn -0.956368 0 -0.292165
vn -0.956368 0 -0.292165
vn -0.956368 0 -0.292165
vn -0.956368 0 -0.292165
vn -0.990282 0.138505 -0.012558
vn -0.990282 0.138505 -0.012558
vn -0.990282 0.138505 -0.012558
vn -0.990282 0.138505 -0.012558
vn -0.990282 0.138505 -0.012558
vn -0.990282 0.138505 -0.012558
vn -0.281582 0 -0.959537
vn -0.281582 0 -0.959537
vn -0.281582 0 -0.959537
vn -0.281582 0 -0.959537
vn -0.0931552 0 -0.995652
vn -0.0931552 0 -0.995652
vn -0.0931552 0 -0.995652
vn -0.0931552 0 -0.995652
vn -0.999942 0 0.0107525
vn -0.999942 0 0.0107525
vn -0.999942 0 0.0107525
vn -0.999942 0 0.0107525
vn -0.972362 -0.156424 0.173332
vn -0.972362 -0.156424 0.173332
vn -0.972362 -0.156424 0.173332
vn -0.993958 0 0.10976
vn -0.993958 0 0.10976
vn -0.993958 0 0.10976
vn -0.0440785 -0.993343 0.106431
vn -0.0121027 -0.993998 0.108728
vn 0.0267595 -0.992828 0.116519
vn -0.0516034 -0.99367 0.0997876
vn 0.0583746 -0.991288 0.118071
vn 0.0648621 -0.990266 0.123148
vn -0.0477508 -0.997473 -0.0526088
vn -0.0477508 -0.997473 -0.0526088
vn -0.0477508 -0.997473 -0.0526088
vn -0.0781066 -0.996755 -0.0194503
vn -0.0781066 -0.996755 -0.0194503
vn -0.0781066 -0.996755 -0.0194503
vn 0.0486857 -0.998624 -0.0194868
vn 0.0486857 -0.998624 -0.0194868
vn 0.0486857 -0.998624 -0.0194868
vn 0.0820584 -0.995201 -0.0533083
vn 0.0820584 -0.995201 -0.0533083
vn 0.0820584 -0.995201 -0.0533083
vn 0.25901 -0.721836 0.641768
vn 7.60024e-009 -0.998572 -0.0534254
vn -0.00614769 -0.999076 -0.0425236
vn -0.229534 -0.79006 0.568436
vn 0.00614763 -0.999076 -0.0425236
vn 0.109092 -0.841399 0.529288
vn -0.000528401 -1 0.000669203
vn -0.114076 -0.635323 0.763775
vn -0.000461093 -1 0.000347537
vn 0.100515 -0.892184 -0.440346
vn -0.0930791 -0.671041 -0.735554
vn -0.0904612 -0.690719 0.717443
vn -0.336877 -0.934669 0.113613
vn -1.37134e-006 -0.981756 0.190144
vn -0.647532 -0.756287 0.0934408
vn 0.292668 -0.949765 0.11087
vn 0.647531 -0.756288 0.0934405
vn -0.597478 -0.765041 0.240276
vn -0.067725 -0.520608 -0.851105
vn -0.134503 -0.797174 -0.588577
vn 0.00336733 -0.999994 0.000711726
vn -0.0828349 -0.905941 0.415223
vn 0.11577 -0.635375 0.763476
vn 0.00158718 -0.999999 0.000483922
vn 0.0930787 -0.671041 -0.735554
vn 0.0904611 -0.690719 0.717443
vn 0.067725 -0.520608 -0.851105
vn 0.653592 -0.734327 0.183253
vn 0.109092 -0.841399 0.529288
vn 0.755029 0.588749 -0.288626
vn 0.916505 0.236658 -0.322508
vn 0.890351 0.312731 -0.330868
vn 0.663318 0.670614 -0.332093
vn 0.813244 0.498474 -0.300263
vn 0.4144 0.872375 -0.259294
vn 0.328128 0.903202 -0.27669
vn 0.942032 0.212189 -0.259907
vn 0.848166 0.504384 -0.161898
vn 0.994309 0.087253 -0.0611195
vn 0.998213 0.0214165 -0.0557939
vn 0.99689 -0.0295609 -0.0730536
vn 0.996884 0.061639 -0.0492232
vn 0.98431 0.17568 0.0164573
vn 0.99269 0.0877175 0.0828958
vn 0.964845 0.258283 0.0486266
vn 0.999339 0.0293723 0.0213983
vn 0.995463 -0.0353786 0.088322
vn 0.614857 0.78664 -0.0561089
vn 0.74441 0.66564 -0.0526882
vn 0.382226 0.918646 -0.0999599
vn 0.874484 0.48496 -0.00953365
vn 0.869606 0.493602 0.0119349
vn 0.976531 -0.214026 0.024068
vn 0.988312 -0.151955 0.0121665
vn 0.988966 -0.0279723 0.145481
vn 0.709553 0.699217 -0.0873526
vn 0.822913 0.567184 -0.0334071
vn 0.956625 0.272623 0.102691
vn 0.310951 0.93772 -0.154889
vn 0.642032 0.742263 -0.191937
vn 0.999682 0.0154001 -0.0199621
vn 0.998652 -0.0515612 -0.00589111
vn 0.997853 -0.0593754 -0.0276485
vn 0.994057 -0.091074 -0.0596297
vn 0.987855 0.032858 0.151865
vn 0.977486 0.0128087 0.210609
vn 0.986034 -0.100834 -0.132552
vn 0.986112 -0.110564 -0.123934
vn 0.990859 -0.0955347 -0.0952483
vn 0.984321 -0.105537 -0.141328
vn 0.111747 0.966866 -0.229528
vn 0.148427 0.939118 -0.309882
vn 0.193716 0.972077 -0.13244
vn 0.878631 0.476922 0.0235334
vn 0.936904 0.349537 0.005835
vn 0.88063 0.473697 0.0100879
vn 0.997503 -0.0534637 0.0461527
vn 0.996383 -0.0837421 0.0144516
vn 0.998129 -0.0569314 0.0223153
vn 0.773734 0.631272 0.0532082
vn 0.433112 0.899328 0.0601852
vn 0.848944 0.517231 0.108469
vn 0.524767 0.850176 0.0426646
vn 0.789437 0.609926 0.0691388
vn 0.777546 0.628595 -0.0170572
vn 0.632992 0.773457 -0.0329536
vn 0.802534 0.595896 -0.0291212
vn 0.670207 0.741539 -0.0306893
vn 0.983835 -0.131719 0.12132
vn 0.982736 -0.135414 0.126068
vn 0.97967 -0.137658 0.145933
vn 0.985887 -0.126824 0.109283
vn 0.986696 -0.1351 0.0904401
vn 0.99019 -0.125534 0.0613596
vn 0.991038 0.111195 -0.0740174
vn 0.973971 0.225027 -0.0272749
vn 0.994592 0.0964449 -0.0385367
vn 0.990139 -0.119123 -0.073722
vn 0.994073 -0.105666 -0.0255495
vn 0.991034 -0.128227 -0.0375398
vn 0.889791 0.442933 0.109917
vn 0.924271 0.299691 0.23645
vn 0.85707 0.503085 0.11107
vn 0.829982 0.557415 0.020444
vn 0.839609 0.543038 0.0129036
vn 0.814897 0.578549 -0.0349667
vn 0.869142 0.494227 -0.0182265
vn 0.785987 0.61766 0.0268621
vn 0.959454 0.273942 0.0663643
vn 0.968986 0.106435 0.223019
vn 0.985323 0.133628 0.106221
vn 0.955051 0.204995 0.214138
vn 0.911498 0.0989692 0.399221
vn 0.967576 0.249969 -0.0362296
vn 0.956221 0.291558 -0.0252208
vn 0.992414 0.106425 -0.0615471
vn 0.997041 -0.00113564 -0.0768602
vn 0.996056 0.00547588 -0.088559
vn 0.99807 0.05032 -0.0363939
vn 0.995027 -0.0610234 -0.0787269
vn 0.995727 -0.0602914 -0.0699492
vn 0.990949 -0.132679 -0.0204169
vn 0.960611 -0.100664 -0.259025
vn 0.960611 -0.100664 -0.259025
vn 0.95304 -0.174136 -0.247772
vn 0.962819 -0.026631 -0.268832
vn 0.433112 0.899328 0.0601852
vn 0.329423 0.937757 0.109964
vn 0.136926 0.984174 0.112485
vn 0.524767 0.850176 0.0426646
vn 0.639061 0.76237 0.101947
vn 0.657936 0.752608 -0.0264712
vn 0.458524 0.881724 -0.110987
vn 0.486221 0.860965 -0.149429
vn 0.931833 -0.362847 0.00535476
vn 0.893833 -0.448374 0.00489413
vn 0.924954 -0.380068 0.00276414
vn 0.829638 0.558236 -0.00862412
vn 0.695773 0.718254 -0.00325925
vn 0.652734 0.756137 -0.0468526
vn 0.757083 0.653174 0.0137536
vn 0.781781 0.620593 0.060683
vn 0.767613 0.640527 0.022248
vn 0.797114 0.601653 0.0512168
vn 0.964297 0.259204 0.0542587
vn 0.966983 0.227675 0.114492
vn 0.962081 0.263414 0.0707982
vn 0.977537 0.191623 0.0877615
vn 0.691987 0.718895 -0.0659115
vn 0.650616 0.754551 -0.0857467
vn 0.954061 0.289176 -0.0783933
vn 0.946083 0.315701 -0.072525
vn 0.609514 0.781993 -0.130305
vn 0.945983 0.287328 -0.150198
vn 0.950705 0.260594 -0.168081
vn 0.988621 0.150363 -0.00451827
vn 0.986563 0.163346 -0.00349749
vn 0.986417 0.164151 -0.00593598
vn 0.987243 0.159223 -0.000344222
vn 0.985352 0.170532 0.00103382
vn 0.988409 0.151777 0.00352158
vn 0.981861 0.18133 0.0553955
vn 0.983107 0.177954 0.042822
vn 0.990592 -0.102995 0.0901089
vn 0.975713 0.21852 0.0152871
vn 0.988927 0.14628 0.0249972
vn 0.992213 0.124388 0.0064719
vn 0.770196 -0.637014 0.0317918
vn 0.758365 -0.651529 0.0197884
vn 0.701161 -0.712903 0.0119672
vn 0.805549 -0.591973 0.0256625
vn 0.990034 0.139852 0.0165505
vn 0.987776 0.1556 -0.00938424
vn 0.6678 -0.744293 -0.00841994
vn 0.627048 -0.778859 -0.0137588
vn 0.982964 0.183774 0.00284925
vn 0.985681 0.162117 -0.0463841
vn 0.991554 0.12434 -0.0368904
vn 0.246588 0.588789 0.769754
vn 0.246588 0.588789 0.769754
vn 0.246588 0.588789 0.769754
vn 0.203938 0.875854 -0.437365
vn 0.265955 0.95198 -0.151665
vn 0.227451 0.947393 -0.225196
vn 0.287937 0.957643 -0.00346421
vn 0.33571 0.94195 -0.00530794
vn 0.624114 -0.781031 -0.0217431
vn 0.615525 -0.787856 -0.0202749
vn 0.489379 0.42841 -0.759588
vn 0.541366 0.348737 -0.765052
vn 0.546846 0.383742 -0.744111
vn 0.367652 0.541344 -0.756161
vn 0.251538 0.670487 -0.69798
vn 0.250706 0.707501 -0.660748
vn 0.293622 0.727715 -0.619852
vn 0.23462 0.666945 -0.707204
vn 0.35504 0.698217 -0.621642
vn 0.746137 0.0279429 -0.665205
vn 0.887696 -0.00410886 -0.460412
vn 0.680937 0.0608309 -0.729811
vn 0.907483 -0.0138103 -0.419861
vn 0.872993 0.0950708 -0.478378
vn 0.932441 0.176166 -0.315468
vn 0.858554 0.180941 -0.479735
vn 0.941582 0.0108125 -0.336609
vn 0.949528 0.0732255 -0.305016
vn 0.944817 0.200986 -0.258698
vn 0.564964 -0.773547 -0.287126
vn 0.310891 -0.87875 -0.362139
vn 0.358849 -0.899794 -0.248189
vn 0.784361 -0.437515 -0.439726
vn 0.414964 -0.770236 -0.484294
vn 0.358849 -0.899794 -0.248189
vn 0.310891 -0.87875 -0.362139
vn 0.533641 0.0659992 -0.843132
vn 0.541609 -0.0264045 -0.840216
vn 0.368463 0.0639458 -0.927441
vn 0.350036 0.0692637 -0.934172
vn 0.42759 -0.0772612 -0.900665
vn 0.291611 -0.169018 -0.941486
vn 0.479582 -0.0402264 -0.876574
vn 0.364214 0.25407 -0.895989
vn 0.382775 -0.259531 -0.886638
vn 0.225793 -0.858359 -0.460693
vn 0.0921269 -0.926304 -0.365341
vn 0.317537 0.566081 -0.760738
vn 0.325733 0.627504 -0.707204
vn 0.314973 0.496932 -0.80861
vn 0.269809 0.67589 -0.68584
vn 0.0385971 0.0453278 -0.998226
vn 0.177036 0.222428 -0.958741
vn 0.192377 0.09189 -0.977009
vn -0.0288247 0.0452905 -0.998558
vn 0.22367 0.0775816 -0.971572
vn 0.223965 0.134571 -0.965262
vn 0.24866 0.0633255 -0.966519
vn 0.202923 0.44912 -0.870123
vn -6.68591e-010 -0.988915 -0.148482
vn -3.46018e-009 -0.991193 -0.132428
vn 0.0432703 -0.972039 -0.230798
vn 0.156155 -0.186366 -0.969991
vn 2.28882e-007 -0.17036 -0.985382
vn 0.195556 -0.260133 -0.945562
vn 2.37794e-007 -0.11878 -0.992921
vn 0.315313 -0.286869 -0.90459
vn 0.187543 0.456799 -0.869576
vn 0.176445 0.486749 -0.855537
vn 0.0311568 0.44382 -0.895574
vn -0.0284918 0.443833 -0.895656
vn 0.125902 0.601131 -0.78917
vn 0.872993 0.0950708 -0.478378
vn 0.719885 0.101086 -0.686693
vn 0.900033 -0.0798804 -0.428439
vn 0.664799 0.207267 -0.717693
vn 0.398788 -0.231897 -0.887238
vn -0.644013 0.509159 -0.570968
vn -0.545543 -0.294268 -0.784722
vn -0.684205 -0.118038 -0.719674
vn -0.594859 0.719722 -0.357971
vn 0.210265 -0.812806 -0.543264
vn 0.529225 -0.750493 -0.39583
vn 0.527341 -0.669401 -0.523272
vn 0.489125 -0.649547 -0.582104
vn 0.510631 -0.52345 -0.682097
vn 0.730278 -0.163064 -0.663404
vn 0.717993 -0.169864 -0.675006
vn 0.23179 0.877416 -0.420017
vn -0.0939103 0.939306 -0.329977
vn 0.313531 0.75257 -0.579082
vn -0.195528 0.960491 -0.198053
vn 0.858554 0.180941 -0.479735
vn 0.0333197 0.937293 -0.346946
vn 1.30691e-007 0.941254 -0.3377
vn 1.28028e-007 0.950324 -0.311262
vn 0.0519401 0.908453 -0.414747
vn -0.0934467 0.918673 -0.383806
vn -0.153656 0.907463 -0.391025
vn -0.383177 0.891433 -0.241916
vn -0.731881 0.102464 -0.673685
vn -0.731881 0.102464 -0.673685
vn -0.811677 0.100804 -0.575342
vn -0.640344 0.102481 -0.761221
vn -0.317275 -0.730743 -0.604443
vn -0.0858697 -0.740386 -0.666674
vn -0.00530285 -0.776671 -0.629885
vn 0.133738 -0.817053 -0.560837
vn 0.114726 -0.800234 -0.588611
vn 0.065118 -0.836497 -0.544089
vn 0.0139312 -0.851846 -0.523607
vn -0.0129124 -0.851521 -0.524162
vn -0.0122621 -0.996409 -0.0837754
vn -0.0134153 -0.996608 -0.0811901
vn -0.008509 -0.995915 -0.0898957
vn -1.87277e-008 -0.997043 -0.076844
vn -4.33751e-008 -0.997106 -0.076027
vn -0.977197 0.190905 -0.0929606
vn -0.977197 0.190905 -0.0929606
vn -0.976775 0.179715 -0.116672
vn -0.976946 0.201964 -0.069185
vn 5.04522e-008 0.984059 -0.17784
vn -0.00918744 0.990605 -0.136448
vn 9.18546e-008 0.987534 -0.157407
vn -0.0225016 0.991789 -0.125888
vn -0.0541527 0.997136 -0.0527875
vn 0.949363 -0.0249387 -0.31319
vn 0.960688 -0.00137527 -0.277626
vn 0.981262 -0.038723 -0.188748
vn 0.977555 -0.0333746 -0.208019
vn 0.963763 -0.0290497 -0.265173
vn 0.991877 -0.0555401 -0.114436
vn 0.847047 0.437442 -0.301921
vn 0.709619 0.543322 -0.448601
vn 0.743952 0.529118 -0.408129
vn 0.907483 -0.0138103 -0.419861
vn 0.887696 -0.00410886 -0.460412
vn 0.900033 -0.0798804 -0.428439
vn 0.941845 -0.057047 -0.33117
vn 0.0133077 0.878662 -0.477259
vn -0.180467 0.878383 -0.442577
vn -0.18861 0.893636 -0.407235
vn -0.00684599 0.878722 -0.477284
vn -0.323461 0.835302 -0.444571
vn -0.184173 0.833949 -0.520201
vn -0.288104 0.831767 -0.47451
vn 0.399246 0.671272 -0.624496
vn 0.494793 0.620685 -0.608219
vn 0.692832 0.694538 -0.193906
vn 0.631288 0.745285 -0.214534
vn 0.684831 0.7162 -0.134399
vn 0.251738 0.963536 -0.0906951
vn 0.193716 0.972077 -0.13244
vn 0.235013 0.957296 -0.168381
vn 0.486221 0.860965 -0.149429
vn 0.577634 0.764128 -0.287137
vn 0.46825 0.825181 -0.315942
vn 0.167622 0.960544 -0.221943
vn 0.111747 0.966866 -0.229528
vn 0.147812 0.874447 -0.462053
vn 0.126555 0.90388 -0.408638
vn 0.148427 0.939118 -0.309882
vn 0.382096 0.716986 -0.583038
vn 0.373195 0.623529 -0.686977
vn 0.280599 0.636279 -0.718619
vn 0.463623 0.760091 -0.455318
vn 1.23245e-007 0.675026 -0.737794
vn 0.137897 0.815343 -0.562316
vn 0.168145 0.626461 -0.7611
vn -0.00979306 0.886525 -0.462576
vn 0.00103242 0.968617 -0.248555
vn 0.0935877 0.962645 -0.254078
vn -0.000403513 0.983565 -0.180552
vn 0.0977911 0.978945 -0.179177
vn 0.0127312 0.989962 -0.140761
vn 0.131772 0.984016 -0.119786
vn 0.130308 0.830997 -0.540799
vn 0.174876 0.974064 -0.143591
vn 0.146271 0.959285 -0.241612
vn 0.188329 0.875927 -0.444167
vn 0.23657 0.634705 -0.735653
vn 0.107916 0.820654 -0.561142
vn 0.19644 0.976263 0.0912227
vn 0.0774615 0.991943 0.100245
vn 0.32499 0.922472 0.208389
vn 0.0075802 0.998487 0.0544666
vn 0.165163 0.986258 -0.00400883
vn -0.000786933 0.999769 -0.0214868
vn 0.152143 0.983268 -0.100184
vn -0.000958662 0.991953 -0.126603
vn 0.164592 0.970533 -0.175996
vn -0.0176972 0.982589 -0.184949
vn 0.639061 0.76237 0.101947
vn 0.789437 0.609926 0.0691388
vn 0.746455 0.625085 0.228196
vn 0.502106 0.819044 0.277591
vn 0.620599 0.735744 0.271178
vn 0.598258 0.753451 0.272761
vn 0.84723 0.470656 0.24634
vn 0.515977 0.836575 0.184146
vn 0.705573 0.653796 0.273343
vn 0.651156 0.745751 0.140893
vn 0.47649 0.876607 0.0672133
vn 0.628757 0.776408 0.0430651
vn 0.445017 0.895342 -0.0179554
vn 0.58741 0.808994 -0.0218844
vn 0.425696 0.899091 -0.102072
vn 0.569318 0.816566 -0.0953782
vn 0.52469 0.83055 -0.186782
vn 0.637692 0.730921 -0.243112
vn 0.698553 0.652292 -0.294174
vn 0.702298 0.64664 -0.297714
vn 0.820052 0.52141 -0.235895
vn 0.486221 0.860965 -0.149429
vn 0.104031 0.34142 0.934136
vn 0.0224316 0.272055 0.96202
vn 0.145632 0.422188 0.894734
vn -0.0180177 0.272039 0.962117
vn 0.2403 0.423659 0.873367
vn 0.279805 0.46987 0.837216
vn 0.135216 0.0273454 0.990439
vn 0.210566 -0.00166758 0.977578
vn 0.0964511 -0.0219731 0.995095
vn 0.198913 0.115821 0.973149
vn 0.324226 0.479957 0.81518
vn 0.310355 0.541181 0.781539
vn 0.252786 0.110447 0.961197
vn 0.223864 0.163708 0.960773
vn 0.21851 0.170091 0.960897
vn 0.0618965 0.992873 0.101839
vn 0.103733 0.988886 0.106509
vn 0.062919 0.993076 0.0991979
vn 0.181899 0.0889067 0.97929
vn 0.210491 0.112437 0.971108
vn 0.173421 0.131622 0.976013
vn 0.202552 0.0983035 0.974325
vn 0.099014 0.154419 0.983032
vn 0.010018 -0.980731 0.195108
vn -2.03646e-008 -0.98078 0.195117
vn -7.37147e-008 -0.972839 0.231481
vn 0.00174511 -0.987359 0.15849
vn 0.103388 0.109838 0.988558
vn 0.0463504 0.860211 0.507827
vn 0.0489595 0.874525 0.482503
vn -0.0879405 0.80869 0.581625
vn 0.0296125 0.186096 0.982085
vn 0.213448 0.0296198 0.976505
vn 0.254609 0.293608 0.921395
vn -0.00123516 0.0333223 0.999444
vn 0.170257 -0.132376 0.976468
vn -0.0287178 -0.120337 0.992318
vn -0.23703 0.723015 0.648896
vn -0.486639 0.546671 0.68142
vn 0.851937 0.100218 0.513965
vn 0.911498 0.0989692 0.399221
vn 0.67206 0.266306 0.690953
vn 0.546704 0.0199473 0.837088
vn 0.519062 0.310744 0.79625
vn 0.468207 -0.146405 0.871406
vn 0.851523 -0.00954619 0.524231
vn 0.79715 -0.146325 0.585782
vn 0.851937 0.100218 0.513965
vn 0.965975 -0.0107268 0.258414
vn 0.851523 -0.00954619 0.524231
vn 0.987248 0.0196694 0.157972
vn 0.942944 -0.119459 0.310783
vn 0.79715 -0.146325 0.585782
vn 0.992625 -0.00470112 0.121136
vn 0.994515 0.0612435 0.0847855
vn 0.99859 0.0251998 0.0467194
vn 0.991866 -0.0468205 0.118361
vn 0.989392 -0.0764972 0.123501
vn 0.989394 -0.0765174 0.123468
vn 0.184937 0.0592589 0.980962
vn 0.0396312 0.0649376 0.997102
vn -0.0335981 0.0719784 0.99684
vn 0.255408 0.0574925 0.965123
vn 0.45159 0.0398606 0.891335
vn 0.595739 0.0260034 0.802757
vn 0.793616 0.00747928 0.608373
vn 0.874057 0.130779 0.46789
vn 0.201379 -0.92829 0.31261
vn 0.280064 -0.919454 0.275985
vn 0.181736 -0.928389 0.324138
vn 0.331143 -0.897869 0.290131
vn 0.419056 -0.860915 0.288474
vn 0.902004 -0.280384 0.328289
vn 0.926076 -0.253405 0.279587
vn 0.956205 -0.164328 0.242216
vn 0.849751 -0.353574 0.391036
vn 0.972661 0.196512 0.123746
vn 0.970633 0.19479 0.141167
vn 0.973886 0.218562 0.0614515
vn 0.954065 0.188227 0.233089
vn 0.940487 0.1617 0.298894
vn 0.764459 -0.367316 0.529794
vn 0.726946 -0.297478 0.618915
vn 0.874057 0.130779 0.46789
vn 0.793616 0.00747928 0.608373
vn 0.726946 -0.297478 0.618915
vn 0.669959 -0.246477 0.700289
vn 0.725081 -0.121226 0.677909
vn 0.764459 -0.367316 0.529794
vn 0.18658 -0.896916 0.40091
vn 0.201379 -0.92829 0.31261
vn 0.181736 -0.928389 0.324138
vn 0.0864739 -0.650903 0.754219
vn 0.0295769 -0.644318 0.764185
vn -0.0257037 -0.64634 0.762617
vn 0.0782543 -0.676734 0.732057
vn 0.97738 -0.0808945 0.195407
vn 0.258474 0.519678 0.814326
vn 0.377677 0.500195 0.779208
vn 0.479237 0.0762653 -0.874366
vn 0.772562 0.187985 -0.606473
vn 0.789959 0.0441199 -0.61157
vn 0.188192 0.459933 -0.867782
vn 0.467356 0.802852 -0.370145
vn -0.574042 0.718877 -0.392035
vn -0.294914 0.927023 -0.231632
vn -0.896529 0.376834 -0.232876
vn 0.997186 0.0481841 -0.057431
vn 0.928202 0.369249 -0.0457869
vn -0.0601384 0.928711 -0.365896
vn -0.0601384 0.928711 -0.365896
vn -0.0201218 0.924457 -0.380755
vn -0.100044 0.931255 -0.350363
vn -0.607516 0.383288 -0.695712
vn -0.373326 -0.252551 0.892662
vn -0.425583 -0.133286 0.89505
vn -0.422473 -0.195714 0.884993
vn 0.554747 -0.830704 -0.0467491
vn 0.238586 -0.964186 -0.115852
vn 0.24039 -0.96228 -0.127396
vn 0.555585 -0.830417 -0.0416253
vn 0.360165 -0.12298 -0.924747
vn 0.330765 -0.0915193 -0.939265
vn 0.393587 -0.230447 -0.889934
vn -0.449063 -0.0726557 0.890541
vn -0.426681 -0.00718949 0.904374
vn 0.59538 0.803378 0.0102957
vn 0.951157 0.238572 0.195916
vn 0.98023 0.0520712 0.190887
vn 0.802912 -0.595436 0.0280787
vn 0.800252 -0.598915 0.0299548
vn 0.675356 -0.441564 -0.59069
vn 0.444131 -0.338049 -0.829741
vn 0.759911 -0.405956 -0.507675
vn -0.494143 0.236454 0.836608
vn -0.494143 0.236454 0.836608
vn -0.469368 0.22194 0.854655
vn -0.518349 0.250696 0.817598
vn 0.0145883 -0.0053983 0.999879
vn -0.0221211 -0.00597174 0.999737
vn 2.14973e-008 0.893448 0.449166
vn 2.06883e-008 0.869092 0.494651
vn 0.0136287 0.17131 0.985123
vn -0.0190919 0.172515 0.984822
vn 0.00214822 0.849965 0.526835
vn 0.0131666 0.844694 0.535087
vn -0.00791626 0.847478 0.530772
vn 0.0220151 0.828485 0.559579
vn 0.0146639 0.14964 0.988632
vn 0.0439137 0.149534 0.987781
vn -0.0146367 0.149635 0.988633
vn 0.0438688 0.149599 0.987773
vn 0.0111565 0.995534 0.0937401
vn -0.0145755 0.995551 0.0930877
vn 0.55997 0.604141 -0.566963
vn 0.709619 0.543322 -0.448601
vn 0.743952 0.529118 -0.408129
vn 0.559996 0.400649 -0.725179
vn 0.921711 -0.326969 -0.208661
vn -0.657032 0.68189 -0.321458
vn -0.916505 0.236658 -0.322508
vn -0.813244 0.498475 -0.300263
vn -0.808389 0.512514 -0.289546
vn -0.890351 0.312731 -0.330868
vn -0.394665 0.874947 -0.280547
vn -0.373656 0.892264 -0.253469
vn -0.942032 0.212189 -0.259907
vn -0.848166 0.504384 -0.161898
vn -0.998213 0.0214163 -0.055794
vn -0.994309 0.0872528 -0.0611194
vn -0.99689 -0.0295609 -0.0730544
vn -0.996884 0.0616398 -0.0492232
vn -0.999344 0.0292329 0.0213856
vn -0.99269 0.0877173 0.082896
vn -0.995463 -0.0353786 0.088322
vn -0.98427 0.175912 0.0163511
vn -0.964845 0.258283 0.0486266
vn -0.74441 0.66564 -0.0526881
vn -0.614858 0.78664 -0.0561086
vn -0.382226 0.918647 -0.0999599
vn -0.874484 0.48496 -0.00953354
vn -0.869606 0.493602 0.0119348
vn -0.976531 -0.214026 0.024068
vn -0.988312 -0.151955 0.0121665
vn -0.988965 -0.027973 0.145481
vn -0.709553 0.699217 -0.0873526
vn -0.822914 0.567183 -0.0334069
vn -0.956625 0.272623 0.102691
vn -0.310951 0.93772 -0.154889
vn -0.642032 0.742263 -0.191937
vn -0.999682 0.0154018 -0.0199617
vn -0.998653 -0.0515588 -0.00589088
vn -0.997853 -0.0593732 -0.0276477
vn -0.994058 -0.091072 -0.0596284
vn -0.987855 0.0328581 0.151866
vn -0.977486 0.0128086 0.21061
vn -0.986034 -0.100833 -0.132549
vn -0.986112 -0.110563 -0.123932
vn -0.984322 -0.105536 -0.141325
vn -0.990859 -0.0955334 -0.0952463
vn -0.111747 0.966866 -0.229528
vn -0.148427 0.939118 -0.309882
vn -0.162288 0.97736 -0.13576
vn -0.88063 0.473697 0.0100879
vn -0.936904 0.349537 0.00583508
vn -0.878631 0.476922 0.0235334
vn -0.998129 -0.056924 0.0223152
vn -0.996383 -0.0837373 0.0144515
vn -0.997503 -0.0534564 0.0461526
vn -0.773734 0.631272 0.0532083
vn -0.433113 0.899328 0.0601853
vn -0.524767 0.850176 0.0426648
vn -0.848944 0.517231 0.10847
vn -0.608365 0.792822 -0.0364056
vn -0.769988 0.637818 -0.0174876
vn -0.781211 0.620682 0.0667994
vn -0.789511 0.612949 -0.0310765
vn -0.650751 0.758581 -0.0328403
vn -0.983835 -0.131719 0.121319
vn -0.982736 -0.135414 0.126067
vn -0.985887 -0.126824 0.109283
vn -0.979671 -0.137658 0.145931
vn -0.986696 -0.1351 0.0904402
vn -0.99019 -0.125534 0.0613597
vn -0.994592 0.0964449 -0.0385366
vn -0.973971 0.225027 -0.0272749
vn -0.991038 0.111195 -0.0740174
vn -0.991034 -0.128226 -0.0375397
vn -0.994074 -0.105663 -0.0255495
vn -0.990139 -0.119123 -0.073722
vn -0.864485 0.492953 0.0983017
vn -0.924271 0.29969 0.236452
vn -0.834656 0.550473 0.0181234
vn -0.880618 0.455381 0.130918
vn -0.835942 0.548513 0.0182805
vn -0.822296 0.568121 -0.0326819
vn -0.875317 0.483317 -0.0150101
vn -0.785922 0.617647 0.0289697
vn -0.959454 0.273939 0.0663647
vn -0.962825 0.111136 0.246203
vn -0.955051 0.204993 0.214139
vn -0.986145 0.115721 0.11886
vn -0.911497 0.0989698 0.399221
vn -0.968265 0.247333 -0.035916
vn -0.956244 0.291509 -0.0248967
vn -0.992447 0.106223 -0.0613634
vn -0.997043 -0.00129727 -0.0768385
vn -0.998101 0.0496897 -0.0364017
vn -0.996056 0.00547566 -0.088559
vn -0.995727 -0.0602913 -0.069949
vn -0.990949 -0.132679 -0.0204168
vn -0.995027 -0.0610238 -0.0787267
vn -0.953041 -0.174131 -0.247774
vn -0.96061 -0.100661 -0.259027
vn -0.96061 -0.100661 -0.259027
vn -0.962818 -0.0266301 -0.268834
vn -0.433113 0.899328 0.0601853
vn -0.329424 0.937757 0.109964
vn -0.524767 0.850176 0.0426648
vn -0.136927 0.984174 0.112485
vn -0.636055 0.764845 0.10221
vn -0.657936 0.752608 -0.026471
vn -0.471104 0.875181 -0.110086
vn -0.443484 0.882151 -0.158528
vn -0.931834 -0.362846 0.0053549
vn -0.893834 -0.448372 0.00489425
vn -0.924955 -0.380066 0.00276428
vn -0.826398 0.56301 -0.00928532
vn -0.695772 0.718255 -0.00325913
vn -0.652735 0.756136 -0.0468524
vn -0.757084 0.653173 0.0137541
vn -0.781782 0.620592 0.060684
vn -0.797113 0.601654 0.0512187
vn -0.767615 0.640525 0.0222482
vn -0.964297 0.259204 0.0542587
vn -0.966983 0.227675 0.114492
vn -0.977537 0.191623 0.0877615
vn -0.962081 0.263414 0.0707982
vn -0.691987 0.718894 -0.0659117
vn -0.650616 0.754551 -0.0857469
vn -0.954061 0.289175 -0.0783938
vn -0.946083 0.315701 -0.0725249
vn -0.609514 0.781993 -0.130304
vn -0.945983 0.287326 -0.150199
vn -0.950705 0.26059 -0.168083
vn -0.988621 0.150363 -0.00451871
vn -0.986563 0.163346 -0.0034979
vn -0.987243 0.159222 -0.000344568
vn -0.986417 0.164152 -0.0059365
vn -0.985352 0.170532 0.00103348
vn -0.988409 0.151777 0.00352123
vn -0.983107 0.177954 0.0428222
vn -0.981861 0.181331 0.0553957
vn -0.990592 -0.102993 0.090109
vn -0.975713 0.21852 0.0152873
vn -0.988927 0.14628 0.0249974
vn -0.992213 0.124387 0.00647201
vn -0.770196 -0.637014 0.031792
vn -0.758365 -0.651529 0.0197886
vn -0.80555 -0.591972 0.0256627
vn -0.701161 -0.712903 0.0119673
vn -0.990034 0.139852 0.0165506
vn -0.987776 0.155599 -0.00938403
vn -0.6678 -0.744293 -0.00841988
vn -0.627048 -0.778859 -0.0137589
vn -0.982964 0.183774 0.00284956
vn -0.985681 0.162116 -0.0463839
vn -0.991554 0.124339 -0.0368902
vn -0.246588 0.588789 0.769754
vn -0.246588 0.588789 0.769754
vn -0.246588 0.588789 0.769754
vn -0.227451 0.947393 -0.225196
vn -0.265954 0.95198 -0.151665
vn -0.203937 0.875854 -0.437365
vn -0.287937 0.957643 -0.0034642
vn -0.33571 0.94195 -0.00530794
vn -0.624114 -0.781031 -0.0217431
vn -0.615527 -0.787855 -0.0202751
vn -0.546842 0.383747 -0.744111
vn -0.541362 0.348739 -0.765054
vn -0.489377 0.42841 -0.759589
vn -0.367653 0.54134 -0.756163
vn -0.25154 0.670485 -0.697981
vn -0.250706 0.707502 -0.660747
vn -0.23462 0.666946 -0.707203
vn -0.293622 0.727717 -0.619851
vn -0.35504 0.698218 -0.621641
vn -0.746138 0.0279435 -0.665205
vn -0.887696 -0.00410874 -0.460411
vn -0.907483 -0.0138095 -0.419861
vn -0.680938 0.0608313 -0.72981
vn -0.949528 0.0732256 -0.305015
vn -0.932441 0.176165 -0.315467
vn -0.944818 0.200986 -0.258695
vn -0.941582 0.0108118 -0.336609
vn -0.872993 0.0950697 -0.478377
vn -0.858554 0.180942 -0.479734
vn -0.564964 -0.773547 -0.287126
vn -0.310891 -0.87875 -0.362139
vn -0.784361 -0.437515 -0.439726
vn -0.358849 -0.899794 -0.248189
vn -0.310891 -0.87875 -0.362139
vn -0.358849 -0.899794 -0.248189
vn -0.414965 -0.770236 -0.484294
vn -0.533642 0.0659996 -0.843131
vn -0.54161 -0.0264043 -0.840215
vn -0.368464 0.0639458 -0.92744
vn -0.350036 0.0692639 -0.934172
vn -0.427591 -0.0772612 -0.900664
vn -0.291612 -0.169018 -0.941486
vn -0.479583 -0.0402263 -0.876574
vn -0.382776 -0.259531 -0.886638
vn -0.364215 0.25407 -0.895989
vn -0.225793 -0.858359 -0.460692
vn -0.0921269 -0.926304 -0.36534
vn -0.31754 0.56608 -0.760737
vn -0.325737 0.627503 -0.707203
vn -0.269817 0.675886 -0.68584
vn -0.314975 0.496933 -0.808609
vn -0.172557 0.0746976 -0.982163
vn -0.197767 0.27188 -0.941791
vn -0.223965 0.134572 -0.965262
vn -0.202924 0.44912 -0.870122
vn -0.22367 0.0775816 -0.971572
vn -0.24866 0.0633254 -0.966519
vn -0.0432701 -0.972039 -0.230797
vn -0.156155 -0.186366 -0.969992
vn -0.195556 -0.260133 -0.945563
vn -0.315313 -0.286869 -0.90459
vn -0.218812 0.469143 -0.855585
vn -0.151003 0.463737 -0.87301
vn -0.125902 0.601131 -0.78917
vn -0.900033 -0.079882 -0.428438
vn -0.719886 0.101085 -0.686693
vn -0.872993 0.0950697 -0.478377
vn -0.664799 0.207267 -0.717692
vn -0.398789 -0.231896 -0.887238
vn 0.644012 0.509159 -0.570969
vn 0.545543 -0.294267 -0.784723
vn 0.594858 0.719722 -0.357972
vn 0.684206 -0.118038 -0.719673
vn -0.210264 -0.812806 -0.543264
vn -0.529225 -0.750493 -0.395829
vn -0.527341 -0.669402 -0.52327
vn -0.489125 -0.649548 -0.582103
vn -0.510631 -0.523452 -0.682095
vn -0.730279 -0.163064 -0.663402
vn -0.717994 -0.169864 -0.675004
vn -0.23179 0.877416 -0.420016
vn 0.0939102 0.939306 -0.329977
vn 0.195528 0.960491 -0.198053
vn -0.313531 0.752571 -0.579081
vn -0.858554 0.180942 -0.479734
vn -0.0333197 0.937293 -0.346946
vn -0.0519403 0.908453 -0.414747
vn 0.0934464 0.918673 -0.383806
vn 0.153656 0.907463 -0.391025
vn 0.383177 0.891433 -0.241916
vn 0.731881 0.102464 -0.673685
vn 0.731881 0.102464 -0.673685
vn 0.811677 0.100804 -0.575343
vn 0.640344 0.102481 -0.761221
vn 0.0591701 -0.738785 -0.671338
vn -0.00161763 -0.766496 -0.642247
vn 0.317275 -0.730743 -0.604443
vn -0.0788392 -0.826634 -0.55719
vn -0.0785199 -0.829577 -0.552844
vn -0.146545 -0.772637 -0.617703
vn 0.0134154 -0.996608 -0.0811902
vn 0.0122623 -0.996409 -0.0837756
vn 0.00850945 -0.995915 -0.0898955
vn 0.977197 0.190905 -0.0929603
vn 0.977197 0.190905 -0.0929603
vn 0.976946 0.201964 -0.0691848
vn 0.976775 0.179715 -0.116672
vn 0.0225014 0.991789 -0.125888
vn 0.00918743 0.990605 -0.136448
vn 0.0541525 0.997136 -0.0527873
vn -0.949363 -0.0249387 -0.313189
vn -0.960688 -0.00137532 -0.277625
vn -0.981262 -0.0387225 -0.188749
vn -0.977555 -0.0333742 -0.208019
vn -0.991877 -0.0555397 -0.114438
vn -0.963764 -0.0290495 -0.265171
vn -0.743954 0.529115 -0.40813
vn -0.70962 0.54332 -0.448601
vn -0.847048 0.437439 -0.301921
vn -0.907483 -0.0138095 -0.419861
vn -0.887696 -0.00410874 -0.460411
vn -0.900033 -0.079882 -0.428438
vn -0.941845 -0.0570472 -0.33117
vn 0.108438 0.889159 -0.444564
vn 0.252941 0.873906 -0.415101
vn 0.323461 0.835302 -0.444571
vn 0.288103 0.831767 -0.474509
vn 0.184172 0.83395 -0.5202
vn -0.399246 0.671273 -0.624496
vn -0.494793 0.620685 -0.608219
vn -0.684831 0.7162 -0.134399
vn -0.631289 0.745285 -0.214533
vn -0.692832 0.694538 -0.193906
vn -0.443484 0.882151 -0.158528
vn -0.298743 0.943591 -0.142787
vn -0.162288 0.97736 -0.13576
vn -0.268241 0.955919 -0.119434
vn -0.577634 0.764128 -0.287136
vn -0.468251 0.82518 -0.315942
vn -0.167622 0.960544 -0.221943
vn -0.111747 0.966866 -0.229528
vn -0.148427 0.939118 -0.309882
vn -0.126555 0.90388 -0.408638
vn -0.147812 0.874448 -0.462053
vn -0.382099 0.716983 -0.583039
vn -0.3732 0.623524 -0.686979
vn -0.463624 0.76009 -0.45532
vn -0.280607 0.636275 -0.71862
vn -0.151249 0.811479 -0.564468
vn -0.168145 0.626463 -0.761099
vn -0.0966635 0.964017 -0.247644
vn -0.110373 0.978951 -0.171678
vn -0.100648 0.984801 -0.141552
vn -0.130307 0.830996 -0.540801
vn -0.146791 0.974874 -0.167549
vn -0.141142 0.95532 -0.259697
vn -0.213755 0.824677 -0.523658
vn -0.23657 0.634705 -0.735652
vn -0.107914 0.820653 -0.561144
vn -0.0774616 0.991943 0.100244
vn 1.45332e-007 0.996599 0.0824091
vn -0.176032 0.980998 0.0815857
vn -0.164397 0.986204 -0.0193671
vn -0.151263 0.981118 -0.120525
vn -0.201438 0.964407 -0.171293
vn -0.6206 0.735744 0.271177
vn -0.84723 0.470656 0.24634
vn -0.746455 0.625085 0.228196
vn -0.705573 0.653797 0.273343
vn -0.502106 0.819044 0.277591
vn -0.598258 0.753451 0.272761
vn -0.636055 0.764845 0.10221
vn -0.781211 0.620682 0.0667994
vn -0.515977 0.836575 0.184147
vn -0.651156 0.745751 0.140894
vn -0.324991 0.922472 0.208389
vn -0.47649 0.876607 0.0672134
vn -0.628758 0.776408 0.043065
vn -0.445017 0.895342 -0.0179553
vn -0.587411 0.808993 -0.0218845
vn -0.425697 0.89909 -0.102072
vn -0.569319 0.816565 -0.095378
vn -0.524691 0.830549 -0.186782
vn -0.637692 0.730921 -0.243112
vn -0.677649 0.66988 -0.303403
vn -0.701639 0.650745 -0.290231
vn -0.443484 0.882151 -0.158528
vn -0.471104 0.875181 -0.110086
vn -0.8139 0.524988 -0.248906
vn -0.102925 0.341421 0.934258
vn -0.150062 0.421816 0.894177
vn -0.234112 0.424737 0.874523
vn -0.279826 0.469389 0.837479
vn -0.123887 -0.0201756 0.992091
vn -0.193172 0.0852984 0.97745
vn -0.106447 0.0555562 0.992765
vn -0.238759 0.0424381 0.970151
vn -0.322691 0.479612 0.815992
vn -0.325204 0.536489 0.778731
vn -0.26942 0.0662168 0.960744
vn -0.315266 0.128374 0.94028
vn -0.230042 0.0618905 0.971211
vn -0.103733 0.988886 0.106509
vn -0.0523235 0.99384 0.0976958
vn -0.0695097 0.992437 0.101178
vn -0.172126 0.12824 0.976692
vn -0.210424 0.0796746 0.974358
vn -0.153148 0.0925435 0.98386
vn -0.220125 0.139142 0.965497
vn -0.105061 0.12456 0.986634
vn -0.010018 -0.980731 0.195107
vn -0.00174504 -0.987359 0.158489
vn -0.0751685 0.142472 0.98694
vn 0.0879404 0.80869 0.581625
vn -0.0489594 0.874525 0.482503
vn -0.0463504 0.860211 0.507826
vn -0.207475 0.336557 0.918523
vn -0.209437 0.0378858 0.977088
vn -0.249087 -0.144706 0.957609
vn 0.486638 0.546671 0.681421
vn 0.23703 0.723015 0.648896
vn -0.67206 0.266306 0.690954
vn -0.911497 0.0989698 0.399221
vn -0.8126 0.117596 0.570835
vn -0.485739 0.287532 0.825459
vn -0.544641 -0.000563934 0.838669
vn -0.60452 -0.144912 0.783298
vn -0.855086 -0.0324312 0.517471
vn -0.872616 -0.134346 0.469566
vn -0.855086 -0.0324312 0.517471
vn -0.8126 0.117596 0.570835
vn -0.967014 -0.0302971 0.252914
vn -0.983092 -0.0240865 0.181521
vn -0.872616 -0.134346 0.469566
vn -0.963321 -0.0824169 0.255381
vn -0.994515 0.0612436 0.084785
vn -0.992625 -0.00470216 0.121134
vn -0.99859 0.0252012 0.0467201
vn -0.991867 -0.0468227 0.118357
vn -0.989392 -0.0764986 0.123498
vn -0.989395 -0.0765189 0.123464
vn -0.185868 0.0671683 0.980276
vn -0.26168 0.0658256 0.962907
vn -0.473256 0.0217499 0.880656
vn -0.596471 0.00638867 0.802609
vn -0.800773 -0.0129257 0.598828
vn -0.863608 0.131239 0.486784
vn -0.331142 -0.897869 0.290131
vn -0.280064 -0.919454 0.275985
vn -0.419055 -0.860916 0.288474
vn -0.201379 -0.92829 0.31261
vn -0.181736 -0.928389 0.324138
vn -0.92652 -0.251099 0.280195
vn -0.900619 -0.278479 0.333668
vn -0.856467 -0.354439 0.375284
vn -0.942954 -0.157489 0.293316
vn -0.972827 0.19766 0.120574
vn -0.970421 0.195715 0.141346
vn -0.973886 0.218562 0.0614473
vn -0.951837 0.189517 0.241019
vn -0.940292 0.161727 0.299491
vn -0.774873 -0.367345 0.514421
vn -0.713224 -0.334608 0.615913
vn -0.863608 0.131239 0.486784
vn -0.800773 -0.0129257 0.598828
vn -0.645611 -0.301625 0.701576
vn -0.713224 -0.334608 0.615913
vn -0.774873 -0.367345 0.514421
vn -0.645355 -0.227942 0.729081
vn -0.181736 -0.928389 0.324138
vn -0.201379 -0.92829 0.31261
vn -0.18658 -0.896916 0.40091
vn -0.0857472 -0.653715 0.751867
vn -0.0869226 -0.681866 0.726294
vn -0.975639 -0.0444857 0.214826
vn -0.340194 0.515559 0.786427
vn -0.247088 0.542911 0.802618
vn -0.479238 0.0762652 -0.874365
vn -0.772561 0.187986 -0.606473
vn -0.188193 0.459932 -0.867782
vn -0.789959 0.044121 -0.61157
vn -0.467356 0.802852 -0.370145
vn 0.574041 0.718877 -0.392036
vn 0.896529 0.376834 -0.232876
vn 0.294914 0.927023 -0.231633
vn -0.997186 0.0481844 -0.0574316
vn -0.928202 0.369249 -0.0457877
vn 0.0601391 0.928711 -0.365896
vn 0.0601391 0.928711 -0.365896
vn 0.100046 0.931256 -0.350363
vn 0.0201217 0.924457 -0.380755
vn 0.607515 0.383288 -0.695713
vn 0.422473 -0.195715 0.884993
vn 0.425583 -0.133287 0.89505
vn 0.373326 -0.252552 0.892662
vn -0.554748 -0.830704 -0.0467486
vn -0.238586 -0.964186 -0.115852
vn -0.555585 -0.830417 -0.041625
vn -0.240389 -0.96228 -0.127395
vn -0.393587 -0.230447 -0.889934
vn -0.330765 -0.0915193 -0.939265
vn -0.360165 -0.12298 -0.924747
vn 0.449064 -0.072656 0.890541
vn 0.426681 -0.0071897 0.904374
vn -0.59538 0.803378 0.0102957
vn -0.951157 0.238572 0.195917
vn -0.98023 0.0520711 0.190887
vn -0.802912 -0.595435 0.028079
vn -0.800253 -0.598914 0.0299551
vn -0.675357 -0.441564 -0.59069
vn -0.444131 -0.338049 -0.829741
vn -0.759912 -0.405956 -0.507675
vn 0.499913 0.237417 0.832899
vn 0.499913 0.237417 0.832899
vn 0.530948 0.227067 0.816416
vn 0.468206 0.247447 0.848264
vn -0.0140292 0.840924 0.540972
vn -0.00815988 0.82076 0.571214
vn -0.0439155 0.149526 0.987782
vn -0.0439576 0.149582 0.987772
vn -0.559971 0.60414 -0.566963
vn -0.70962 0.54332 -0.448601
vn -0.743954 0.529115 -0.40813
vn -0.559993 0.400656 -0.725178
vn -0.921711 -0.326969 -0.208661
vn 0.458524 0.881724 -0.110987
vn 0.959454 0.273942 0.0663643
vn 0.985323 0.133628 0.106221
vn 0.982365 0.166809 0.0565456
vn 0.985543 0.169132 0.00998033
vn 0.956221 0.291558 -0.0252208
vn 0.992414 0.106425 -0.0615471
vn 0.984284 0.160319 -0.024511
vn 0.99859 0.0251998 0.0467194
vn 0.994515 0.0612435 0.0847855
vn 0.999666 -0.0234757 0.0108172
vn 0.992959 -0.116313 0.0224586
vn 0.995616 0.0332732 0.0477373
vn 0.99019 -0.125534 0.0613596
vn 0.986696 -0.1351 0.0904401
vn 0.993379 -0.0371957 0.0262204
vn 0.0461566 -0.858634 -0.510507
vn -0.226627 -0.973979 0.00242014
vn -0.253906 -0.908259 -0.217054
vn 0.314095 -0.826672 0.466859
vn -0.294335 -0.830821 -0.472339
vn -0.243945 -0.908027 0.223518
vn -0.280636 -0.832436 0.477801
vn -0.985323 0.133628 0.106221
vn -0.959454 0.273942 0.0663641
vn -0.982365 0.166809 0.0565454
vn -0.985543 0.169132 0.00998015
vn -0.956221 0.291558 -0.025221
vn -0.992414 0.106425 -0.0615473
vn -0.984284 0.160319 -0.0245112
vn -0.994515 0.0612435 0.0847853
vn -0.99859 0.0251998 0.0467192
vn -0.999666 -0.0234757 0.010817
vn -0.992959 -0.116313 0.0224584
vn -0.995616 0.0332732 0.0477371
vn -0.99019 -0.125534 0.0613594
vn -0.986696 -0.1351 0.0904399
vn -0.993379 -0.0371957 0.0262202
vn 0.226627 -0.973979 0.00242018
vn -0.0461565 -0.858634 -0.510507
vn 0.253906 -0.908259 -0.217054
vn -0.314095 -0.826672 0.466859
vn 0.294335 -0.830821 -0.472339
vn 0.243945 -0.908027 0.223518
vn 0.280636 -0.832436 0.477801
vn 4.35676e-008 0.0797351 0.996816
vn -2.93799e-006 0.0797334 0.996816
vn -1.81494e-006 0.0797389 0.996816
vn -6.79043e-006 0.0797302 0.996816
vn 1.90209e-006 0.0797389 0.996816
vn -5.54656e-006 0.0797319 0.996816
vn -2.9333e-005 0.07972 0.996817
vn -1.72797e-006 0.0797342 0.996816
vn 4.35726e-008 0.0797415 0.996816
vn -2.65112e-008 0.0797296 0.996817
vn 4.51296e-008 0.0797355 0.996816
vn -3.63665e-006 0.0797337 0.996816
vn -1.42318e-006 0.0797401 0.996816
vn -6.14962e-006 0.0797305 0.996816
vn 1.49769e-006 0.0797401 0.996816
vn -4.96485e-006 0.0797325 0.996816
vn -2.77308e-005 0.07972 0.996817
vn -2.3499e-006 0.0797349 0.996816
vn 4.35727e-008 0.0797446 0.996815
vn -1.8101e-006 0.0797296 0.996817


vt 0.966993 0.0629063
vt 0.977143 0.0711476
vt 0.977143 0.0638606
vt 0.967687 0.0701066
vt 0.961094 0.0616051
vt 0.961441 0.0681981
vt 0.966559 0.051542
vt 0.960747 0.0508481
vt 0.977143 0.0523228
vt 0.987379 0.0629063
vt 0.986685 0.0701066
vt 0.993192 0.0616051
vt 0.992931 0.0681981
vt 0.987813 0.051542
vt 0.993539 0.0508481
vt 0.980786 0.0503275
vt 0.967427 0.0655088
vt 0.968381 0.0524095
vt 0.97428 0.0668969
vt 0.980179 0.0659426
vt 0.987813 0.0610846
vt 0.969422 0.0392235
vt 0.988507 0.0370547
vt 0.994927 0.0476382
vt 0.995187 0.038356
vt 0.977143 0.0539711
vt 0.986772 0.0656824
vt 0.977143 0.0668969
vt 0.986772 0.0532771
vt 0.9951 0.0635136
vt 0.996488 0.0513685
vt 0.977143 0.0402645
vt 0.986772 0.0394838
vt 0.997269 0.0391368
vt 0.995881 0.0377488
vt 0.967514 0.0656824
vt 0.967514 0.0532771
vt 0.959272 0.0635136
vt 0.957884 0.0513685
vt 0.9676 0.0394838
vt 0.957104 0.0391368
vt 0.958492 0.0377488
vt 0.980786 0.0503275
vt 0.967427 0.0655088
vt 0.97428 0.0668969
vt 0.968381 0.0524095
vt 0.987813 0.0610846
vt 0.980179 0.0659426
vt 0.969422 0.0392235
vt 0.988507 0.0370547
vt 0.994927 0.0476382
vt 0.995187 0.038356
vt 0.963436 0.0590893
vt 0.966039 0.0529301
vt 0.958405 0.0520625
vt 0.965258 0.0602171
vt 0.965692 0.0594363
vt 0.966559 0.0419127
vt 0.957017 0.0457298
vt 0.956843 0.042867
vt 0.966212 0.0405248
vt 0.965258 0.0602171
vt 0.966039 0.0529301
vt 0.965692 0.0594363
vt 0.963436 0.0590893
vt 0.958405 0.0520625
vt 0.966559 0.0419127
vt 0.957017 0.0457298
vt 0.956843 0.042867
vt 0.966212 0.0405248
vt 0.738037 0.122329
vt 0.738037 0.122329
vt 0.738037 0.122329
vt 0.738037 0.122329
vt 0.738037 0.122329
vt 0.738037 0.122329
vt 0.738037 0.122329
vt 0.738037 0.122329
vt 0.738037 0.122329
vt 0.738037 0.122329
vt 0.738037 0.122329
vt 0.738037 0.122329
vt 0.738037 0.122329
vt 0.738037 0.122329
vt 0.738037 0.122329
vt 0.738037 0.122329
vt 0.738037 0.122329
vt 0.738037 0.122329
vt 0.738037 0.122329
vt 0.738037 0.122329
vt 0.738037 0.122329
vt 0.738037 0.122329
vt 0.738037 0.122329
vt 0.738037 0.122329
vt 0.738037 0.122329
vt 0.738037 0.122329
vt 0.738037 0.122329
vt 0.738037 0.122329
vt 0.738037 0.122329
vt 0.738037 0.122329
vt 0.738037 0.122329
vt 0.738037 0.122329
vt 0.738037 0.122329
vt 0.738037 0.122329
vt 0.738037 0.122329
vt 0.738037 0.122329
vt 0.738037 0.122329
vt 0.738037 0.122329
vt 0.738037 0.122329
vt 0.738037 0.122329
vt 0.738037 0.122329
vt 0.738037 0.122329
vt 0.738037 0.122329
vt 0.738037 0.122329
vt 0.738037 0.122329
vt 0.738037 0.122329
vt 0.738037 0.122329
vt 0.738037 0.122329
vt 0.738037 0.122329
vt 0.738037 0.122329
vt 0.738037 0.122329
vt 0.738037 0.122329
vt 0.738037 0.122329
vt 0.738037 0.122329
vt 0.738037 0.120376
vt 0.738037 0.122329
vt 0.738037 0.122329
vt 0.738037 0.120376
vt 0.738037 0.122329
vt 0.738037 0.122329
vt 0.738037 0.122329
vt 0.738037 0.122329
vt 0.738037 0.122329
vt 0.738037 0.120376
vt 0.738037 0.120376
vt 0.738037 0.120376
vt 0.738037 0.120376
vt 0.738037 0.120376
vt 0.738037 0.122329
vt 0.738037 0.122329
vt 0.738037 0.120376
vt 0.738037 0.122329
vt 0.738037 0.120376
vt 0.738037 0.122329
vt 0.738037 0.122329
vt 0.738037 0.122329
vt 0.738037 0.122329
vt 0.738037 0.122329
vt 0.738037 0.122329
vt 0.738037 0.120376
vt 0.738037 0.120376
vt 0.738037 0.120376
vt 0.738037 0.120376
vt 0.738037 0.120376
vt 0.738037 0.122329
vt 0.738037 0.122329
vt 0.984375 0.0208815
vt 0.984375 0.0208815
vt 0.984375 0.0208815
vt 0.630498 0.342118
vt 0.534119 0.213521
vt 0.630498 0.213521
vt 0.541347 0.35201
vt 0.618451 0.389379
vt 0.123047 0.341194
vt 0.146484 0.343147
vt 0.148438 0.342171
vt 0.125 0.341194
vt 0.205078 0.343147
vt 0.205078 0.343147
vt 0.984375 0.0208815
vt 0.984375 0.0208815
vt 0.984375 0.0208815
vt 0.984375 0.0208815
vt 0.984375 0.0208815
vt 0.984375 0.0208815
vt 0.984375 0.0208815
vt 0.984375 0.0208815
vt 0.984375 0.0208815
vt 0.984375 0.0208815
vt 0.984375 0.0208815
vt 0.984375 0.0208815
vt 0.984375 0.0208815
vt 0.984375 0.0208815
vt 0.984375 0.0208815
vt 0.984375 0.0208815
vt 0.984375 0.0208815
vt 0.984375 0.0208815
vt 0.984375 0.0208815
vt 0.984375 0.0208815
vt 0.984375 0.0208815
vt 0.984375 0.0208815
vt 0.984375 0.0208815
vt 0.984375 0.0208815
vt 0.984375 0.0208815
vt 0.984375 0.0208815
vt 0.984375 0.0208815
vt 0.984375 0.0208815
vt 0.984375 0.0208815
vt 0.984375 0.0208815
vt 0.984375 0.0208815
vt 0.984375 0.0208815
vt 0.984375 0.0208815
vt 0.140625 0.0247878
vt 0.150391 0.0658034
vt 0.158203 0.0472487
vt 0.0683594 0.028694
vt 0.0507813 0.0404128
vt 0.0546875 0.0570143
vt 0.0703125 0.0638503
vt 0.984375 0.0208815
vt 0.984375 0.0208815
vt 0.984375 0.0208815
vt 0.984375 0.0208815
vt 0.984375 0.0208815
vt 0.984375 0.0208815
vt 0.984375 0.0208815
vt 0.984375 0.0208815
vt 0.984375 0.0208815
vt 0.984375 0.0208815
vt 0.984375 0.0208815
vt 0.984375 0.0208815
vt 0.984375 0.0208815
vt 0.984375 0.0208815
vt 0.984375 0.0208815
vt 0.984375 0.0208815
vt 0.984375 0.0208815
vt 0.984375 0.0208815
vt 0.984375 0.0208815
vt 0.984375 0.0208815
vt 0.984375 0.0208815
vt 0.984375 0.0208815
vt 0.984375 0.0208815
vt 0.984375 0.0208815
vt 0.984375 0.0208815
vt 0.984375 0.0208815
vt 0.984375 0.0208815
vt 0.984375 0.0208815
vt 0.984375 0.0208815
vt 0.984375 0.0208815
vt 0.541347 0.35201
vt 0.630498 0.343217
vt 0.618451 0.390479
vt 0.289063 0.341194
vt 0.265625 0.343147
vt 0.285156 0.341194
vt 0.261719 0.342171
vt 0.984375 0.0208815
vt 0.984375 0.0208815
vt 0.984375 0.0208815
vt 0.984375 0.0208815
vt 0.984375 0.0208815
vt 0.984375 0.0208815
vt 0.984375 0.0208815
vt 0.984375 0.0208815
vt 0.984375 0.0208815
vt 0.984375 0.0208815
vt 0.984375 0.0208815
vt 0.984375 0.0208815
vt 0.984375 0.0208815
vt 0.984375 0.0208815
vt 0.984375 0.0208815
vt 0.984375 0.0208815
vt 0.984375 0.0208815
vt 0.984375 0.0208815
vt 0.984375 0.0208815
vt 0.984375 0.0208815
vt 0.984375 0.0208815
vt 0.984375 0.0208815
vt 0.984375 0.0208815
vt 0.984375 0.0208815
vt 0.984375 0.0208815
vt 0.984375 0.0208815
vt 0.984375 0.0208815
vt 0.984375 0.0208815
vt 0.984375 0.0208815
vt 0.0546875 0.0570143
vt 0.152344 0.0658034
vt 0.0703125 0.0638503
vt 0.0527344 0.0404128
vt 0.0683594 0.028694
vt 0.140625 0.0247878
vt 0.160156 0.0472487
vt 0.984375 0.0208815
vt 0.984375 0.0208815
vt 0.984375 0.0208815
vt 0.984375 0.0208815
vt 0.984375 0.0208815
vt 0.984375 0.0208815
vt 0.984375 0.0208815
vt 0.984375 0.0208815
vt 0.984375 0.0208815
vt 0.984375 0.0208815
vt 0.984375 0.0208815
vt 0.984375 0.0208815
vt 0.984375 0.0208815
vt 0.984375 0.0208815
vt 0.984375 0.0208815
vt 0.984375 0.0208815
vt 0.984375 0.0208815
vt 0.984375 0.0208815
vt 0.984375 0.0208815
vt 0.984375 0.0208815
vt 0.984375 0.0208815
vt 0.984375 0.0208815
vt 0.984375 0.0208815
vt 0.984375 0.0208815
vt 0.984375 0.0208815
vt 0.984375 0.0208815
vt 0.984375 0.0208815
vt 0.984375 0.0208815
vt 0.984375 0.0208815
vt 0.984375 0.0208815
vt 0.984375 0.0208815
vt 0.984375 0.0208815
vt 0.984375 0.0208815
vt 0.984375 0.0208815
vt 0.984375 0.0208815
vt 0.984375 0.0208815
vt 0.984375 0.0208815
vt 0.984375 0.0208815
vt 0.984375 0.0208815
vt 0.984375 0.0208815
vt 0.984375 0.0208815
vt 0.984375 0.0208815
vt 0.984375 0.0208815
vt 0.984375 0.0208815
vt 0.984375 0.0208815
vt 0.869086 0.0853347
vt 0.908149 0.0951003
vt 0.872993 0.0902175
vt 0.914008 0.147835
vt 0.969207 0.213264
vt 0.924286 0.213264
vt 0.956977 0.147835
vt 0.882758 0.0970534
vt 0.872993 0.336311
vt 0.908149 0.330452
vt 0.869086 0.341194
vt 0.956977 0.278694
vt 0.914008 0.278694
vt 0.882758 0.329475
vt 0.984375 0.0208815
vt 0.984375 0.0208815
vt 0.0175781 0.489632
vt 0.0175781 0.489632
vt 0.0175781 0.489632
vt 0.0175781 0.489632
vt 0.0175781 0.489632
vt 0.0175781 0.489632
vt 0.503906 0.487678
vt 0.560547 0.429085
vt 0.582031 0.488655
vt 0.650391 0.478889
vt 0.275391 0.428108
vt 0.03125 0.422249
vt 0.0488281 0.395882
vt 0.326172 0.395882
vt 0.472656 0.394905
vt 0.505859 0.497444
vt 0.09375 0.488655
vt 0.476563 0.392952
vt 0.599609 0.393928
vt 0.664063 0.442757
vt 0.304688 0.497444
vt 0.582031 0.488655
vt 0.560547 0.429085
vt 0.503906 0.487678
vt 0.650391 0.478889
vt 0.0488281 0.395882
vt 0.03125 0.422249
vt 0.275391 0.428108
vt 0.326172 0.395882
vt 0.472656 0.394905
vt 0.505859 0.497444
vt 0.09375 0.488655
vt 0.599609 0.393928
vt 0.476563 0.392952
vt 0.664063 0.442757
vt 0.304688 0.497444
vt 0.183594 0.326546
vt 0.5 0.197639
vt 0.214844 0.198616
vt 0.347656 0.325569
vt 0.410156 0.325569
vt 0.130859 0.390999
vt 0.316406 0.396858
vt 0.0625 0.353889
vt 0.0078125 0.198616
vt 0.00976563 0.246467
vt 0.0175781 0.489632
vt 0.0175781 0.489632
vt 0.0175781 0.489632
vt 0.0175781 0.489632
vt 0.0175781 0.489632
vt 0.0175781 0.489632
vt 0.0175781 0.489632
vt 0.0175781 0.489632
vt 0.0175781 0.489632
vt 0.0175781 0.489632
vt 0.0175781 0.489632
vt 0.0175781 0.489632
vt 0.0175781 0.489632
vt 0.0175781 0.489632
vt 0.0175781 0.489632
vt 0.0175781 0.489632
vt 0.0175781 0.489632
vt 0.0175781 0.489632
vt 0.0175781 0.489632
vt 0.0175781 0.489632
vt 0.0175781 0.489632
vt 0.0175781 0.489632
vt 0.0175781 0.489632
vt 0.0175781 0.489632
vt 0.0175781 0.489632
vt 0.0175781 0.489632
vt 0.0175781 0.489632
vt 0.0175781 0.489632
vt 0.0175781 0.489632
vt 0.347656 0.325569
vt 0.5 0.197639
vt 0.410156 0.325569
vt 0.183594 0.326546
vt 0.214844 0.198616
vt 0.130859 0.390999
vt 0.316406 0.396858
vt 0.0625 0.353889
vt 0.00976563 0.246467
vt 0.0078125 0.198616
vt 0.0175781 0.489632
vt 0.0175781 0.489632
vt 0.0175781 0.489632
vt 0.0175781 0.489632
vt 0.0175781 0.489632
vt 0.0175781 0.489632
vt 0.0175781 0.489632
vt 0.0175781 0.489632
vt 0.0175781 0.489632
vt 0.0175781 0.489632
vt 0.0175781 0.489632
vt 0.0175781 0.489632
vt 0.0175781 0.489632
vt 0.0175781 0.489632
vt 0.0175781 0.489632
vt 0.0175781 0.489632
vt 0.0175781 0.489632
vt 0.0175781 0.489632
vt 0.0175781 0.489632
vt 0.0175781 0.489632
vt 0.0175781 0.489632
vt 0.0175781 0.489632
vt 0.0175781 0.489632
vt 0.0175781 0.489632
vt 0.0175781 0.489632
vt 0.0175781 0.489632
vt 0.0175781 0.489632
vt 0.0175781 0.489632
vt 0.0175781 0.489632
vt 0.0175781 0.489632
vt 0.304688 0.426317
vt 0.304688 0.426317
vt 0.304688 0.426317
vt 0.304688 0.426317
vt 0.304688 0.426317
vt 0.304688 0.426317
vt 0.304688 0.426317
vt 0.304688 0.426317
vt 0.304688 0.426317
vt 0.304688 0.426317
vt 0.304688 0.426317
vt 0.304688 0.426317
vt 0.304688 0.426317
vt 0.304688 0.426317
vt 0.304688 0.426317
vt 0.304688 0.426317
vt 0.304688 0.426317
vt 0.304688 0.426317
vt 0.304688 0.426317
vt 0.304688 0.426317
vt 0.304688 0.426317
vt 0.304688 0.426317
vt 0.986328 -0.483839
vt 0.986328 -0.483839
vt 0.986328 -0.483839
vt 0.986328 -0.483839
vt 0.986328 -0.483839
vt 0.304688 0.426317
vt 0.304688 0.426317
vt 0.304688 0.426317
vt 0.304688 0.426317
vt 0.304688 0.426317
vt 0.304688 0.426317
vt 0.304688 0.426317
vt 0.304688 0.426317
vt 0.304688 0.426317
vt 0.304688 0.426317
vt 0.304688 0.426317
vt 0.304688 0.426317
vt 0.304688 0.426317
vt 0.304688 0.426317
vt 0.304688 0.426317
vt 0.304688 0.426317
vt 0.304688 0.426317
vt 0.304688 0.426317
vt 0.304688 0.426317
vt 0.304688 0.426317
vt 0.304688 0.426317
vt 0.304688 0.426317
vt 0.304688 0.426317
vt 0.304688 0.426317
vt 0.304688 0.426317
vt 0.304688 0.426317
vt 0.304688 0.426317
vt 0.304688 0.426317
vt 0.304688 0.426317
vt 0.304688 0.426317
vt 0.304688 0.426317
vt 0.304688 0.426317
vt 0.304688 0.426317
vt 0.304688 0.426317
vt 0.304688 0.426317
vt 0.304688 0.426317
vt 0.304688 0.426317
vt 0.304688 0.426317
vt 0.304688 0.426317
vt 0.304688 0.426317
vt 0.304688 0.426317
vt 0.304688 0.426317
vt 0.304688 0.426317
vt 0.304688 0.426317
vt 0.304688 0.426317
vt 0.986328 -0.483839
vt 0.986328 -0.483839
vt 0.986328 -0.483839
vt 0.986328 -0.483839
vt 0.986328 -0.483839
vt 0.304688 0.426317
vt 0.304688 0.426317
vt 0.304688 0.426317
vt 0.304688 0.426317
vt 0.304688 0.426317
vt 0.304688 0.426317
vt 0.304688 0.426317
vt 0.304688 0.426317
vt 0.304688 0.426317
vt 0.304688 0.426317
vt 0.304688 0.426317
vt 0.304688 0.426317
vt 0.304688 0.426317
vt 0.304688 0.426317
vt 0.304688 0.426317
vt 0.304688 0.426317
vt 0.304688 0.426317
vt 0.304688 0.426317
vt 0.304688 0.426317
vt 0.304688 0.426317
vt 0.304688 0.426317
vt 0.304688 0.426317
vt 0.304688 0.426317
vt 0.0175781 0.0234375
vt 0.0175781 0.0234375
vt 0.0175781 0.0234375
vt 0.0175781 0.0234375
vt 0.0175781 0.0234375
vt 0.0175781 0.0234375
vt 0.0175781 0.0234375
vt 0.0175781 0.0234375
vt 0.0175781 0.0234375
vt 0.0175781 0.0234375
vt 0.0175781 0.0234375
vt 0.0175781 0.0234375
vt 0.0175781 0.0234375
vt 0.0175781 0.0234375
vt 0.0175781 0.0234375
vt 0.0175781 0.0234375
vt 0.0175781 0.0234375
vt 0.0175781 0.0234375
vt 0.0175781 0.0234375
vt 0.0175781 0.0234375
vt 0.0175781 0.0234375
vt 0.0175781 0.0234375
vt 0.0175781 0.0234375
vt 0.0175781 0.0234375
vt 0.0175781 0.0234375
vt 0.0175781 0.0234375
vt 0.0175781 0.0234375
vt 0.0175781 0.0234375
vt 0.0175781 0.0234375
vt 0.0175781 0.0234375
vt 0.0175781 0.0234375
vt 0.0175781 0.0234375
vt 0.0175781 0.0234375
vt 0.0175781 0.0234375
vt 0.0175781 0.0234375
vt 0.0175781 0.0234375
vt 0.0175781 0.0234375
vt 0.0175781 0.0234375
vt 0.0175781 0.0234375
vt 0.0175781 0.0234375
vt 0.0175781 0.0234375
vt 0.0175781 0.0234375
vt 0.0175781 0.0234375
vt 0.0175781 0.0234375
vt 0.0175781 0.0234375
vt 0.0175781 0.0234375
vt 0.0175781 0.0234375
vt 0.0175781 0.0234375
vt 0.0175781 0.0234375
vt 0.0175781 0.0234375
vt 0.0175781 0.0234375
vt 0.0175781 0.0234375
vt 0.0175781 0.0234375
vt 0.0175781 0.0234375
vt 0.0175781 0.0234375
vt 0.0175781 0.0234375
vt 0.0175781 0.0234375
vt 0.0175781 0.0234375
vt 0.0175781 0.0234375
vt 0.0175781 0.0234375
vt 0.0175781 0.0234375
vt 0.0175781 0.0234375
vt 0.0175781 0.0234375
vt 0.0175781 0.0234375
vt 0.0175781 0.0234375
vt 0.0175781 0.0234375
vt 0.0175781 0.0234375
vt 0.0175781 0.0234375
vt 0.0175781 0.0234375
vt 0.0175781 0.0234375
vt 0.0175781 0.0234375
vt 0.0175781 0.0234375
vt 0.0175781 0.0234375
vt 0.0175781 0.0234375
vt 0.0175781 0.0234375
vt 0.0175781 0.0234375
vt 0.0175781 0.0234375
vt 0.0175781 0.0234375
vt 0.0175781 0.0234375
vt 0.0175781 0.0234375
vt 0.0175781 0.0234375
vt 0.0175781 0.0234375
vt 0.0175781 0.0234375
vt 0.0175781 0.0234375
vt 0.0175781 0.0234375
vt 0.0175781 0.0234375
vt 0.0175781 0.0234375
vt 0.0175781 0.0234375
vt 0.0175781 0.0234375
vt 0.0175781 0.0234375
vt 0.0175781 0.0234375
vt 0.0175781 0.0234375
vt 0.0175781 0.0234375
vt 0.0175781 0.0234375
vt 0.0175781 0.0234375
vt 0.0175781 0.0234375
vt 0.0175781 0.0234375
vt 0.0175781 0.0234375
vt 0.0175781 0.0234375
vt 0.0175781 0.0234375
vt 0.0175781 0.0234375
vt 0.0175781 0.0234375
vt 0.0175781 0.0234375
vt 0.0175781 0.0234375
vt 0.0175781 0.0234375
vt 0.0175781 0.0234375
vt 0.0175781 0.0234375
vt 0.0175781 0.0234375
vt 0.0175781 0.0234375
vt 0.0175781 0.0234375
vt 0.0175781 0.0234375
vt 0.0175781 0.0234375
vt 0.0175781 0.0234375
vt 0.0175781 0.0234375
vt 0.0175781 0.0234375
vt 0.0175781 0.0234375
vt 0.0175781 0.0234375
vt 0.0175781 0.0234375
vt 0.0175781 0.0234375
vt 0.0175781 0.0234375
vt 0.0175781 0.0234375
vt 0.0175781 0.0234375
vt 0.0175781 0.0234375
vt 0.0175781 0.0234375
vt 0.0175781 0.0234375
vt 0.0175781 0.0234375
vt 0.0175781 0.0234375
vt 0.0175781 0.0234375
vt 0.0175781 0.0234375
vt 0.0175781 0.0234375
vt 0.0175781 0.0234375
vt 0.0175781 0.0234375
vt 0.984375 0.0449219
vt 0.984375 0.0449219
vt 0.984375 0.0449219
vt 0.984375 0.0449219
vt 0.984375 0.0449219
vt 0.984375 0.0449219
vt 0.984375 0.0449219
vt 0.984375 0.0449219
vt 0.984375 0.0449219
vt 0.986328 0.0117188
vt 0.986328 0.0117188
vt 0.986328 0.0117188
vt 0.986328 0.0117188
vt 0.986328 0.0117188
vt 0.986328 0.0117188
vt 0.986328 0.0117188
vt 0.986328 0.0117188
vt 0.986328 0.0117188
vt 0.986328 0.0117188
vt 0.986328 0.0117188
vt 0.986328 0.0117188
vt 0.986328 0.0117188
vt 0.986328 0.0117188
vt 0.986328 0.0117188
vt 0.986328 0.0117188
vt 0.986328 0.0117188
vt 0.986328 0.0117188
vt 0.986328 0.0117188
vt 0.986328 0.0117188
vt 0.986328 0.0117188
vt 0.986328 0.0117188
vt 0.986328 0.0117188
vt 0.986328 0.0117188
vt 0.986328 0.0117188
vt 0.986328 0.0117188
vt 0.986328 0.0117188
vt 0.984375 0.0449219
vt 0.984375 0.0449219
vt 0.984375 0.0449219
vt 0.984375 0.0449219
vt 0.984375 0.0449219
vt 0.984375 0.0449219
vt 0.984375 0.0449219
vt 0.984375 0.0449219
vt 0.984375 0.0449219
vt 0.984375 0.0449219
vt 0.984375 0.0449219
vt 0.984375 0.0449219
vt 0.984375 0.0449219
vt 0.984375 0.0449219
vt 0.984375 0.0449219
vt 0.984375 0.0449219
vt 0.986328 0.0117188
vt 0.986328 0.0117188
vt 0.986328 0.0117188
vt 0.986328 0.0117188
vt 0.984375 0.0449219
vt 0.984375 0.0449219
vt 0.984375 0.0449219
vt 0.984375 0.0449219
vt 0.984375 0.0449219
vt 0.984375 0.0449219
vt 0.986328 0.0117188
vt 0.986328 0.0117188
vt 0.986328 0.0117188
vt 0.986328 0.0117188
vt 0.986328 0.0117188
vt 0.986328 0.0117188
vt 0.986328 0.0117188
vt 0.986328 0.0117188
vt 0.984375 0.0449219
vt 0.984375 0.0449219
vt 0.984375 0.0449219
vt 0.984375 0.0449219
vt 0.984375 0.0449219
vt 0.984375 0.0449219
vt 0.986328 0.0117188
vt 0.986328 0.0117188
vt 0.986328 0.0117188
vt 0.986328 0.0117188
vt 0.986328 0.0117188
vt 0.986328 0.0117188
vt 0.986328 0.0117188
vt 0.986328 0.0117188
vt 0.986328 0.0117188
vt 0.986328 0.0117188
vt 0.986328 0.0117188
vt 0.986328 0.0117188
vt 0.986328 0.0117188
vt 0.986328 0.0117188
vt 0.986328 0.0117188
vt 0.986328 0.0117188
vt 0.986328 0.0117188
vt 0.986328 0.0117188
vt 0.986328 0.0117188
vt 0.986328 0.0117188
vt 0.986328 0.0117188
vt 0.986328 0.0117188
vt 0.986328 0.0117188
vt 0.986328 0.0117188
vt 0.984375 0.0449219
vt 0.984375 0.0449219
vt 0.984375 0.0449219
vt 0.984375 0.0449219
vt 0.984375 0.0449219
vt 0.984375 0.0449219
vt 0.984375 0.0449219
vt 0.984375 0.0449219
vt 0.984375 0.0449219
vt 0.984375 0.0449219
vt 0.986328 0.0117188
vt 0.986328 0.0117188
vt 0.986328 0.0117188
vt 0.986328 0.0117188
vt 0.986328 0.0117188
vt 0.986328 0.0117188
vt 0.986328 0.0117188
vt 0.986328 0.0117188
vt 0.984375 0.0449219
vt 0.984375 0.0449219
vt 0.984375 0.0449219
vt 0.984375 0.0449219
vt 0.984375 0.0449219
vt 0.984375 0.0449219
vt 0.986328 0.0117188
vt 0.986328 0.0117188
vt 0.986328 0.0117188
vt 0.986328 0.0117188
vt 0.986328 0.0117188
vt 0.986328 0.0117188
vt 0.986328 0.0117188
vt 0.986328 0.0117188
vt 0.984375 0.0449219
vt 0.984375 0.0449219
vt 0.984375 0.0449219
vt 0.984375 0.0449219
vt 0.984375 0.0449219
vt 0.984375 0.0449219
vt 0.984375 0.0449219
vt 0.984375 0.0449219
vt 0.984375 0.0449219
vt 0.984375 0.0449219
vt 0.986328 0.0117188
vt 0.986328 0.0117188
vt 0.986328 0.0117188
vt 0.986328 0.0117188
vt 0.986328 0.0117188
vt 0.986328 0.0117188
vt 0.986328 0.0117188
vt 0.986328 0.0117188
vt 0.986328 0.0117188
vt 0.986328 0.0117188
vt 0.986328 0.0117188
vt 0.986328 0.0117188
vt 0.986328 0.0117188
vt 0.986328 0.0117188
vt 0.986328 0.0117188
vt 0.986328 0.0117188
vt 0.986328 0.0117188
vt 0.986328 0.0117188
vt 0.957514 0.0945681
vt 0.953454 0.0817513
vt 0.954648 0.0975136
vt 0.957514 0.0689346
vt 0.954648 0.0659891
vt 0.982749 0.0945681
vt 0.978212 0.101574
vt 0.983147 0.101972
vt 0.967465 0.101653
vt 0.964599 0.0945681
vt 0.96428 0.102051
vt 0.957912 0.102131
vt 0.989755 0.0689346
vt 0.994213 0.0817513
vt 0.993656 0.0710044
vt 0.989755 0.0945681
vt 0.993656 0.0924983
vt 0.992461 0.09823
vt 0.989357 0.101892
vt 0.964599 0.0689346
vt 0.978212 0.0619292
vt 0.982749 0.0689346
vt 0.983147 0.0615311
vt 0.967465 0.0618495
vt 0.96428 0.0614515
vt 0.957912 0.0613719
vt 0.989357 0.0616108
vt 0.992461 0.0652726
vt 0.982749 0.0946477
vt 0.0429688 0.637695
vt 0.0820313 0.615234
vt 0.0429688 0.619141
vt 0.0996094 0.652344
vt 0.111328 0.647461
vt 0.111328 0.665039
vt 0.0371094 0.644531
vt 0.111328 0.616211
vt 0.138672 0.638672
vt 0.138672 0.638672
vt 0.119141 0.615234
vt 0.111328 0.616211
vt 0.140625 0.631836
vt 0.332031 0.645508
vt 0.265625 0.623047
vt 0.246094 0.645508
vt 0.332031 0.605469
vt 0.277344 0.601563
vt 0.332031 0.692383
vt 0.220703 0.671875
vt 0.224609 0.682617
vt 0.339844 0.681641
vt 0.216797 0.663086
vt 0.337891 0.566406
vt 0.332031 0.601563
vt 0.285156 0.56543
vt 0.177734 0.667969
vt 0.179688 0.648438
vt 0.220703 0.636719
vt 0.173828 0.676758
vt 0.142578 0.663086
vt 0.179688 0.648438
vt 0.177734 0.641602
vt 0.220703 0.636719
vt 0.216797 0.630859
vt 0.253906 0.603516
vt 0.265625 0.56543
vt 0.265625 0.56543
vt 0.248047 0.599609
vt 0.253906 0.603516
vt 0.259766 0.56543
vt 0.117188 0.666992
vt 0.0273438 0.644531
vt 0.226563 0.68457
vt 0.277344 0.601563
vt 0.332031 0.603516
vt 0.332031 0.601563
vt 0.277344 0.601563
vt 0.332031 0.605469
vt 0.332031 0.603516
vt 0.929688 0.708008
vt 0.982422 0.717773
vt 0.978516 0.707031
vt 0.912109 0.720703
vt 0.787109 0.714844
vt 0.783203 0.704102
vt 0.777344 0.713867
vt 0.640625 0.694336
vt 0.636719 0.701172
vt 0.75 0.606445
vt 0.744141 0.569336
vt 0.736328 0.568359
vt 0.753906 0.603516
vt 0.775391 0.632813
vt 0.777344 0.626953
vt 0.728516 0.606445
vt 0.632813 0.603516
vt 0.632813 0.606445
vt 0.728516 0.606445
vt 0.632813 0.606445
vt 0.634766 0.609375
vt 0.943359 0.672852
vt 0.978516 0.670898
vt 0.943359 0.668945
vt 0.853516 0.667969
vt 0.851563 0.660156
vt 0.794922 0.657227
vt 0.791016 0.665039
vt 0.853516 0.708008
vt 0.851563 0.658203
vt 0.943359 0.647461
vt 0.871094 0.633789
vt 0.943359 0.666992
vt 0.978516 0.661133
vt 0.642578 0.650391
vt 0.794922 0.654297
vt 0.775391 0.632813
vt 0.728516 0.606445
vt 0.75 0.606445
vt 0.634766 0.609375
vt 0.736328 0.568359
vt 0.626953 0.569336
vt 0.632813 0.603516
vt 0.611328 0.567383
vt 0.626953 0.569336
vt 0.605469 0.560547
vt 0.632813 0.603516
vt 0.986328 0.505859
vt 0.986328 0.505859
vt 0.986328 0.505859
vt 0.986328 0.505859
vt 0.855469 0.72168
vt 0.353516 0.694336
vt 0.328125 0.696289
vt 0.294922 0.69043
vt 0.611328 0.567383
vt 0.34375 0.55957
vt 0.605469 0.560547
vt 0.4375 0.686523
vt 0.4375 0.693359
vt 0.367188 0.697266
vt 0.929688 0.826172
vt 0.951172 0.819336
vt 0.929688 0.819336
vt 0.949219 0.825195
vt 0.929688 0.819336
vt 0.951172 0.802734
vt 0.929688 0.798828
vt 0.951172 0.819336
vt 0.832031 0.81543
vt 0.841797 0.821289
vt 0.832031 0.797852
vt 0.832031 0.81543
vt 0.806641 0.813477
vt 0.806641 0.813477
vt 0.808594 0.799805
vt 0.841797 0.759766
vt 0.929688 0.768555
vt 0.916016 0.759766
vt 0.826172 0.771484
vt 0.929688 0.785156
vt 0.826172 0.785156
vt 0.337891 0.566406
vt 0.259766 0.556641
vt 0.259766 0.56543
vt 0.341797 0.556641
vt 0.259766 0.537109
vt 0.341797 0.537109
vt 0.259766 0.52832
vt 0.341797 0.537109
vt 0.341797 0.52832
vt 0.259766 0.537109
vt 0.605469 0.557617
vt 0.617188 0.537109
vt 0.617188 0.537109
vt 0.617188 0.52832
vt 0.626953 0.569336
vt 0.744141 0.569336
vt 0.746094 0.537109
vt 0.341797 0.556641
vt 0.337891 0.566406
vt 0.34375 0.55957
vt 0.626953 0.569336
vt 0.605469 0.557617
vt 0.605469 0.560547
vt 0.34375 0.55957
vt 0.341797 0.556641
vt 0.746094 0.537109
vt 0.746094 0.529297
vt 0.123047 0.823242
vt 0.132813 0.820313
vt 0.128906 0.829102
vt 0.132813 0.816406
vt 0.121094 0.820313
vt 0.0957031 0.813477
vt 0.0800781 0.819336
vt 0.125 0.814453
vt 0.0742188 0.814453
vt 0.046875 0.81543
vt 0.0273438 0.789063
vt 0.046875 0.789063
vt 0.0273438 0.817383
vt 0.0390625 0.554688
vt 0.0957031 0.537109
vt 0.0351563 0.537109
vt 0.0722656 0.554688
vt 0.0898438 0.554688
vt 0.0957031 0.554688
vt 0.0957031 0.537109
vt 0.0136719 0.532227
vt 0.0351563 0.537109
vt 0.0957031 0.529297
vt 0.046875 0.742188
vt 0.0273438 0.741211
vt 0.0546875 0.736328
vt 0.0742188 0.814453
vt 0.0742188 0.790039
vt 0.0957031 0.813477
vt 0.09375 0.790039
vt 0.0878906 0.786133
vt 0.0976563 0.743164
vt 0.078125 0.75293
vt 0.0761719 0.743164
vt 0.09375 0.75293
vt 0.0761719 0.743164
vt 0.0976563 0.743164
vt 0.132813 0.831055
vt 0.115234 0.841797
vt 0.128906 0.829102
vt 0.123047 0.842773
vt 0.205078 0.791992
vt 0.142578 0.817383
vt 0.142578 0.791992
vt 0.205078 0.81543
vt 0.125 0.791016
vt 0.132813 0.816406
vt 0.125 0.814453
vt 0.132813 0.820313
vt 0.205078 0.740234
vt 0.205078 0.743164
vt 0.148438 0.742188
vt 0.148438 0.742188
vt 0.205078 0.750977
vt 0.148438 0.75
vt 0.205078 0.743164
vt 0.103516 0.751953
vt 0.142578 0.822266
vt 0.142578 0.817383
vt 0.205078 0.81543
vt 0.205078 0.820313
vt 0.128906 0.829102
vt 0.0292969 0.759766
vt 0.0488281 0.756836
vt 0.0292969 0.769531
vt 0.046875 0.742188
vt 0.0957031 0.756836
vt 0.0292969 0.769531
vt 0.03125 0.783203
vt 0.0273438 0.783203
vt 0.0332031 0.770508
vt 0.0273438 0.789063
vt 0.046875 0.78418
vt 0.046875 0.789063
vt 0.0664063 0.78418
vt 0.0742188 0.790039
vt 0.0683594 0.756836
vt 0.0664063 0.78418
vt 0.0683594 0.756836
vt 0.0488281 0.756836
vt 0.078125 0.75293
vt 0.046875 0.758789
vt 0.0273438 0.741211
vt 0.148438 0.75293
vt 0.205078 0.750977
vt 0.205078 0.75293
vt 0.148438 0.75
vt 0.0996094 0.755859
vt 0.103516 0.751953
vt 0.0957031 0.756836
vt 0.09375 0.78418
vt 0.0957031 0.756836
vt 0.0996094 0.755859
vt 0.0878906 0.786133
vt 0.0878906 0.786133
vt 0.09375 0.78418
vt 0.09375 0.790039
vt 0.125 0.791016
vt 0.132813 0.786133
vt 0.142578 0.791992
vt 0.205078 0.787109
vt 0.205078 0.791992
vt 0.0957031 0.783203
vt 0.132813 0.786133
vt 0.09375 0.78418
vt 0.205078 0.786133
vt 0.205078 0.787109
vt 0.09375 0.78418
vt 0.0996094 0.756836
vt 0.0957031 0.783203
vt 0.0996094 0.755859
vt 0.205078 0.755859
vt 0.148438 0.75293
vt 0.205078 0.75293
vt 0.0996094 0.756836
vt 0.0996094 0.755859
vt 0.0742188 0.588867
vt 0.0996094 0.592773
vt 0.0996094 0.592773
vt 0.0957031 0.554688
vt 0.0898438 0.554688
vt 0.105469 0.592773
vt 0.0820313 0.615234
vt 0.0371094 0.612305
vt 0.0429688 0.619141
vt 0.0371094 0.612305
vt 0.0371094 0.584961
vt 0.0371094 0.56543
vt 0.0410156 0.578125
vt 0.205078 0.820313
vt 0.142578 0.826172
vt 0.142578 0.822266
vt 0.205078 0.825195
vt 0.132813 0.831055
vt 0.123047 0.842773
vt 0.125 0.842773
vt 0.0566406 0.820313
vt 0.046875 0.81543
vt 0.0605469 0.892578
vt 0.0644531 0.895508
vt 0.0546875 0.898438
vt 0.0546875 0.898438
vt 0.0390625 0.889648
vt 0.0605469 0.892578
vt 0.0429688 0.895508
vt 0.0820313 0.873047
vt 0.0878906 0.875977
vt 0.0820313 0.873047
vt 0.0449219 0.87207
vt 0.0820313 0.845703
vt 0.109375 0.848633
vt 0.0585938 0.849609
vt 0.117188 0.850586
vt 0.115234 0.841797
vt 0.123047 0.842773
vt 0.109375 0.848633
vt 0.205078 0.844727
vt 0.148438 0.853516
vt 0.148438 0.84375
vt 0.205078 0.854492
vt 0.205078 0.881836
vt 0.136719 0.879883
vt 0.205078 0.905273
vt 0.126953 0.902344
vt 0.205078 0.912109
vt 0.121094 0.90918
vt 0.101563 0.842773
vt 0.0644531 0.895508
vt 0.0878906 0.875977
vt 0.117188 0.850586
vt 0.123047 0.842773
vt 0.115234 0.841797
vt 0.986328 0.505859
vt 0.986328 0.505859
vt 0.986328 0.505859
vt 0.986328 0.505859
vt 0.986328 0.505859
vt 0.986328 0.505859
vt 0.986328 0.505859
vt 0.986328 0.505859
vt 0.986328 0.505859
vt 0.986328 0.505859
vt 0.986328 0.505859
vt 0.986328 0.505859
vt 0.986328 0.505859
vt 0.986328 0.505859
vt 0.986328 0.505859
vt 0.986328 0.505859
vt 0.986328 0.505859
vt 0.986328 0.505859
vt 0.986328 0.505859
vt 0.986328 0.505859
vt 0.986328 0.505859
vt 0.986328 0.505859
vt 0.986328 0.505859
vt 0.986328 0.505859
vt 0.986328 0.505859
vt 0.986328 0.505859
vt 0.986328 0.505859
vt 0.986328 0.505859
vt 0.986328 0.505859
vt 0.986328 0.505859
vt 0.986328 0.505859
vt 0.986328 0.505859
vt 0.644531 0.90332
vt 0.589844 0.902344
vt 0.644531 0.900391
vt 0.589844 0.905273
vt 0.691406 0.900391
vt 0.689453 0.897461
vt 0.646484 0.876953
vt 0.689453 0.897461
vt 0.644531 0.900391
vt 0.6875 0.876953
vt 0.722656 0.897461
vt 0.720703 0.893555
vt 0.720703 0.893555
vt 0.707031 0.876953
vt 0.714844 0.876953
vt 0.986328 0.505859
vt 0.986328 0.505859
vt 0.986328 0.505859
vt 0.673828 0.829102
vt 0.699219 0.839844
vt 0.677734 0.839844
vt 0.693359 0.831055
vt 0.640625 0.839844
vt 0.634766 0.875977
vt 0.589844 0.876953
vt 0.589844 0.875
vt 0.646484 0.876953
vt 0.636719 0.829102
vt 0.673828 0.829102
vt 0.636719 0.829102
vt 0.697266 0.826172
vt 0.589844 0.826172
vt 0.697266 0.799805
vt 0.697266 0.826172
vt 0.589844 0.800781
vt 0.695313 0.760742
vt 0.589844 0.762695
vt 0.693359 0.831055
vt 0.699219 0.839844
vt 0.761719 0.828125
vt 0.761719 0.84082
vt 0.755859 0.84082
vt 0.744141 0.797852
vt 0.742188 0.826172
vt 0.742188 0.759766
vt 0.763672 0.796875
vt 0.757813 0.758789
vt 0.982422 0.647461
vt 0.943359 0.613281
vt 0.984375 0.617188
vt 0.898438 0.607422
vt 0.943359 0.574219
vt 0.982422 0.579102
vt 0.898438 0.607422
vt 0.867188 0.62793
vt 0.871094 0.633789
vt 0.888672 0.606445
vt 0.910156 0.570313
vt 0.902344 0.569336
vt 0.705078 0.751953
vt 0.589844 0.762695
vt 0.589844 0.753906
vt 0.695313 0.760742
vt 0.736328 0.751953
vt 0.742188 0.759766
vt 0.757813 0.749023
vt 0.757813 0.758789
vt 0.982422 0.555664
vt 0.943359 0.551758
vt 0.980469 0.557617
vt 0.904297 0.541016
vt 0.90625 0.543945
vt 0.943359 0.5625
vt 0.90625 0.543945
vt 0.904297 0.554688
vt 0.943359 0.551758
vt 0.910156 0.570313
vt 0.904297 0.554688
vt 0.902344 0.569336
vt 0.943359 0.574219
vt 0.943359 0.5625
vt 0.982422 0.568359
vt 0.980469 0.557617
vt 0.982422 0.579102
vt 0.982422 0.568359
vt 0.753906 0.737305
vt 0.736328 0.751953
vt 0.744141 0.740234
vt 0.757813 0.749023
vt 0.744141 0.740234
vt 0.748047 0.733398
vt 0.753906 0.737305
vt 0.691406 0.741211
vt 0.589844 0.753906
vt 0.589844 0.743164
vt 0.705078 0.751953
vt 0.910156 0.570313
vt 0.699219 0.839844
vt 0.740234 0.838867
vt 0.986328 0.505859
vt 0.986328 0.505859
vt 0.986328 0.505859
vt 0.986328 0.505859
vt 0.986328 0.505859
vt 0.986328 0.505859
vt 0.986328 0.505859
vt 0.986328 0.505859
vt 0.986328 0.505859
vt 0.986328 0.505859
vt 0.986328 0.505859
vt 0.986328 0.505859
vt 0.986328 0.505859
vt 0.986328 0.505859
vt 0.986328 0.505859
vt 0.986328 0.505859
vt 0.986328 0.505859
vt 0.986328 0.505859
vt 0.986328 0.505859
vt 0.986328 0.505859
vt 0.986328 0.505859
vt 0.986328 0.505859
vt 0.986328 0.505859
vt 0.986328 0.505859
vt 0.986328 0.505859
vt 0.986328 0.505859
vt 0.986328 0.505859
vt 0.986328 0.505859
vt 0.986328 0.505859
vt 0.986328 0.505859
vt 0.986328 0.505859
vt 0.986328 0.505859
vt 0.986328 0.505859
vt 0.986328 0.505859
vt 0.986328 0.505859
vt 0.628906 0.845703
vt 0.646484 0.876953
vt 0.634766 0.875977
vt 0.640625 0.839844
vt 0.589844 0.876953
vt 0.589844 0.902344
vt 0.589844 0.830078
vt 0.589844 0.826172
vt 0.589844 0.830078
vt 0.589844 0.839844
vt 0.589844 0.839844
vt 0.628906 0.845703
vt 0.589844 0.844727
vt 0.640625 0.839844
vt 0.589844 0.844727
vt 0.634766 0.875977
vt 0.589844 0.875
vt 0.628906 0.845703
vt 0.986328 0.505859
vt 0.986328 0.505859
vt 0.0488281 0.820313
vt 0.0273438 0.817383
vt 0.0292969 0.823242
vt 0.115234 0.841797
vt 0.986328 0.505859
vt 0.0996094 0.652344
vt 0.0820313 0.615234
vt 0.111328 0.647461
vt 0.0429688 0.637695
vt 0.0429688 0.619141
vt 0.0371094 0.644531
vt 0.111328 0.665039
vt 0.111328 0.616211
vt 0.138672 0.638672
vt 0.119141 0.615234
vt 0.138672 0.638672
vt 0.111328 0.616211
vt 0.140625 0.631836
vt 0.332031 0.605469
vt 0.265625 0.623047
vt 0.277344 0.601563
vt 0.332031 0.645508
vt 0.246094 0.645508
vt 0.220703 0.671875
vt 0.332031 0.692383
vt 0.224609 0.682617
vt 0.339844 0.681641
vt 0.216797 0.663086
vt 0.337891 0.566406
vt 0.332031 0.601563
vt 0.285156 0.56543
vt 0.177734 0.667969
vt 0.179688 0.648438
vt 0.220703 0.636719
vt 0.173828 0.676758
vt 0.142578 0.663086
vt 0.179688 0.648438
vt 0.177734 0.641602
vt 0.220703 0.636719
vt 0.216797 0.630859
vt 0.253906 0.603516
vt 0.265625 0.56543
vt 0.265625 0.56543
vt 0.248047 0.599609
vt 0.259766 0.56543
vt 0.253906 0.603516
vt 0.117188 0.666992
vt 0.0273438 0.644531
vt 0.226563 0.68457
vt 0.332031 0.601563
vt 0.332031 0.603516
vt 0.277344 0.601563
vt 0.332031 0.603516
vt 0.332031 0.605469
vt 0.277344 0.601563
vt 0.929688 0.708008
vt 0.982422 0.717773
vt 0.912109 0.720703
vt 0.978516 0.707031
vt 0.777344 0.713867
vt 0.783203 0.704102
vt 0.787109 0.714844
vt 0.640625 0.694336
vt 0.636719 0.701172
vt 0.75 0.606445
vt 0.744141 0.569336
vt 0.753906 0.603516
vt 0.736328 0.568359
vt 0.775391 0.632813
vt 0.777344 0.626953
vt 0.632813 0.606445
vt 0.632813 0.603516
vt 0.728516 0.606445
vt 0.634766 0.609375
vt 0.632813 0.606445
vt 0.728516 0.606445
vt 0.943359 0.672852
vt 0.978516 0.670898
vt 0.851563 0.660156
vt 0.943359 0.668945
vt 0.853516 0.667969
vt 0.794922 0.657227
vt 0.791016 0.665039
vt 0.853516 0.708008
vt 0.851563 0.658203
vt 0.943359 0.647461
vt 0.943359 0.666992
vt 0.871094 0.633789
vt 0.978516 0.661133
vt 0.642578 0.650391
vt 0.794922 0.654297
vt 0.775391 0.632813
vt 0.728516 0.606445
vt 0.634766 0.609375
vt 0.75 0.606445
vt 0.626953 0.569336
vt 0.632813 0.603516
vt 0.736328 0.568359
vt 0.605469 0.560547
vt 0.626953 0.569336
vt 0.611328 0.567383
vt 0.632813 0.603516
vt 0.986328 0.505859
vt 0.986328 0.505859
vt 0.986328 0.505859
vt 0.986328 0.505859
vt 0.855469 0.72168
vt 0.353516 0.694336
vt 0.328125 0.696289
vt 0.294922 0.69043
vt 0.611328 0.567383
vt 0.34375 0.55957
vt 0.605469 0.560547
vt 0.4375 0.686523
vt 0.4375 0.693359
vt 0.367188 0.697266
vt 0.929688 0.826172
vt 0.951172 0.819336
vt 0.949219 0.825195
vt 0.929688 0.819336
vt 0.929688 0.819336
vt 0.951172 0.802734
vt 0.951172 0.819336
vt 0.929688 0.798828
vt 0.832031 0.81543
vt 0.841797 0.821289
vt 0.832031 0.797852
vt 0.832031 0.81543
vt 0.806641 0.813477
vt 0.806641 0.813477
vt 0.808594 0.799805
vt 0.841797 0.759766
vt 0.929688 0.768555
vt 0.826172 0.771484
vt 0.916016 0.759766
vt 0.929688 0.785156
vt 0.826172 0.785156
vt 0.259766 0.556641
vt 0.337891 0.566406
vt 0.259766 0.56543
vt 0.341797 0.556641
vt 0.259766 0.537109
vt 0.341797 0.537109
vt 0.259766 0.52832
vt 0.341797 0.537109
vt 0.259766 0.537109
vt 0.341797 0.52832
vt 0.605469 0.557617
vt 0.617188 0.537109
vt 0.617188 0.537109
vt 0.617188 0.52832
vt 0.626953 0.569336
vt 0.744141 0.569336
vt 0.746094 0.537109
vt 0.34375 0.55957
vt 0.337891 0.566406
vt 0.341797 0.556641
vt 0.605469 0.560547
vt 0.605469 0.557617
vt 0.626953 0.569336
vt 0.34375 0.55957
vt 0.341797 0.556641
vt 0.746094 0.537109
vt 0.746094 0.529297
vt 0.283203 0.829102
vt 0.277344 0.820313
vt 0.287109 0.823242
vt 0.279297 0.816406
vt 0.291016 0.820313
vt 0.316406 0.813477
vt 0.287109 0.814453
vt 0.332031 0.819336
vt 0.335938 0.814453
vt 0.363281 0.81543
vt 0.382813 0.789063
vt 0.384766 0.817383
vt 0.365234 0.789063
vt 0.0898438 0.554688
vt 0.0957031 0.537109
vt 0.0957031 0.554688
vt 0.0722656 0.554688
vt 0.0390625 0.554688
vt 0.0351563 0.537109
vt 0.0957031 0.537109
vt 0.0136719 0.532227
vt 0.0957031 0.529297
vt 0.0351563 0.537109
vt 0.357422 0.736328
vt 0.382813 0.741211
vt 0.365234 0.742188
vt 0.335938 0.814453
vt 0.337891 0.790039
vt 0.316406 0.813477
vt 0.316406 0.790039
vt 0.324219 0.786133
vt 0.314453 0.743164
vt 0.333984 0.75293
vt 0.318359 0.75293
vt 0.335938 0.743164
vt 0.335938 0.743164
vt 0.314453 0.743164
vt 0.279297 0.831055
vt 0.294922 0.841797
vt 0.289063 0.842773
vt 0.283203 0.829102
vt 0.269531 0.791992
vt 0.269531 0.817383
vt 0.279297 0.816406
vt 0.277344 0.820313
vt 0.287109 0.791016
vt 0.287109 0.814453
vt 0.263672 0.742188
vt 0.263672 0.742188
vt 0.263672 0.75
vt 0.308594 0.751953
vt 0.269531 0.822266
vt 0.269531 0.817383
vt 0.283203 0.829102
vt 0.382813 0.769531
vt 0.363281 0.756836
vt 0.380859 0.759766
vt 0.365234 0.742188
vt 0.316406 0.756836
vt 0.382813 0.769531
vt 0.380859 0.783203
vt 0.378906 0.770508
vt 0.384766 0.783203
vt 0.382813 0.789063
vt 0.365234 0.78418
vt 0.365234 0.789063
vt 0.345703 0.78418
vt 0.337891 0.790039
vt 0.34375 0.756836
vt 0.345703 0.78418
vt 0.34375 0.756836
vt 0.363281 0.756836
vt 0.365234 0.758789
vt 0.333984 0.75293
vt 0.382813 0.741211
vt 0.263672 0.75293
vt 0.263672 0.75
vt 0.3125 0.755859
vt 0.308594 0.751953
vt 0.316406 0.756836
vt 0.316406 0.756836
vt 0.318359 0.78418
vt 0.3125 0.755859
vt 0.324219 0.786133
vt 0.316406 0.790039
vt 0.318359 0.78418
vt 0.324219 0.786133
vt 0.269531 0.791992
vt 0.277344 0.786133
vt 0.287109 0.791016
vt 0.277344 0.786133
vt 0.316406 0.783203
vt 0.318359 0.78418
vt 0.318359 0.78418
vt 0.3125 0.756836
vt 0.3125 0.755859
vt 0.316406 0.783203
vt 0.3125 0.756836
vt 0.263672 0.75293
vt 0.3125 0.755859
vt 0.0742188 0.588867
vt 0.0996094 0.592773
vt 0.0996094 0.592773
vt 0.0957031 0.554688
vt 0.105469 0.592773
vt 0.0898438 0.554688
vt 0.0429688 0.619141
vt 0.0371094 0.612305
vt 0.0820313 0.615234
vt 0.0371094 0.612305
vt 0.0371094 0.584961
vt 0.0371094 0.56543
vt 0.0410156 0.578125
vt 0.269531 0.822266
vt 0.269531 0.826172
vt 0.279297 0.831055
vt 0.285156 0.842773
vt 0.289063 0.842773
vt 0.355469 0.820313
vt 0.363281 0.81543
vt 0.355469 0.898438
vt 0.347656 0.895508
vt 0.351563 0.892578
vt 0.369141 0.895508
vt 0.351563 0.892578
vt 0.373047 0.889648
vt 0.355469 0.898438
vt 0.330078 0.873047
vt 0.324219 0.875977
vt 0.330078 0.873047
vt 0.367188 0.87207
vt 0.353516 0.849609
vt 0.302734 0.848633
vt 0.330078 0.845703
vt 0.294922 0.850586
vt 0.294922 0.841797
vt 0.302734 0.848633
vt 0.289063 0.842773
vt 0.263672 0.853516
vt 0.261719 0.84375
vt 0.275391 0.879883
vt 0.285156 0.902344
vt 0.289063 0.90918
vt 0.310547 0.842773
vt 0.347656 0.895508
vt 0.324219 0.875977
vt 0.294922 0.850586
vt 0.289063 0.842773
vt 0.294922 0.841797
vt 0.986328 0.505859
vt 0.986328 0.505859
vt 0.986328 0.505859
vt 0.986328 0.505859
vt 0.986328 0.505859
vt 0.986328 0.505859
vt 0.986328 0.505859
vt 0.986328 0.505859
vt 0.986328 0.505859
vt 0.986328 0.505859
vt 0.986328 0.505859
vt 0.986328 0.505859
vt 0.986328 0.505859
vt 0.986328 0.505859
vt 0.986328 0.505859
vt 0.986328 0.505859
vt 0.986328 0.505859
vt 0.986328 0.505859
vt 0.986328 0.505859
vt 0.986328 0.505859
vt 0.986328 0.505859
vt 0.986328 0.505859
vt 0.986328 0.505859
vt 0.986328 0.505859
vt 0.986328 0.505859
vt 0.986328 0.505859
vt 0.986328 0.505859
vt 0.986328 0.505859
vt 0.986328 0.505859
vt 0.986328 0.505859
vt 0.533203 0.900391
vt 0.533203 0.90332
vt 0.488281 0.897461
vt 0.488281 0.900391
vt 0.533203 0.900391
vt 0.492188 0.876953
vt 0.533203 0.876953
vt 0.488281 0.897461
vt 0.457031 0.893555
vt 0.457031 0.897461
vt 0.464844 0.876953
vt 0.457031 0.893555
vt 0.472656 0.876953
vt 0.986328 0.505859
vt 0.986328 0.505859
vt 0.986328 0.505859
vt 0.501953 0.839844
vt 0.486328 0.831055
vt 0.505859 0.829102
vt 0.480469 0.839844
vt 0.539063 0.839844
vt 0.544922 0.875977
vt 0.533203 0.876953
vt 0.541016 0.829102
vt 0.480469 0.826172
vt 0.541016 0.829102
vt 0.505859 0.829102
vt 0.480469 0.826172
vt 0.480469 0.799805
vt 0.482422 0.760742
vt 0.480469 0.839844
vt 0.486328 0.831055
vt 0.417969 0.839844
vt 0.412109 0.839844
vt 0.414063 0.827148
vt 0.435547 0.826172
vt 0.435547 0.797852
vt 0.4375 0.759766
vt 0.412109 0.795898
vt 0.416016 0.758789
vt 0.984375 0.617188
vt 0.982422 0.647461
vt 0.943359 0.613281
vt 0.898438 0.607422
vt 0.982422 0.579102
vt 0.943359 0.574219
vt 0.867188 0.62793
vt 0.898438 0.607422
vt 0.871094 0.633789
vt 0.888672 0.606445
vt 0.910156 0.570313
vt 0.902344 0.569336
vt 0.482422 0.760742
vt 0.474609 0.751953
vt 0.4375 0.759766
vt 0.443359 0.751953
vt 0.416016 0.758789
vt 0.416016 0.748047
vt 0.904297 0.541016
vt 0.943359 0.551758
vt 0.90625 0.543945
vt 0.982422 0.555664
vt 0.980469 0.557617
vt 0.904297 0.554688
vt 0.943359 0.551758
vt 0.943359 0.5625
vt 0.90625 0.543945
vt 0.904297 0.554688
vt 0.910156 0.570313
vt 0.902344 0.569336
vt 0.943359 0.5625
vt 0.943359 0.574219
vt 0.980469 0.557617
vt 0.982422 0.568359
vt 0.982422 0.568359
vt 0.982422 0.579102
vt 0.435547 0.740234
vt 0.416016 0.748047
vt 0.419922 0.737305
vt 0.443359 0.751953
vt 0.419922 0.737305
vt 0.431641 0.733398
vt 0.435547 0.740234
vt 0.474609 0.751953
vt 0.486328 0.741211
vt 0.910156 0.570313
vt 0.439453 0.838867
vt 0.480469 0.839844
vt 0.986328 0.505859
vt 0.986328 0.505859
vt 0.986328 0.505859
vt 0.986328 0.505859
vt 0.986328 0.505859
vt 0.986328 0.505859
vt 0.986328 0.505859
vt 0.986328 0.505859
vt 0.986328 0.505859
vt 0.986328 0.505859
vt 0.986328 0.505859
vt 0.986328 0.505859
vt 0.986328 0.505859
vt 0.986328 0.505859
vt 0.986328 0.505859
vt 0.986328 0.505859
vt 0.986328 0.505859
vt 0.986328 0.505859
vt 0.986328 0.505859
vt 0.986328 0.505859
vt 0.986328 0.505859
vt 0.986328 0.505859
vt 0.986328 0.505859
vt 0.986328 0.505859
vt 0.986328 0.505859
vt 0.986328 0.505859
vt 0.986328 0.505859
vt 0.986328 0.505859
vt 0.986328 0.505859
vt 0.986328 0.505859
vt 0.986328 0.505859
vt 0.986328 0.505859
vt 0.986328 0.505859
vt 0.986328 0.505859
vt 0.986328 0.505859
vt 0.544922 0.875977
vt 0.539063 0.839844
vt 0.548828 0.845703
vt 0.533203 0.876953
vt 0.539063 0.839844
vt 0.548828 0.845703
vt 0.548828 0.845703
vt 0.544922 0.875977
vt 0.363281 0.820313
vt 0.384766 0.817383
vt 0.382813 0.823242
vt 0.294922 0.841797
vt 0.986328 0.505859
vt 0.986328 0.505859
vt 0.851563 0.658203
vt 0.871094 0.633789
vt 0.846884 0.643563
vt 0.824219 0.645508
vt 0.794922 0.654297
vt 0.775391 0.632813
vt 0.799936 0.642243
vt 0.871094 0.633789
vt 0.867188 0.62793
vt 0.824219 0.638672
vt 0.824219 0.645508
vt 0.845258 0.635783
vt 0.777344 0.626953
vt 0.775391 0.632813
vt 0.801118 0.635023
vt 0.0175781 0.0234375
vt 0.0175781 0.0234375
vt 0.0175782 0.0234348
vt 0.0175781 0.0234375
vt 0.0175781 0.0234375
vt 0.0175781 0.0234395
vt 0.0175781 0.0234375
vt 0.871094 0.633789
vt 0.851563 0.658203
vt 0.846884 0.643563
vt 0.824219 0.645508
vt 0.794922 0.654297
vt 0.775391 0.632813
vt 0.799936 0.642243
vt 0.867188 0.62793
vt 0.871094 0.633789
vt 0.824219 0.638672
vt 0.824219 0.645508
vt 0.845258 0.635783
vt 0.777344 0.626953
vt 0.775391 0.632813
vt 0.801118 0.635023
vt 0.0175781 0.0234375
vt 0.0175781 0.0234375
vt 0.0175782 0.0234348
vt 0.0175781 0.0234375
vt 0.0175781 0.0234375
vt 0.0175781 0.0234395
vt 0.0175781 0.0234375
vt 0.978955 0.010266
vt 0.963553 0.0214212
vt 0.969436 0.0133492
vt 0.994358 0.0214212
vt 0.988475 0.0133492
vt 0.988475 0.0394704
vt 0.994358 0.0313985
vt 0.969436 0.0394704
vt 0.978955 0.0425537
vt 0.963553 0.0313985
vt 0.978955 0.0102662
vt 0.963553 0.0214212
vt 0.969436 0.0133495
vt 0.994358 0.0214212
vt 0.988475 0.0133495
vt 0.988475 0.0394704
vt 0.994358 0.0313985
vt 0.969436 0.0394704
vt 0.978955 0.0425537
vt 0.963553 0.0313985


usemtl CARSKIN

g car02

f 1/1/1 2/2/2 3/3/3
f 2/2/2 1/1/1 4/4/4
f 5/5/5 4/4/4 1/1/1
f 4/4/4 5/5/5 6/6/6
f 5/5/5 7/7/7 8/8/8
f 7/7/7 5/5/5 1/1/1
f 3/3/3 7/7/7 1/1/1
f 7/7/7 3/3/3 9/9/9
f 10/10/10 2/2/2 11/11/11
f 2/2/2 10/10/10 3/3/3
f 12/12/12 11/11/11 13/13/13
f 11/11/11 12/12/12 10/10/10
f 12/12/12 14/14/14 10/10/10
f 14/14/14 12/12/12 15/15/15
f 3/3/3 14/14/14 9/9/9
f 14/14/14 3/3/3 10/10/10
f 16/16/16 17/17/17 18/18/18
f 17/17/17 16/16/16 19/19/19
f 20/20/20 16/16/16 21/21/21
f 22/22/22 16/16/16 18/18/18
f 16/16/16 22/22/22 23/23/23
f 16/16/16 24/24/24 21/21/21
f 24/24/24 23/23/23 25/25/25
f 23/23/23 24/24/24 16/16/16
f 16/16/16 20/20/20 19/19/19
f 26/26/26 27/27/27 28/28/28
f 27/27/27 26/26/26 29/29/29
f 30/30/30 29/29/29 31/31/31
f 29/29/29 30/30/30 27/27/27
f 29/29/29 32/32/32 33/33/33
f 32/32/32 29/29/29 26/26/26
f 29/29/29 34/34/34 31/31/31
f 33/33/33 34/34/34 29/29/29
f 35/35/35 34/34/34 33/33/33
f 26/26/26 36/36/36 37/37/37
f 36/36/36 26/26/26 28/28/28
f 38/38/38 37/37/37 36/36/36
f 37/37/37 38/38/38 39/39/39
f 37/37/37 32/32/32 26/26/26
f 32/32/32 37/37/37 40/40/40
f 40/40/40 41/41/41 42/42/42
f 37/37/37 41/41/41 40/40/40
f 39/39/39 41/41/41 37/37/37
f 43/43/43 44/44/44 45/45/45
f 44/44/44 43/43/43 46/46/46
f 47/47/47 43/43/43 48/48/48
f 49/49/49 43/43/43 50/50/50
f 43/43/43 49/49/49 46/46/46
f 47/47/47 51/51/51 43/43/43
f 51/51/51 50/50/50 43/43/43
f 50/50/50 51/51/51 52/52/52
f 45/45/45 48/48/48 43/43/43
f 53/53/53 54/54/54 55/55/55
f 56/56/56 54/54/54 53/53/53
f 57/57/57 54/54/54 56/56/56
f 58/58/58 55/55/55 54/54/54
f 55/55/55 58/58/58 59/59/59
f 60/60/60 58/58/58 61/61/61
f 58/58/58 60/60/60 59/59/59
f 62/62/62 63/63/63 64/64/64
f 65/65/65 63/63/63 62/62/62
f 66/66/66 63/63/63 65/65/65
f 67/67/67 66/66/66 68/68/68
f 66/66/66 67/67/67 63/63/63
f 69/69/69 67/67/67 68/68/68
f 67/67/67 69/69/69 70/70/70
f 71/71/71 72/72/72 73/73/73
f 72/72/72 71/71/71 74/74/74
f 75/75/75 74/74/74 71/71/71
f 74/74/74 75/75/75 76/76/76
f 77/77/77 78/78/78 79/79/79
f 78/78/78 77/77/77 80/80/80
f 81/81/81 82/82/82 83/83/83
f 82/82/82 81/81/81 84/84/84
f 82/82/82 80/80/80 77/77/77
f 80/80/80 82/82/82 84/84/84
f 85/85/85 75/75/75 81/81/81
f 75/75/75 85/85/85 76/76/76
f 85/85/85 81/81/81 83/83/83
f 86/86/86 72/72/72 87/87/87
f 72/72/72 86/86/86 73/73/73
f 88/88/88 87/87/87 89/89/89
f 87/87/87 88/88/88 86/86/86
f 90/90/90 78/78/78 91/91/91
f 78/78/78 90/90/90 79/79/79
f 92/92/92 93/93/93 94/94/94
f 93/93/93 92/92/92 95/95/95
f 93/93/93 91/91/91 94/94/94
f 91/91/91 93/93/93 90/90/90
f 96/96/96 88/88/88 89/89/89
f 88/88/88 96/96/96 92/92/92
f 95/95/95 92/92/92 96/96/96
f 97/97/97 98/98/98 99/99/99
f 98/98/98 97/97/97 100/100/100
f 101/101/101 99/99/99 102/102/102
f 99/99/99 101/101/101 97/97/97
f 103/103/103 101/101/101 102/102/102
f 101/101/101 103/103/103 104/104/104
f 105/105/105 104/104/104 103/103/103
f 104/104/104 105/105/105 106/106/106
f 107/107/107 108/108/108 109/109/109
f 108/108/108 107/107/107 110/110/110
f 111/111/111 109/109/109 112/112/112
f 109/109/109 111/111/111 107/107/107
f 106/106/106 111/111/111 112/112/112
f 111/111/111 106/106/106 105/105/105
f 113/113/113 98/98/98 100/100/100
f 98/98/98 113/113/113 114/114/114
f 115/115/115 114/114/114 113/113/113
f 114/114/114 115/115/115 116/116/116
f 117/117/117 115/115/115 118/118/118
f 115/115/115 117/117/117 116/116/116
f 119/119/119 118/118/118 120/120/120
f 118/118/118 119/119/119 117/117/117
f 121/121/121 108/108/108 110/110/110
f 108/108/108 121/121/121 122/122/122
f 123/123/123 122/122/122 121/121/121
f 122/122/122 123/123/123 124/124/124
f 120/120/120 123/123/123 119/119/119
f 123/123/123 120/120/120 124/124/124
f 125/125/125 126/126/126 127/127/127
f 126/126/126 125/125/125 128/128/128
f 129/129/129 130/130/130 131/131/131
f 130/130/130 129/129/129 132/132/132
f 127/127/127 133/133/133 131/131/131
f 133/133/133 127/127/127 126/126/126
f 134/134/134 135/135/135 136/136/136
f 135/135/135 134/134/134 137/137/137
f 136/136/136 125/125/125 134/134/134
f 125/125/125 136/136/136 138/138/138
f 128/128/128 125/125/125 138/138/138
f 133/133/133 129/129/129 131/131/131
f 137/137/137 139/139/139 135/135/135
f 139/139/139 137/137/137 140/140/140
f 130/130/130 139/139/139 140/140/140
f 139/139/139 130/130/130 132/132/132
f 141/141/141 142/142/142 143/143/143
f 142/142/142 141/141/141 144/144/144
f 145/145/145 146/146/146 147/147/147
f 146/146/146 145/145/145 148/148/148
f 144/144/144 149/149/149 142/142/142
f 149/149/149 144/144/144 148/148/148
f 150/150/150 151/151/151 152/152/152
f 151/151/151 150/150/150 153/153/153
f 153/153/153 141/141/141 154/154/154
f 141/141/141 153/153/153 150/150/150
f 154/154/154 141/141/141 143/143/143
f 148/148/148 145/145/145 149/149/149
f 152/152/152 155/155/155 156/156/156
f 155/155/155 152/152/152 151/151/151
f 146/146/146 155/155/155 147/147/147
f 155/155/155 146/146/146 156/156/156
f 157/157/157 158/158/158 159/159/159
f 160/160/160 161/161/161 162/162/162
f 161/161/161 160/160/160 163/163/163
f 160/160/160 164/164/164 163/163/163
f 165/165/165 166/166/166 167/167/167
f 166/166/166 165/165/165 168/168/168
f 167/167/167 169/169/169 170/170/170
f 169/169/169 167/167/167 166/166/166
f 171/171/171 172/172/172 173/173/173
f 174/174/174 175/175/175 176/176/176
f 177/177/177 178/178/178 179/179/179
f 180/180/180 181/181/181 182/182/182
f 181/181/181 180/180/180 183/183/183
f 184/184/184 183/183/183 180/180/180
f 183/183/183 184/184/184 185/185/185
f 186/186/186 187/187/187 188/188/188
f 187/187/187 186/186/186 189/189/189
f 189/189/189 190/190/190 187/187/187
f 190/190/190 189/189/189 191/191/191
f 192/192/192 186/186/186 188/188/188
f 186/186/186 192/192/192 193/193/193
f 182/182/182 193/193/193 192/192/192
f 193/193/193 182/182/182 181/181/181
f 194/194/194 195/195/195 196/196/196
f 197/197/197 195/195/195 194/194/194
f 198/198/198 195/195/195 197/197/197
f 199/199/199 198/198/198 197/197/197
f 200/200/200 199/199/199 201/201/201
f 199/199/199 200/200/200 198/198/198
f 201/201/201 202/202/202 200/200/200
f 202/202/202 201/201/201 203/203/203
f 204/204/204 205/205/205 206/206/206
f 207/207/207 205/205/205 204/204/204
f 208/208/208 205/205/205 207/207/207
f 209/209/209 205/205/205 208/208/208
f 210/210/210 205/205/205 209/209/209
f 211/211/211 212/212/212 213/213/213
f 212/212/212 211/211/211 214/214/214
f 215/215/215 216/216/216 217/217/217
f 218/218/218 216/216/216 215/215/215
f 219/219/219 216/216/216 218/218/218
f 220/220/220 216/216/216 219/219/219
f 221/221/221 222/222/222 223/223/223
f 224/224/224 225/225/225 226/226/226
f 225/225/225 224/224/224 227/227/227
f 225/225/225 221/221/221 223/223/223
f 221/221/221 225/225/225 227/227/227
f 228/228/228 226/226/226 225/225/225
f 228/228/228 225/225/225 223/223/223
f 228/228/228 223/223/223 222/222/222
f 229/229/229 230/230/230 231/231/231
f 230/230/230 229/229/229 232/232/232
f 232/232/232 233/233/233 230/230/230
f 233/233/233 232/232/232 234/234/234
f 185/185/185 184/184/184 235/235/235
f 159/159/159 236/236/236 157/157/157
f 236/236/236 159/159/159 237/237/237
f 238/238/238 239/239/239 240/240/240
f 162/162/162 241/241/241 242/242/242
f 241/241/241 162/162/162 161/161/161
f 241/241/241 243/243/243 242/242/242
f 244/244/244 245/245/245 246/246/246
f 245/245/245 244/244/244 247/247/247
f 247/247/247 169/169/169 245/245/245
f 169/169/169 247/247/247 170/170/170
f 248/248/248 249/249/249 250/250/250
f 251/251/251 252/252/252 253/253/253
f 254/254/254 255/255/255 256/256/256
f 257/257/257 258/258/258 259/259/259
f 258/258/258 257/257/257 260/260/260
f 261/261/261 259/259/259 262/262/262
f 259/259/259 261/261/261 257/257/257
f 263/263/263 264/264/264 265/265/265
f 264/264/264 263/263/263 266/266/266
f 265/265/265 267/267/267 268/268/268
f 267/267/267 265/265/265 264/264/264
f 269/269/269 263/263/263 270/270/270
f 263/263/263 269/269/269 266/266/266
f 270/270/270 260/260/260 269/269/269
f 260/260/260 270/270/270 258/258/258
f 271/271/271 272/272/272 273/273/273
f 194/194/194 272/272/272 271/271/271
f 196/196/196 272/272/272 194/194/194
f 273/273/273 274/274/274 271/271/271
f 275/275/275 274/274/274 273/273/273
f 274/274/274 275/275/275 276/276/276
f 277/277/277 278/278/278 279/279/279
f 280/280/280 278/278/278 277/277/277
f 281/281/281 278/278/278 280/280/280
f 282/282/282 278/278/278 281/281/281
f 283/283/283 278/278/278 282/282/282
f 213/213/213 284/284/284 285/285/285
f 284/284/284 213/213/213 212/212/212
f 286/286/286 287/287/287 288/288/288
f 289/289/289 287/287/287 286/286/286
f 290/290/290 287/287/287 289/289/289
f 291/291/291 287/287/287 290/290/290
f 292/292/292 293/293/293 294/294/294
f 295/295/295 296/296/296 297/297/297
f 296/296/296 295/295/295 298/298/298
f 297/297/297 293/293/293 295/295/295
f 293/293/293 297/297/297 294/294/294
f 297/297/297 296/296/296 299/299/299
f 294/294/294 297/297/297 299/299/299
f 292/292/292 294/294/294 299/299/299
f 300/300/300 301/301/301 302/302/302
f 301/301/301 300/300/300 303/303/303
f 302/302/302 304/304/304 305/305/305
f 304/304/304 302/302/302 301/301/301
f 306/306/306 261/261/261 262/262/262
f 307/307/307 238/238/238 240/240/240
f 238/238/238 307/307/307 308/308/308
f 309/309/309 310/310/310 311/311/311
f 310/310/310 309/309/309 312/312/312
f 313/313/313 312/312/312 309/309/309
f 312/312/312 313/313/313 314/314/314
f 315/315/315 314/314/314 313/313/313
f 314/314/314 315/315/315 316/316/316
f 317/317/317 316/316/316 315/315/315
f 316/316/316 317/317/317 318/318/318
f 319/319/319 320/320/320 321/321/321
f 320/320/320 319/319/319 322/322/322
f 323/323/323 321/321/321 324/324/324
f 321/321/321 323/323/323 319/319/319
f 325/325/325 324/324/324 326/326/326
f 324/324/324 325/325/325 323/323/323
f 327/327/327 326/326/326 328/328/328
f 326/326/326 327/327/327 325/325/325
f 329/329/329 330/330/330 331/331/331
f 332/332/332 333/333/333 334/334/334
f 333/333/333 332/332/332 335/335/335
f 336/336/336 335/335/335 332/332/332
f 335/335/335 336/336/336 330/330/330
f 331/331/331 330/330/330 336/336/336
f 337/337/337 338/338/338 339/339/339
f 334/334/334 340/340/340 341/341/341
f 340/340/340 334/334/334 333/333/333
f 341/341/341 338/338/338 342/342/342
f 338/338/338 341/341/341 340/340/340
f 342/342/342 338/338/338 337/337/337
f 343/343/343 276/276/276 275/275/275
f 276/276/276 343/343/343 344/344/344
f 345/345/345 346/346/346 347/347/347
f 348/348/348 349/349/349 350/350/350
f 351/351/351 352/352/352 353/353/353
f 352/352/352 354/354/354 353/353/353
f 355/355/355 356/356/356 357/357/357
f 355/355/355 357/357/357 358/358/358
f 355/355/355 358/358/358 359/359/359
f 355/355/355 359/359/359 360/360/360
f 355/355/355 361/361/361 356/356/356
f 352/352/352 362/362/362 363/363/363
f 364/364/364 352/352/352 363/363/363
f 362/362/362 352/352/352 351/351/351
f 354/354/354 352/352/352 364/364/364
f 365/365/365 361/361/361 355/355/355
f 360/360/360 365/365/365 355/355/355
f 366/366/366 367/367/367 368/368/368
f 366/366/366 369/369/369 367/367/367
f 370/370/370 371/371/371 372/372/372
f 373/373/373 370/370/370 372/372/372
f 374/374/374 373/373/373 372/372/372
f 375/375/375 374/374/374 372/372/372
f 371/371/371 376/376/376 372/372/372
f 377/377/377 378/378/378 367/367/367
f 377/377/377 367/367/367 379/379/379
f 368/368/368 367/367/367 378/378/378
f 379/379/379 367/367/367 369/369/369
f 372/372/372 376/376/376 380/380/380
f 372/372/372 380/380/380 375/375/375
f 381/381/381 382/382/382 383/383/383
f 384/384/384 382/382/382 381/381/381
f 385/385/385 382/382/382 384/384/384
f 386/386/386 384/384/384 381/381/381
f 384/384/384 386/386/386 387/387/387
f 388/388/388 386/386/386 381/381/381
f 389/389/389 381/381/381 383/383/383
f 390/390/390 381/381/381 389/389/389
f 388/388/388 381/381/381 390/390/390
f 391/391/391 392/392/392 393/393/393
f 394/394/394 395/395/395 396/396/396
f 397/397/397 398/398/398 347/347/347
f 399/399/399 400/400/400 401/401/401
f 402/402/402 403/403/403 404/404/404
f 405/405/405 406/406/406 407/407/407
f 408/408/408 409/409/409 410/410/410
f 411/411/411 412/412/412 413/413/413
f 414/414/414 415/415/415 416/416/416
f 417/417/417 418/418/418 419/419/419
f 420/420/420 421/421/421 422/422/422
f 423/423/423 421/421/421 420/420/420
f 424/424/424 421/421/421 423/423/423
f 425/425/425 420/420/420 426/426/426
f 420/420/420 425/425/425 423/423/423
f 423/423/423 425/425/425 427/427/427
f 428/428/428 423/423/423 427/427/427
f 429/429/429 423/423/423 428/428/428
f 424/424/424 423/423/423 429/429/429
f 430/430/430 431/431/431 432/432/432
f 433/433/433 434/434/434 435/435/435
f 436/436/436 437/437/437 438/438/438
f 439/439/439 440/440/440 441/441/441
f 442/442/442 443/443/443 444/444/444
f 445/445/445 446/446/446 447/447/447
f 448/448/448 449/449/449 450/450/450
f 451/451/451 452/452/452 453/453/453
f 454/454/454 455/455/455 456/456/456
f 457/457/457 458/458/458 459/459/459
f 460/460/460 461/461/461 462/462/462
f 463/463/463 461/461/461 464/464/464
f 461/461/461 463/463/463 462/462/462
f 463/463/463 464/464/464 465/465/465
f 466/466/466 467/467/467 468/468/468
f 469/469/469 467/467/467 466/466/466
f 470/470/470 467/467/467 469/469/469
f 471/471/471 472/472/472 473/473/473
f 474/474/474 472/472/472 471/471/471
f 475/475/475 472/472/472 474/474/474
f 476/476/476 477/477/477 478/478/478
f 471/471/471 477/477/477 476/476/476
f 473/473/473 477/477/477 471/471/471
f 479/479/479 480/480/480 481/481/481
f 476/476/476 480/480/480 479/479/479
f 478/478/478 480/480/480 476/476/476
f 482/482/482 483/483/483 484/484/484
f 485/485/485 483/483/483 482/482/482
f 486/486/486 483/483/483 485/485/485
f 474/474/474 487/487/487 475/475/475
f 488/488/488 487/487/487 474/474/474
f 489/489/489 487/487/487 488/488/488
f 490/490/490 491/491/491 492/492/492
f 491/491/491 490/490/490 493/493/493
f 493/493/493 494/494/494 491/491/491
f 494/494/494 493/493/493 495/495/495
f 496/496/496 497/497/497 498/498/498
f 497/497/497 496/496/496 499/499/499
f 499/499/499 492/492/492 497/497/497
f 492/492/492 499/499/499 490/490/490
f 500/500/500 501/501/501 502/502/502
f 501/501/501 500/500/500 503/503/503
f 503/503/503 498/498/498 501/501/501
f 498/498/498 503/503/503 496/496/496
f 504/504/504 505/505/505 506/506/506
f 505/505/505 504/504/504 507/507/507
f 507/507/507 502/502/502 505/505/505
f 502/502/502 507/507/507 500/500/500
f 495/495/495 508/508/508 494/494/494
f 508/508/508 495/495/495 509/509/509
f 509/509/509 506/506/506 508/508/508
f 506/506/506 509/509/509 504/504/504
f 510/510/510 511/511/511 512/512/512
f 513/513/513 511/511/511 514/514/514
f 511/511/511 513/513/513 512/512/512
f 513/513/513 514/514/514 515/515/515
f 516/516/516 517/517/517 518/518/518
f 519/519/519 517/517/517 516/516/516
f 520/520/520 517/517/517 519/519/519
f 521/521/521 522/522/522 523/523/523
f 524/524/524 522/522/522 521/521/521
f 525/525/525 522/522/522 524/524/524
f 526/526/526 527/527/527 528/528/528
f 521/521/521 527/527/527 526/526/526
f 523/523/523 527/527/527 521/521/521
f 529/529/529 530/530/530 531/531/531
f 526/526/526 530/530/530 529/529/529
f 528/528/528 530/530/530 526/526/526
f 532/532/532 533/533/533 534/534/534
f 535/535/535 533/533/533 532/532/532
f 536/536/536 533/533/533 535/535/535
f 524/524/524 537/537/537 525/525/525
f 538/538/538 537/537/537 524/524/524
f 539/539/539 537/537/537 538/538/538
f 540/540/540 541/541/541 542/542/542
f 541/541/541 540/540/540 543/543/543
f 543/543/543 544/544/544 541/541/541
f 544/544/544 543/543/543 545/545/545
f 546/546/546 547/547/547 548/548/548
f 547/547/547 546/546/546 549/549/549
f 549/549/549 542/542/542 547/547/547
f 542/542/542 549/549/549 540/540/540
f 550/550/550 551/551/551 552/552/552
f 551/551/551 550/550/550 553/553/553
f 553/553/553 548/548/548 551/551/551
f 548/548/548 553/553/553 546/546/546
f 554/554/554 555/555/555 556/556/556
f 555/555/555 554/554/554 557/557/557
f 557/557/557 552/552/552 555/555/555
f 552/552/552 557/557/557 550/550/550
f 545/545/545 558/558/558 544/544/544
f 558/558/558 545/545/545 559/559/559
f 559/559/559 556/556/556 558/558/558
f 556/556/556 559/559/559 554/554/554
f 560/560/560 561/561/561 562/562/562
f 563/563/563 561/561/561 560/560/560
f 564/564/564 561/561/561 563/563/563
f 565/565/565 566/566/566 567/567/567
f 560/560/560 566/566/566 565/565/565
f 562/562/562 566/566/566 560/560/560
f 565/565/565 568/568/568 569/569/569
f 568/568/568 565/565/565 567/567/567
f 570/570/570 571/571/571 572/572/572
f 573/573/573 571/571/571 570/570/570
f 564/564/564 571/571/571 573/573/573
f 563/563/563 571/571/571 564/564/564
f 571/571/571 569/569/569 574/574/574
f 563/563/563 569/569/569 571/571/571
f 565/565/565 563/563/563 560/560/560
f 565/565/565 569/569/569 563/563/563
f 575/575/575 576/576/576 577/577/577
f 578/578/578 576/576/576 575/575/575
f 579/579/579 578/578/578 580/580/580
f 579/579/579 576/576/576 578/578/578
f 581/581/581 582/582/582 583/583/583
f 584/584/584 582/582/582 581/581/581
f 585/585/585 582/582/582 584/584/584
f 586/586/586 582/582/582 585/585/585
f 587/587/587 582/582/582 586/586/586
f 580/580/580 588/588/588 579/579/579
f 588/588/588 580/580/580 589/589/589
f 583/583/583 590/590/590 591/591/591
f 590/590/590 583/583/583 582/582/582
f 579/579/579 587/587/587 576/576/576
f 582/582/582 588/588/588 590/590/590
f 582/582/582 579/579/579 588/588/588
f 582/582/582 587/587/587 579/579/579
f 592/592/592 569/569/569 568/568/568
f 593/593/593 569/569/569 592/592/592
f 574/574/574 594/594/594 595/595/595
f 574/574/574 593/593/593 594/594/594
f 574/574/574 569/569/569 593/593/593
f 596/596/596 597/597/597 598/598/598
f 599/599/599 597/597/597 596/596/596
f 600/600/600 597/597/597 599/599/599
f 599/599/599 601/601/601 600/600/600
f 602/602/602 601/601/601 599/599/599
f 603/603/603 601/601/601 602/602/602
f 602/602/602 604/604/604 603/603/603
f 604/604/604 602/602/602 605/605/605
f 598/598/598 606/606/606 596/596/596
f 607/607/607 606/606/606 598/598/598
f 608/608/608 606/606/606 607/607/607
f 609/609/609 606/606/606 608/608/608
f 605/605/605 606/606/606 610/610/610
f 596/596/596 602/602/602 599/599/599
f 596/596/596 605/605/605 602/602/602
f 596/596/596 606/606/606 605/605/605
f 611/611/611 612/612/612 613/613/613
f 614/614/614 615/615/615 616/616/616
f 614/614/614 611/611/611 615/615/615
f 614/614/614 612/612/612 611/611/611
f 617/617/617 618/618/618 619/619/619
f 620/620/620 618/618/618 617/617/617
f 621/621/621 618/618/618 620/620/620
f 622/622/622 618/618/618 621/621/621
f 623/623/623 618/618/618 622/622/622
f 616/616/616 624/624/624 625/625/625
f 624/624/624 616/616/616 615/615/615
f 623/623/623 626/626/626 618/618/618
f 626/626/626 623/623/623 627/627/627
f 619/619/619 615/615/615 611/611/611
f 618/618/618 615/615/615 619/619/619
f 624/624/624 618/618/618 626/626/626
f 624/624/624 615/615/615 618/618/618
f 605/605/605 628/628/628 604/604/604
f 629/629/629 610/610/610 630/630/630
f 631/631/631 610/610/610 629/629/629
f 631/631/631 605/605/605 610/610/610
f 631/631/631 628/628/628 605/605/605
f 632/632/632 633/633/633 634/634/634
f 632/632/632 635/635/635 633/633/633
f 636/636/636 635/635/635 632/632/632
f 637/637/637 638/638/638 639/639/639
f 638/638/638 637/637/637 640/640/640
f 634/634/634 640/640/640 632/632/632
f 640/640/640 634/634/634 638/638/638
f 641/641/641 642/642/642 643/643/643
f 644/644/644 645/645/645 646/646/646
f 645/645/645 644/644/644 647/647/647
f 648/648/648 632/632/632 637/637/637
f 649/649/649 632/632/632 648/648/648
f 636/636/636 632/632/632 649/649/649
f 650/650/650 651/651/651 652/652/652
f 651/651/651 650/650/650 653/653/653
f 654/654/654 655/655/655 656/656/656
f 655/655/655 654/654/654 657/657/657
f 658/658/658 659/659/659 660/660/660
f 659/659/659 658/658/658 661/661/661
f 662/662/662 663/663/663 664/664/664
f 663/663/663 662/662/662 665/665/665
f 666/666/666 667/667/667 668/668/668
f 667/667/667 666/666/666 669/669/669
f 670/670/670 671/671/671 672/672/672
f 671/671/671 670/670/670 673/673/673
f 674/674/674 675/675/675 676/676/676
f 675/675/675 674/674/674 677/677/677
f 678/678/678 679/679/679 680/680/680
f 679/679/679 678/678/678 681/681/681
f 682/682/682 683/683/683 684/684/684
f 683/683/683 682/682/682 685/685/685
f 686/686/686 687/687/687 688/688/688
f 687/687/687 686/686/686 689/689/689
f 649/649/649 690/690/690 691/691/691
f 690/690/690 649/649/649 648/648/648
f 692/692/692 693/693/693 694/694/694
f 695/695/695 696/696/696 697/697/697
f 696/696/696 695/695/695 698/698/698
f 699/699/699 698/698/698 695/695/695
f 698/698/698 699/699/699 700/700/700
f 701/701/701 702/702/702 703/703/703
f 702/702/702 701/701/701 704/704/704
f 705/705/705 703/703/703 706/706/706
f 703/703/703 705/705/705 707/707/707
f 708/708/708 709/709/709 702/702/702
f 709/709/709 708/708/708 710/710/710
f 711/711/711 710/710/710 712/712/712
f 711/711/711 709/709/709 710/710/710
f 711/711/711 713/713/713 709/709/709
f 714/714/714 715/715/715 716/716/716
f 715/715/715 714/714/714 717/717/717
f 718/718/718 717/717/717 719/719/719
f 717/717/717 718/718/718 715/715/715
f 720/720/720 719/719/719 721/721/721
f 722/722/722 719/719/719 720/720/720
f 718/718/718 719/719/719 722/722/722
f 721/721/721 723/723/723 720/720/720
f 723/723/723 721/721/721 724/724/724
f 725/725/725 726/726/726 727/727/727
f 728/728/728 729/729/729 730/730/730
f 731/731/731 729/729/729 732/732/732
f 729/729/729 731/731/731 730/730/730
f 733/733/733 734/734/734 735/735/735
f 734/734/734 733/733/733 736/736/736
f 736/736/736 737/737/737 734/734/734
f 737/737/737 736/736/736 738/738/738
f 700/700/700 699/699/699 739/739/739
f 740/740/740 694/694/694 741/741/741
f 694/694/694 740/740/740 692/692/692
f 723/723/723 725/725/725 727/727/727
f 725/725/725 723/723/723 724/724/724
f 742/742/742 732/732/732 743/743/743
f 732/732/732 742/742/742 731/731/731
f 744/744/744 745/745/745 746/746/746
f 745/745/745 744/744/744 747/747/747
f 748/748/748 749/749/749 750/750/750
f 751/751/751 752/752/752 753/753/753
f 754/754/754 755/755/755 756/756/756
f 755/755/755 754/754/754 757/757/757
f 758/758/758 759/759/759 760/760/760
f 759/759/759 758/758/758 761/761/761
f 762/762/762 763/763/763 764/764/764
f 763/763/763 762/762/762 765/765/765
f 766/766/766 764/764/764 767/767/767
f 764/764/764 766/766/766 762/762/762
f 768/768/768 769/769/769 770/770/770
f 769/769/769 768/768/768 771/771/771
f 772/772/772 771/771/771 773/773/773
f 771/771/771 772/772/772 774/774/774
f 775/775/775 776/776/776 777/777/777
f 776/776/776 775/775/775 769/769/769
f 777/777/777 778/778/778 779/779/779
f 776/776/776 778/778/778 777/777/777
f 776/776/776 780/780/780 778/778/778
f 781/781/781 782/782/782 783/783/783
f 782/782/782 781/781/781 784/784/784
f 785/785/785 783/783/783 782/782/782
f 783/783/783 785/785/785 786/786/786
f 787/787/787 786/786/786 785/785/785
f 788/788/788 786/786/786 787/787/787
f 789/789/789 786/786/786 788/788/788
f 789/789/789 790/790/790 791/791/791
f 790/790/790 789/789/789 788/788/788
f 792/792/792 793/793/793 794/794/794
f 793/793/793 792/792/792 795/795/795
f 794/794/794 796/796/796 797/797/797
f 796/796/796 794/794/794 793/793/793
f 798/798/798 799/799/799 800/800/800
f 799/799/799 798/798/798 801/801/801
f 790/790/790 802/802/802 791/791/791
f 802/802/802 790/790/790 803/803/803
f 804/804/804 805/805/805 806/806/806
f 807/807/807 808/808/808 809/809/809
f 810/810/810 811/811/811 812/812/812
f 813/813/813 814/814/814 815/815/815
f 816/816/816 817/817/817 818/818/818
f 817/817/817 816/816/816 819/819/819
f 820/820/820 821/821/821 822/822/822
f 821/821/821 820/820/820 823/823/823
f 824/824/824 825/825/825 826/826/826
f 825/825/825 824/824/824 827/827/827
f 828/828/828 829/829/829 830/830/830
f 831/831/831 832/832/832 833/833/833
f 834/834/834 835/835/835 836/836/836
f 835/835/835 834/834/834 837/837/837
f 836/836/836 838/838/838 839/839/839
f 838/838/838 836/836/836 835/835/835
f 840/840/840 841/841/841 842/842/842
f 843/843/843 844/844/844 845/845/845
f 846/846/846 847/847/847 848/848/848
f 849/849/849 850/850/850 851/851/851
f 852/852/852 853/853/853 854/854/854
f 855/855/855 853/853/853 852/852/852
f 856/856/856 853/853/853 855/855/855
f 857/857/857 858/858/858 859/859/859
f 860/860/860 861/861/861 862/862/862
f 860/860/860 857/857/857 861/861/861
f 860/860/860 858/858/858 857/857/857
f 854/854/854 863/863/863 852/852/852
f 864/864/864 865/865/865 866/866/866
f 867/867/867 865/865/865 864/864/864
f 868/868/868 865/865/865 867/867/867
f 869/869/869 867/867/867 870/870/870
f 861/861/861 855/855/855 852/852/852
f 855/855/855 861/861/861 871/871/871
f 872/872/872 873/873/873 874/874/874
f 875/875/875 873/873/873 872/872/872
f 871/871/871 875/875/875 876/876/876
f 871/871/871 873/873/873 875/875/875
f 855/855/855 877/877/877 856/856/856
f 878/878/878 864/864/864 879/879/879
f 867/867/867 873/873/873 880/880/880
f 873/873/873 867/867/867 864/864/864
f 861/861/861 873/873/873 871/871/871
f 873/873/873 861/861/861 880/880/880
f 881/881/881 882/882/882 883/883/883
f 884/884/884 882/882/882 881/881/881
f 885/885/885 882/882/882 884/884/884
f 881/881/881 886/886/886 884/884/884
f 886/886/886 881/881/881 887/887/887
f 885/885/885 888/888/888 882/882/882
f 888/888/888 885/885/885 889/889/889
f 890/890/890 891/891/891 892/892/892
f 891/891/891 890/890/890 893/893/893
f 894/894/894 895/895/895 896/896/896
f 897/897/897 895/895/895 894/894/894
f 898/898/898 895/895/895 897/897/897
f 899/899/899 900/900/900 901/901/901
f 900/900/900 899/899/899 902/902/902
f 896/896/896 902/902/902 894/894/894
f 903/903/903 902/902/902 896/896/896
f 900/900/900 902/902/902 903/903/903
f 904/904/904 898/898/898 905/905/905
f 898/898/898 904/904/904 906/906/906
f 907/907/907 900/900/900 903/903/903
f 903/903/903 908/908/908 907/907/907
f 908/908/908 903/903/903 909/909/909
f 903/903/903 896/896/896 909/909/909
f 907/907/907 901/901/901 900/900/900
f 901/901/901 907/907/907 910/910/910
f 911/911/911 910/910/910 907/907/907
f 910/910/910 911/911/911 886/886/886
f 889/889/889 907/907/907 908/908/908
f 907/907/907 889/889/889 911/911/911
f 893/893/893 912/912/912 913/913/913
f 912/912/912 893/893/893 890/890/890
f 914/914/914 913/913/913 912/912/912
f 913/913/913 914/914/914 915/915/915
f 916/916/916 906/906/906 917/917/917
f 906/906/906 916/916/916 898/898/898
f 918/918/918 919/919/919 920/920/920
f 919/919/919 918/918/918 921/921/921
f 895/895/895 898/898/898 916/916/916
f 895/895/895 909/909/909 896/896/896
f 909/909/909 895/895/895 916/916/916
f 920/920/920 915/915/915 914/914/914
f 915/915/915 920/920/920 919/919/919
f 911/911/911 889/889/889 885/885/885
f 884/884/884 886/886/886 911/911/911
f 911/911/911 885/885/885 884/884/884
f 887/887/887 922/922/922 886/886/886
f 922/922/922 887/887/887 923/923/923
f 924/924/924 910/910/910 922/922/922
f 910/910/910 924/924/924 901/901/901
f 910/910/910 886/886/886 922/922/922
f 925/925/925 926/926/926 927/927/927
f 928/928/928 929/929/929 930/930/930
f 931/931/931 932/932/932 933/933/933
f 932/932/932 931/931/931 934/934/934
f 935/935/935 936/936/936 937/937/937
f 937/937/937 938/938/938 939/939/939
f 938/938/938 937/937/937 936/936/936
f 940/940/940 941/941/941 942/942/942
f 941/941/941 940/940/940 943/943/943
f 943/943/943 944/944/944 945/945/945
f 944/944/944 943/943/943 940/940/940
f 946/946/946 947/947/947 948/948/948
f 949/949/949 950/950/950 951/951/951
f 952/952/952 933/933/933 953/953/953
f 933/933/933 952/952/952 931/931/931
f 954/954/954 955/955/955 952/952/952
f 955/955/955 954/954/954 956/956/956
f 955/955/955 957/957/957 958/958/958
f 957/957/957 955/955/955 956/956/956
f 959/959/959 958/958/958 936/936/936
f 958/958/958 959/959/959 955/955/955
f 960/960/960 961/961/961 962/962/962
f 961/961/961 960/960/960 963/963/963
f 964/964/964 963/963/963 953/953/953
f 963/963/963 964/964/964 961/961/961
f 954/954/954 952/952/952 953/953/953
f 957/957/957 965/965/965 958/958/958
f 954/954/954 960/960/960 956/956/956
f 960/960/960 954/954/954 963/963/963
f 956/956/956 966/966/966 957/957/957
f 966/966/966 956/956/956 960/960/960
f 953/953/953 963/963/963 954/954/954
f 966/966/966 965/965/965 957/957/957
f 967/967/967 965/965/965 966/966/966
f 968/968/968 967/967/967 969/969/969
f 968/968/968 965/965/965 967/967/967
f 970/970/970 965/965/965 968/968/968
f 971/971/971 968/968/968 969/969/969
f 972/972/972 968/968/968 971/971/971
f 973/973/973 968/968/968 972/972/972
f 974/974/974 975/975/975 976/976/976
f 975/975/975 974/974/974 977/977/977
f 965/965/965 936/936/936 958/958/958
f 936/936/936 965/965/965 938/938/938
f 978/978/978 979/979/979 980/980/980
f 979/979/979 978/978/978 981/981/981
f 982/982/982 936/936/936 935/935/935
f 936/936/936 982/982/982 959/959/959
f 902/902/902 899/899/899 983/983/983
f 984/984/984 983/983/983 899/899/899
f 985/985/985 901/901/901 924/924/924
f 984/984/984 901/901/901 985/985/985
f 899/899/899 901/901/901 984/984/984
f 926/926/926 947/947/947 927/927/927
f 947/947/947 926/926/926 948/948/948
f 965/965/965 897/897/897 894/894/894
f 897/897/897 965/965/965 970/970/970
f 904/904/904 973/973/973 986/986/986
f 973/973/973 904/904/904 905/905/905
f 987/987/987 986/986/986 988/988/988
f 986/986/986 987/987/987 904/904/904
f 929/929/929 950/950/950 930/930/930
f 950/950/950 929/929/929 951/951/951
f 983/983/983 989/989/989 902/902/902
f 990/990/990 983/983/983 991/991/991
f 983/983/983 990/990/990 989/989/989
f 992/992/992 993/993/993 994/994/994
f 993/993/993 992/992/992 995/995/995
f 996/996/996 997/997/997 998/998/998
f 997/997/997 996/996/996 999/999/999
f 992/992/992 1000/1000/1000 1001/1001/1001
f 1000/1000/1000 992/992/992 994/994/994
f 996/996/996 1002/1002/1002 1003/1003/1003
f 1002/1002/1002 996/996/996 998/998/998
f 1001/1001/1001 1000/1000/1000 1004/1004/1004
f 1005/1005/1005 1002/1002/1002 1006/1006/1006
f 1002/1002/1002 1005/1005/1005 1003/1003/1003
f 1007/1007/1007 1008/1008/1008 1009/1009/1009
f 1008/1008/1008 1007/1007/1007 1010/1010/1010
f 1011/1011/1011 1010/1010/1010 1012/1012/1012
f 1010/1010/1010 1011/1011/1011 1008/1008/1008
f 939/939/939 989/989/989 990/990/990
f 989/989/989 939/939/939 938/938/938
f 965/965/965 989/989/989 938/938/938
f 894/894/894 989/989/989 965/965/965
f 902/902/902 989/989/989 894/894/894
f 1013/1013/1013 1014/1014/1014 1015/1015/1015
f 1014/1014/1014 1013/1013/1013 1016/1016/1016
f 1017/1017/1017 1016/1016/1016 1018/1018/1018
f 1016/1016/1016 1017/1017/1017 1014/1014/1014
f 1019/1019/1019 1020/1020/1020 1021/1021/1021
f 1020/1020/1020 1019/1019/1019 1022/1022/1022
f 1018/1018/1018 1023/1023/1023 1024/1024/1024
f 1023/1023/1023 1018/1018/1018 1016/1016/1016
f 1021/1021/1021 1025/1025/1025 1026/1026/1026
f 1025/1025/1025 1021/1021/1021 1020/1020/1020
f 1027/1027/1027 1024/1024/1024 1023/1023/1023
f 1028/1028/1028 1024/1024/1024 1027/1027/1027
f 1024/1024/1024 1028/1028/1028 1029/1029/1029
f 1030/1030/1030 1031/1031/1031 1032/1032/1032
f 1033/1033/1033 1034/1034/1034 1035/1035/1035
f 1036/1036/1036 1034/1034/1034 1037/1037/1037
f 1034/1034/1034 1036/1036/1036 1035/1035/1035
f 1026/1026/1026 1038/1038/1038 1039/1039/1039
f 1038/1038/1038 1026/1026/1026 1025/1025/1025
f 1040/1040/1040 1041/1041/1041 1042/1042/1042
f 1043/1043/1043 1040/1040/1040 1044/1044/1044
f 1040/1040/1040 1043/1043/1043 1041/1041/1041
f 1045/1045/1045 1044/1044/1044 1046/1046/1046
f 1044/1044/1044 1045/1045/1045 1047/1047/1047
f 1045/1045/1045 1046/1046/1046 1048/1048/1048
f 1049/1049/1049 1050/1050/1050 1051/1051/1051
f 1050/1050/1050 1049/1049/1049 1052/1052/1052
f 1053/1053/1053 1054/1054/1054 1055/1055/1055
f 1056/1056/1056 1054/1054/1054 1053/1053/1053
f 1057/1057/1057 1054/1054/1054 1056/1056/1056
f 1058/1058/1058 1054/1054/1054 1057/1057/1057
f 1059/1059/1059 1060/1060/1060 1061/1061/1061
f 1060/1060/1060 1059/1059/1059 1062/1062/1062
f 1063/1063/1063 1064/1064/1064 1065/1065/1065
f 1066/1066/1066 1051/1051/1051 1067/1067/1067
f 1051/1051/1051 1066/1066/1066 1049/1049/1049
f 1068/1068/1068 1067/1067/1067 1069/1069/1069
f 1067/1067/1067 1068/1068/1068 1066/1066/1066
f 1067/1067/1067 1070/1070/1070 1069/1069/1069
f 1071/1071/1071 1072/1072/1072 1073/1073/1073
f 1072/1072/1072 1071/1071/1071 1074/1074/1074
f 1075/1075/1075 1063/1063/1063 1065/1065/1065
f 1076/1076/1076 1075/1075/1075 1065/1065/1065
f 1077/1077/1077 1078/1078/1078 1079/1079/1079
f 1078/1078/1078 1077/1077/1077 1080/1080/1080
f 1081/1081/1081 1082/1082/1082 1083/1083/1083
f 1082/1082/1082 1081/1081/1081 1084/1084/1084
f 1085/1085/1085 1086/1086/1086 1087/1087/1087
f 1083/1083/1083 1086/1086/1086 1085/1085/1085
f 1082/1082/1082 1086/1086/1086 1083/1083/1083
f 1088/1088/1088 1086/1086/1086 1082/1082/1082
f 1089/1089/1089 1090/1090/1090 1091/1091/1091
f 1092/1092/1092 1093/1093/1093 1094/1094/1094
f 1093/1093/1093 1092/1092/1092 1095/1095/1095
f 1096/1096/1096 1074/1074/1074 1071/1071/1071
f 1069/1069/1069 1087/1087/1087 1068/1068/1068
f 1087/1087/1087 1069/1069/1069 1085/1085/1085
f 1043/1043/1043 1044/1044/1044 1047/1047/1047
f 1079/1079/1079 1097/1097/1097 1077/1077/1077
f 1097/1097/1097 1079/1079/1079 1098/1098/1098
f 1097/1097/1097 1099/1099/1099 1100/1100/1100
f 1099/1099/1099 1097/1097/1097 1098/1098/1098
f 1088/1088/1088 1082/1082/1082 1101/1101/1101
f 1102/1102/1102 1103/1103/1103 1104/1104/1104
f 1072/1072/1072 1105/1105/1105 1073/1073/1073
f 1105/1105/1105 1072/1072/1072 1103/1103/1103
f 1106/1106/1106 1072/1072/1072 1074/1074/1074
f 1070/1070/1070 1072/1072/1072 1106/1106/1106
f 1067/1067/1067 1072/1072/1072 1070/1070/1070
f 1107/1107/1107 1108/1108/1108 1109/1109/1109
f 1108/1108/1108 1107/1107/1107 1110/1110/1110
f 1111/1111/1111 1112/1112/1112 1113/1113/1113
f 1112/1112/1112 1111/1111/1111 1108/1108/1108
f 1113/1113/1113 1114/1114/1114 1115/1115/1115
f 1114/1114/1114 1113/1113/1113 1112/1112/1112
f 1116/1116/1116 1067/1067/1067 1117/1117/1117
f 1067/1067/1067 1116/1116/1116 1072/1072/1072
f 1118/1118/1118 1119/1119/1119 1120/1120/1120
f 1119/1119/1119 1118/1118/1118 1121/1121/1121
f 1119/1119/1119 1110/1110/1110 1107/1107/1107
f 1110/1110/1110 1119/1119/1119 1121/1121/1121
f 1105/1105/1105 1102/1102/1102 1122/1122/1122
f 1102/1102/1102 1105/1105/1105 1103/1103/1103
f 1123/1123/1123 1124/1124/1124 1125/1125/1125
f 1124/1124/1124 1123/1123/1123 1126/1126/1126
f 1127/1127/1127 1126/1126/1126 1123/1123/1123
f 1126/1126/1126 1127/1127/1127 1128/1128/1128
f 1128/1128/1128 1127/1127/1127 1129/1129/1129
f 1130/1130/1130 1131/1131/1131 1132/1132/1132
f 1131/1131/1131 1130/1130/1130 1133/1133/1133
f 1134/1134/1134 1135/1135/1135 1136/1136/1136
f 1137/1137/1137 1138/1138/1138 1139/1139/1139
f 1139/1139/1139 1140/1140/1140 1141/1141/1141
f 1140/1140/1140 1139/1139/1139 1138/1138/1138
f 1142/1142/1142 1143/1143/1143 1144/1144/1144
f 1145/1145/1145 1143/1143/1143 1142/1142/1142
f 1146/1146/1146 1143/1143/1143 1145/1145/1145
f 1147/1147/1147 1148/1148/1148 1149/1149/1149
f 1148/1148/1148 1147/1147/1147 1150/1150/1150
f 1151/1151/1151 1152/1152/1152 1153/1153/1153
f 1154/1154/1154 1152/1152/1152 1151/1151/1151
f 1155/1155/1155 1152/1152/1152 1154/1154/1154
f 1138/1138/1138 1136/1136/1136 1135/1135/1135
f 1136/1136/1136 1138/1138/1138 1137/1137/1137
f 1094/1094/1094 1071/1071/1071 1092/1092/1092
f 1071/1071/1071 1094/1094/1094 1096/1096/1096
f 1091/1091/1091 1065/1065/1065 1089/1089/1089
f 1065/1065/1065 1091/1091/1091 1076/1076/1076
f 1111/1111/1111 1109/1109/1109 1108/1108/1108
f 1096/1096/1096 1106/1106/1106 1074/1074/1074
f 1057/1057/1057 1156/1156/1156 1157/1157/1157
f 1156/1156/1156 1057/1057/1057 1056/1056/1056
f 1158/1158/1158 1159/1159/1159 1160/1160/1160
f 1159/1159/1159 1158/1158/1158 1161/1161/1161
f 892/892/892 1161/1161/1161 1158/1158/1158
f 1161/1161/1161 892/892/892 891/891/891
f 882/882/882 1157/1157/1157 1156/1156/1156
f 1157/1157/1157 882/882/882 888/888/888
f 1162/1162/1162 1163/1163/1163 1164/1164/1164
f 1165/1165/1165 1156/1156/1156 1166/1166/1166
f 1156/1156/1156 1165/1165/1165 882/882/882
f 1167/1167/1167 1056/1056/1056 1053/1053/1053
f 1168/1168/1168 1056/1056/1056 1167/1167/1167
f 1156/1156/1156 1168/1168/1168 1166/1166/1166
f 1156/1156/1156 1056/1056/1056 1168/1168/1168
f 1169/1169/1169 1170/1170/1170 1171/1171/1171
f 1170/1170/1170 1169/1169/1169 1172/1172/1172
f 1171/1171/1171 1170/1170/1170 1173/1173/1173
f 1174/1174/1174 1173/1173/1173 1175/1175/1175
f 1175/1175/1175 1173/1173/1173 1170/1170/1170
f 1048/1048/1048 1176/1176/1176 1177/1177/1177
f 1176/1176/1176 1048/1048/1048 1046/1046/1046
f 1178/1178/1178 1179/1179/1179 1180/1180/1180
f 1181/1181/1181 1182/1182/1182 1183/1183/1183
f 1182/1182/1182 1181/1181/1181 1184/1184/1184
f 1179/1179/1179 1185/1185/1185 1186/1186/1186
f 1185/1185/1185 1179/1179/1179 1178/1178/1178
f 1187/1187/1187 1182/1182/1182 1188/1188/1188
f 1182/1182/1182 1187/1187/1187 1183/1183/1183
f 1189/1189/1189 1190/1190/1190 1191/1191/1191
f 1192/1192/1192 1193/1193/1193 1194/1194/1194
f 1193/1193/1193 1192/1192/1192 1195/1195/1195
f 1196/1196/1196 1197/1197/1197 1198/1198/1198
f 1197/1197/1197 1196/1196/1196 1199/1199/1199
f 1188/1188/1188 1190/1190/1190 1187/1187/1187
f 1190/1190/1190 1188/1188/1188 1191/1191/1191
f 1186/1186/1186 1195/1195/1195 1192/1192/1192
f 1195/1195/1195 1186/1186/1186 1185/1185/1185
f 1197/1197/1197 1200/1200/1200 1201/1201/1201
f 1200/1200/1200 1197/1197/1197 1199/1199/1199
f 1202/1202/1202 1201/1201/1201 1200/1200/1200
f 1201/1201/1201 1202/1202/1202 1203/1203/1203
f 1204/1204/1204 1203/1203/1203 1202/1202/1202
f 1203/1203/1203 1204/1204/1204 1205/1205/1205
f 1206/1206/1206 1190/1190/1190 1189/1189/1189
f 1207/1207/1207 1205/1205/1205 1181/1181/1181
f 1205/1205/1205 1207/1207/1207 1203/1203/1203
f 1203/1203/1203 1208/1208/1208 1201/1201/1201
f 1208/1208/1208 1203/1203/1203 1207/1207/1207
f 1201/1201/1201 1209/1209/1209 1197/1197/1197
f 1209/1209/1209 1201/1201/1201 1208/1208/1208
f 1197/1197/1197 1210/1210/1210 1198/1198/1198
f 1210/1210/1210 1197/1197/1197 1209/1209/1209
f 1211/1211/1211 1190/1190/1190 1206/1206/1206
f 1212/1212/1212 1213/1213/1213 1214/1214/1214
f 1213/1213/1213 1212/1212/1212 1215/1215/1215
f 1216/1216/1216 1215/1215/1215 1212/1212/1212
f 1215/1215/1215 1216/1216/1216 1217/1217/1217
f 1218/1218/1218 1217/1217/1217 1216/1216/1216
f 1217/1217/1217 1218/1218/1218 1219/1219/1219
f 1220/1220/1220 1219/1219/1219 1218/1218/1218
f 1219/1219/1219 1220/1220/1220 1221/1221/1221
f 1222/1222/1222 1223/1223/1223 1224/1224/1224
f 1225/1225/1225 1224/1224/1224 1226/1226/1226
f 1224/1224/1224 1225/1225/1225 1227/1227/1227
f 1227/1227/1227 1222/1222/1222 1224/1224/1224
f 1222/1222/1222 1227/1227/1227 979/979/979
f 1228/1228/1228 1224/1224/1224 1223/1223/1223
f 1229/1229/1229 1230/1230/1230 1231/1231/1231
f 1230/1230/1230 1229/1229/1229 1226/1226/1226
f 1212/1212/1212 1229/1229/1229 1232/1232/1232
f 1229/1229/1229 1212/1212/1212 1214/1214/1214
f 1231/1231/1231 1232/1232/1232 1229/1229/1229
f 1232/1232/1232 1231/1231/1231 1233/1233/1233
f 1216/1216/1216 1232/1232/1232 1234/1234/1234
f 1232/1232/1232 1216/1216/1216 1212/1212/1212
f 1233/1233/1233 1234/1234/1234 1232/1232/1232
f 1234/1234/1234 1233/1233/1233 1235/1235/1235
f 1218/1218/1218 1234/1234/1234 1236/1236/1236
f 1234/1234/1234 1218/1218/1218 1216/1216/1216
f 1235/1235/1235 1236/1236/1236 1234/1234/1234
f 1236/1236/1236 1235/1235/1235 1237/1237/1237
f 1220/1220/1220 1236/1236/1236 1238/1238/1238
f 1236/1236/1236 1220/1220/1220 1218/1218/1218
f 1237/1237/1237 1238/1238/1238 1236/1236/1236
f 1238/1238/1238 1237/1237/1237 1239/1239/1239
f 1239/1239/1239 1240/1240/1240 1238/1238/1238
f 1240/1240/1240 1239/1239/1239 1241/1241/1241
f 1242/1242/1242 1240/1240/1240 1241/1241/1241
f 1240/1240/1240 1242/1242/1242 1243/1243/1243
f 1226/1226/1226 1214/1214/1214 1225/1225/1225
f 1214/1214/1214 1226/1226/1226 1229/1229/1229
f 1244/1244/1244 1245/1245/1245 1246/1246/1246
f 1245/1245/1245 1244/1244/1244 1247/1247/1247
f 1246/1246/1246 1248/1248/1248 1244/1244/1244
f 1248/1248/1248 1246/1246/1246 1249/1249/1249
f 1250/1250/1250 1251/1251/1251 1252/1252/1252
f 1251/1251/1251 1250/1250/1250 1253/1253/1253
f 1249/1249/1249 1254/1254/1254 1248/1248/1248
f 1254/1254/1254 1249/1249/1249 1255/1255/1255
f 1253/1253/1253 1256/1256/1256 1251/1251/1251
f 1257/1257/1257 1256/1256/1256 1253/1253/1253
f 1258/1258/1258 1256/1256/1256 1257/1257/1257
f 1259/1259/1259 1260/1260/1260 1261/1261/1261
f 1260/1260/1260 979/979/979 1261/1261/1261
f 979/979/979 1260/1260/1260 980/980/980
f 1262/1262/1262 1263/1263/1263 1264/1264/1264
f 1263/1263/1263 1262/1262/1262 1265/1265/1265
f 1266/1266/1266 1253/1253/1253 1250/1250/1250
f 1253/1253/1253 1266/1266/1266 1264/1264/1264
f 1267/1267/1267 1268/1268/1268 1269/1269/1269
f 1268/1268/1268 1267/1267/1267 1270/1270/1270
f 1271/1271/1271 1264/1264/1264 1266/1266/1266
f 1264/1264/1264 1271/1271/1271 1262/1262/1262
f 1257/1257/1257 1264/1264/1264 1263/1263/1263
f 1264/1264/1264 1257/1257/1257 1253/1253/1253
f 1272/1272/1272 1273/1273/1273 1274/1274/1274
f 1275/1275/1275 1276/1276/1276 1277/1277/1277
f 1276/1276/1276 1275/1275/1275 1278/1278/1278
f 1279/1279/1279 1278/1278/1278 1280/1280/1280
f 1278/1278/1278 1279/1279/1279 1276/1276/1276
f 1281/1281/1281 1274/1274/1274 1282/1282/1282
f 1283/1283/1283 1284/1284/1284 1285/1285/1285
f 1277/1277/1277 1286/1286/1286 1287/1287/1287
f 1286/1286/1286 1277/1277/1277 1276/1276/1276
f 1288/1288/1288 1276/1276/1276 1279/1279/1279
f 1276/1276/1276 1288/1288/1288 1286/1286/1286
f 1289/1289/1289 1287/1287/1287 1286/1286/1286
f 1287/1287/1287 1289/1289/1289 1283/1283/1283
f 1286/1286/1286 1290/1290/1290 1289/1289/1289
f 1290/1290/1290 1286/1286/1286 1288/1288/1288
f 1291/1291/1291 1292/1292/1292 961/961/961
f 1292/1292/1292 1291/1291/1291 1293/1293/1293
f 1294/1294/1294 961/961/961 1292/1292/1292
f 961/961/961 1294/1294/1294 962/962/962
f 1293/1293/1293 1295/1295/1295 1292/1292/1292
f 1295/1295/1295 1293/1293/1293 1296/1296/1296
f 1297/1297/1297 1298/1298/1298 1299/1299/1299
f 1298/1298/1298 1297/1297/1297 1300/1300/1300
f 1300/1300/1300 1301/1301/1301 1302/1302/1302
f 1301/1301/1301 1300/1300/1300 1297/1297/1297
f 1303/1303/1303 1304/1304/1304 1305/1305/1305
f 1304/1304/1304 1303/1303/1303 1306/1306/1306
f 1307/1307/1307 1306/1306/1306 1303/1303/1303
f 1306/1306/1306 1307/1307/1307 1308/1308/1308
f 1309/1309/1309 1308/1308/1308 1307/1307/1307
f 1308/1308/1308 1309/1309/1309 1310/1310/1310
f 1311/1311/1311 1312/1312/1312 1313/1313/1313
f 1314/1314/1314 1312/1312/1312 1311/1311/1311
f 1315/1315/1315 1312/1312/1312 1314/1314/1314
f 1316/1316/1316 1317/1317/1317 1318/1318/1318
f 1317/1317/1317 1316/1316/1316 1319/1319/1319
f 1320/1320/1320 1321/1321/1321 1322/1322/1322
f 1323/1323/1323 1321/1321/1321 1320/1320/1320
f 1324/1324/1324 1321/1321/1321 1323/1323/1323
f 1325/1325/1325 1319/1319/1319 1316/1316/1316
f 1319/1319/1319 1325/1325/1325 1326/1326/1326
f 1327/1327/1327 1324/1324/1324 1323/1323/1323
f 1324/1324/1324 1327/1327/1327 1328/1328/1328
f 1329/1329/1329 1330/1330/1330 1331/1331/1331
f 1330/1330/1330 1329/1329/1329 1332/1332/1332
f 1333/1333/1333 1334/1334/1334 1335/1335/1335
f 1336/1336/1336 1337/1337/1337 1338/1338/1338
f 1337/1337/1337 1336/1336/1336 1339/1339/1339
f 1340/1340/1340 1292/1292/1292 1295/1295/1295
f 1292/1292/1292 1340/1340/1340 1294/1294/1294
f 1341/1341/1341 1287/1287/1287 1342/1342/1342
f 1287/1287/1287 1341/1341/1341 1277/1277/1277
f 1281/1281/1281 1272/1272/1272 1274/1274/1274
f 1291/1291/1291 961/961/961 964/964/964
f 1343/1343/1343 1344/1344/1344 1345/1345/1345
f 1344/1344/1344 1343/1343/1343 1346/1346/1346
f 1347/1347/1347 1346/1346/1346 1348/1348/1348
f 1346/1346/1346 1347/1347/1347 1344/1344/1344
f 1349/1349/1349 1348/1348/1348 1350/1350/1350
f 1344/1344/1344 1351/1351/1351 1345/1345/1345
f 1351/1351/1351 1344/1344/1344 1352/1352/1352
f 1352/1352/1352 1344/1344/1344 1347/1347/1347
f 1353/1353/1353 1354/1354/1354 1355/1355/1355
f 1354/1354/1354 1353/1353/1353 1356/1356/1356
f 1348/1348/1348 1357/1357/1357 1350/1350/1350
f 1357/1357/1357 1348/1348/1348 1346/1346/1346
f 1358/1358/1358 1359/1359/1359 1360/1360/1360
f 1361/1361/1361 1362/1362/1362 1363/1363/1363
f 1362/1362/1362 1361/1361/1361 1364/1364/1364
f 1365/1365/1365 1366/1366/1366 1367/1367/1367
f 1368/1368/1368 1359/1359/1359 1369/1369/1369
f 1359/1359/1359 1368/1368/1368 1360/1360/1360
f 1349/1349/1349 1347/1347/1347 1348/1348/1348
f 1347/1347/1347 1349/1349/1349 1370/1370/1370
f 1370/1370/1370 1352/1352/1352 1347/1347/1347
f 1352/1352/1352 1370/1370/1370 1371/1371/1371
f 1371/1371/1371 1351/1351/1351 1352/1352/1352
f 1351/1351/1351 1371/1371/1371 1372/1372/1372
f 1361/1361/1361 1373/1373/1373 1364/1364/1364
f 1373/1373/1373 1361/1361/1361 1374/1374/1374
f 1375/1375/1375 1376/1376/1376 1377/1377/1377
f 1376/1376/1376 1375/1375/1375 1367/1367/1367
f 1366/1366/1366 1376/1376/1376 1367/1367/1367
f 1343/1343/1343 1357/1357/1357 1346/1346/1346
f 1285/1285/1285 1287/1287/1287 1283/1283/1283
f 1287/1287/1287 1285/1285/1285 1342/1342/1342
f 1378/1378/1378 1379/1379/1379 1380/1380/1380
f 1379/1379/1379 1378/1378/1378 1381/1381/1381
f 1382/1382/1382 1252/1252/1252 1383/1383/1383
f 1252/1252/1252 1382/1382/1382 1250/1250/1250
f 1384/1384/1384 1385/1385/1385 1273/1273/1273
f 1386/1386/1386 1266/1266/1266 1387/1387/1387
f 1266/1266/1266 1386/1386/1386 1271/1271/1271
f 1388/1388/1388 1389/1389/1389 1390/1390/1390
f 1389/1389/1389 1388/1388/1388 1391/1391/1391
f 1392/1392/1392 1393/1393/1393 1394/1394/1394
f 1393/1393/1393 1392/1392/1392 1395/1395/1395
f 1222/1222/1222 979/979/979 981/981/981
f 934/934/934 959/959/959 982/982/982
f 959/959/959 934/934/934 931/931/931
f 931/931/931 955/955/955 959/959/959
f 955/955/955 931/931/931 952/952/952
f 1261/1261/1261 1396/1396/1396 1259/1259/1259
f 1396/1396/1396 1261/1261/1261 1397/1397/1397
f 1398/1398/1398 1399/1399/1399 1177/1177/1177
f 1399/1399/1399 1398/1398/1398 1400/1400/1400
f 1398/1398/1398 1177/1177/1177 1176/1176/1176
f 1401/1401/1401 1040/1040/1040 1042/1042/1042
f 1274/1274/1274 1273/1273/1273 1385/1385/1385
f 1402/1402/1402 1375/1375/1375 1377/1377/1377
f 984/984/984 991/991/991 983/983/983
f 1403/1403/1403 1404/1404/1404 1405/1405/1405
f 1406/1406/1406 1404/1404/1404 1403/1403/1403
f 1407/1407/1407 1404/1404/1404 1406/1406/1406
f 1408/1408/1408 1403/1403/1403 1409/1409/1409
f 1403/1403/1403 1408/1408/1408 1406/1406/1406
f 1410/1410/1410 1405/1405/1405 1404/1404/1404
f 1405/1405/1405 1410/1410/1410 1411/1411/1411
f 1412/1412/1412 1413/1413/1413 1414/1414/1414
f 1413/1413/1413 1412/1412/1412 1415/1415/1415
f 1416/1416/1416 1417/1417/1417 1418/1418/1418
f 1419/1419/1419 1417/1417/1417 1416/1416/1416
f 1420/1420/1420 1417/1417/1417 1419/1419/1419
f 1421/1421/1421 1422/1422/1422 1423/1423/1423
f 1422/1422/1422 1421/1421/1421 1424/1424/1424
f 1425/1425/1425 1424/1424/1424 1421/1421/1421
f 1420/1420/1420 1424/1424/1424 1425/1425/1425
f 1419/1419/1419 1424/1424/1424 1420/1420/1420
f 1418/1418/1418 1426/1426/1426 1427/1427/1427
f 1426/1426/1426 1418/1418/1418 1428/1428/1428
f 1425/1425/1425 1421/1421/1421 1429/1429/1429
f 1425/1425/1425 1430/1430/1430 1431/1431/1431
f 1430/1430/1430 1425/1425/1425 1429/1429/1429
f 1431/1431/1431 1420/1420/1420 1425/1425/1425
f 1429/1429/1429 1423/1423/1423 1432/1432/1432
f 1423/1423/1423 1429/1429/1429 1421/1421/1421
f 1433/1433/1433 1432/1432/1432 1409/1409/1409
f 1432/1432/1432 1433/1433/1433 1429/1429/1429
f 1429/1429/1429 1411/1411/1411 1430/1430/1430
f 1411/1411/1411 1429/1429/1429 1433/1433/1433
f 1415/1415/1415 1434/1434/1434 1413/1413/1413
f 1434/1434/1434 1415/1415/1415 1435/1435/1435
f 1436/1436/1436 1435/1435/1435 1437/1437/1437
f 1435/1435/1435 1436/1436/1436 1434/1434/1434
f 1428/1428/1428 1438/1438/1438 1439/1439/1439
f 1438/1438/1438 1428/1428/1428 1418/1418/1418
f 1440/1440/1440 1441/1441/1441 1442/1442/1442
f 1441/1441/1441 1440/1440/1440 1443/1443/1443
f 1438/1438/1438 1418/1418/1418 1417/1417/1417
f 1417/1417/1417 1431/1431/1431 1438/1438/1438
f 1431/1431/1431 1417/1417/1417 1420/1420/1420
f 1443/1443/1443 1437/1437/1437 1441/1441/1441
f 1437/1437/1437 1443/1443/1443 1436/1436/1436
f 1405/1405/1405 1411/1411/1411 1433/1433/1433
f 1433/1433/1433 1409/1409/1409 1403/1403/1403
f 1403/1403/1403 1405/1405/1405 1433/1433/1433
f 1408/1408/1408 1444/1444/1444 1445/1445/1445
f 1444/1444/1444 1408/1408/1408 1409/1409/1409
f 1446/1446/1446 1432/1432/1432 1423/1423/1423
f 1432/1432/1432 1446/1446/1446 1444/1444/1444
f 1444/1444/1444 1409/1409/1409 1432/1432/1432
f 1447/1447/1447 1448/1448/1448 1449/1449/1449
f 1450/1450/1450 1451/1451/1451 1452/1452/1452
f 1453/1453/1453 1454/1454/1454 1455/1455/1455
f 1454/1454/1454 1453/1453/1453 1456/1456/1456
f 1457/1457/1457 1458/1458/1458 1459/1459/1459
f 1457/1457/1457 1460/1460/1460 1458/1458/1458
f 1460/1460/1460 1457/1457/1457 1461/1461/1461
f 1462/1462/1462 1463/1463/1463 1464/1464/1464
f 1463/1463/1463 1462/1462/1462 1465/1465/1465
f 1466/1466/1466 1464/1464/1464 1467/1467/1467
f 1464/1464/1464 1466/1466/1466 1462/1462/1462
f 1468/1468/1468 1469/1469/1469 1470/1470/1470
f 1471/1471/1471 1472/1472/1472 1473/1473/1473
f 1474/1474/1474 1456/1456/1456 1453/1453/1453
f 1456/1456/1456 1474/1474/1474 1475/1475/1475
f 1474/1474/1474 1476/1476/1476 1477/1477/1477
f 1476/1476/1476 1474/1474/1474 1478/1478/1478
f 1478/1478/1478 1479/1479/1479 1476/1476/1476
f 1479/1479/1479 1478/1478/1478 1480/1480/1480
f 1481/1481/1481 1480/1480/1480 1478/1478/1478
f 1480/1480/1480 1481/1481/1481 1458/1458/1458
f 1482/1482/1482 1483/1483/1483 1484/1484/1484
f 1483/1483/1483 1482/1482/1482 1485/1485/1485
f 1486/1486/1486 1484/1484/1484 1483/1483/1483
f 1484/1484/1484 1486/1486/1486 1475/1475/1475
f 1475/1475/1475 1474/1474/1474 1477/1477/1477
f 1480/1480/1480 1487/1487/1487 1479/1479/1479
f 1477/1477/1477 1482/1482/1482 1484/1484/1484
f 1482/1482/1482 1477/1477/1477 1476/1476/1476
f 1476/1476/1476 1488/1488/1488 1482/1482/1482
f 1488/1488/1488 1476/1476/1476 1479/1479/1479
f 1477/1477/1477 1484/1484/1484 1475/1475/1475
f 1479/1479/1479 1487/1487/1487 1488/1488/1488
f 1487/1487/1487 1489/1489/1489 1488/1488/1488
f 1490/1490/1490 1487/1487/1487 1491/1491/1491
f 1490/1490/1490 1489/1489/1489 1487/1487/1487
f 1492/1492/1492 1489/1489/1489 1490/1490/1490
f 1493/1493/1493 1490/1490/1490 1494/1494/1494
f 1495/1495/1495 1490/1490/1490 1493/1493/1493
f 1492/1492/1492 1490/1490/1490 1495/1495/1495
f 1496/1496/1496 1497/1497/1497 1498/1498/1498
f 1499/1499/1499 1498/1498/1498 1497/1497/1497
f 1487/1487/1487 1458/1458/1458 1460/1460/1460
f 1458/1458/1458 1487/1487/1487 1480/1480/1480
f 1500/1500/1500 1501/1501/1501 1502/1502/1502
f 1501/1501/1501 1500/1500/1500 1503/1503/1503
f 1504/1504/1504 1458/1458/1458 1481/1481/1481
f 1458/1458/1458 1504/1504/1504 1459/1459/1459
f 1505/1505/1505 1422/1422/1422 1424/1424/1424
f 1422/1422/1422 1505/1505/1505 1506/1506/1506
f 1506/1506/1506 1423/1423/1423 1422/1422/1422
f 1507/1507/1507 1423/1423/1423 1506/1506/1506
f 1446/1446/1446 1423/1423/1423 1507/1507/1507
f 1448/1448/1448 1469/1469/1469 1468/1468/1468
f 1469/1469/1469 1448/1448/1448 1447/1447/1447
f 1487/1487/1487 1416/1416/1416 1491/1491/1491
f 1416/1416/1416 1487/1487/1487 1419/1419/1419
f 1426/1426/1426 1494/1494/1494 1427/1427/1427
f 1494/1494/1494 1426/1426/1426 1508/1508/1508
f 1509/1509/1509 1508/1508/1508 1426/1426/1426
f 1508/1508/1508 1509/1509/1509 1510/1510/1510
f 1451/1451/1451 1472/1472/1472 1471/1471/1471
f 1472/1472/1472 1451/1451/1451 1450/1450/1450
f 1424/1424/1424 1511/1511/1511 1505/1505/1505
f 1512/1512/1512 1505/1505/1505 1511/1511/1511
f 1505/1505/1505 1512/1512/1512 1513/1513/1513
f 1514/1514/1514 1515/1515/1515 1516/1516/1516
f 1515/1515/1515 1514/1514/1514 1517/1517/1517
f 1518/1518/1518 1519/1519/1519 1520/1520/1520
f 1519/1519/1519 1518/1518/1518 1521/1521/1521
f 1514/1514/1514 1522/1522/1522 1517/1517/1517
f 1522/1522/1522 1514/1514/1514 1523/1523/1523
f 1518/1518/1518 1524/1524/1524 1521/1521/1521
f 1524/1524/1524 1518/1518/1518 1525/1525/1525
f 1526/1526/1526 1522/1522/1522 1523/1523/1523
f 1527/1527/1527 1524/1524/1524 1525/1525/1525
f 1524/1524/1524 1527/1527/1527 1528/1528/1528
f 1529/1529/1529 1530/1530/1530 1531/1531/1531
f 1530/1530/1530 1529/1529/1529 1532/1532/1532
f 1533/1533/1533 1531/1531/1531 1530/1530/1530
f 1531/1531/1531 1533/1533/1533 1534/1534/1534
f 1461/1461/1461 1511/1511/1511 1460/1460/1460
f 1511/1511/1511 1461/1461/1461 1512/1512/1512
f 1419/1419/1419 1511/1511/1511 1424/1424/1424
f 1487/1487/1487 1511/1511/1511 1419/1419/1419
f 1460/1460/1460 1511/1511/1511 1487/1487/1487
f 1535/1535/1535 1536/1536/1536 1537/1537/1537
f 1536/1536/1536 1535/1535/1535 1538/1538/1538
f 1539/1539/1539 1538/1538/1538 1535/1535/1535
f 1538/1538/1538 1539/1539/1539 1540/1540/1540
f 1541/1541/1541 1542/1542/1542 1543/1543/1543
f 1542/1542/1542 1541/1541/1541 1544/1544/1544
f 1545/1545/1545 1540/1540/1540 1546/1546/1546
f 1540/1540/1540 1545/1545/1545 1538/1538/1538
f 1547/1547/1547 1544/1544/1544 1548/1548/1548
f 1544/1544/1544 1547/1547/1547 1542/1542/1542
f 1545/1545/1545 1546/1546/1546 1549/1549/1549
f 1546/1546/1546 1550/1550/1550 1549/1549/1549
f 1550/1550/1550 1546/1546/1546 1551/1551/1551
f 1552/1552/1552 1553/1553/1553 1554/1554/1554
f 1555/1555/1555 1556/1556/1556 1557/1557/1557
f 1558/1558/1558 1556/1556/1556 1555/1555/1555
f 1556/1556/1556 1558/1558/1558 1559/1559/1559
f 1548/1548/1548 1560/1560/1560 1547/1547/1547
f 1560/1560/1560 1548/1548/1548 1561/1561/1561
f 1562/1562/1562 1563/1563/1563 1564/1564/1564
f 1565/1565/1565 1564/1564/1564 1563/1563/1563
f 1564/1564/1564 1565/1565/1565 1566/1566/1566
f 1567/1567/1567 1566/1566/1566 1568/1568/1568
f 1566/1566/1566 1567/1567/1567 1569/1569/1569
f 1570/1570/1570 1569/1569/1569 1567/1567/1567
f 1571/1571/1571 1572/1572/1572 1573/1573/1573
f 1572/1572/1572 1571/1571/1571 1574/1574/1574
f 1575/1575/1575 1576/1576/1576 1577/1577/1577
f 1578/1578/1578 1576/1576/1576 1575/1575/1575
f 1579/1579/1579 1576/1576/1576 1578/1578/1578
f 1580/1580/1580 1576/1576/1576 1579/1579/1579
f 1581/1581/1581 1582/1582/1582 1583/1583/1583
f 1582/1582/1582 1581/1581/1581 1584/1584/1584
f 1585/1585/1585 1586/1586/1586 1587/1587/1587
f 1588/1588/1588 1574/1574/1574 1571/1571/1571
f 1574/1574/1574 1588/1588/1588 1589/1589/1589
f 1590/1590/1590 1589/1589/1589 1588/1588/1588
f 1589/1589/1589 1590/1590/1590 1591/1591/1591
f 1591/1591/1591 1592/1592/1592 1589/1589/1589
f 1593/1593/1593 1594/1594/1594 1595/1595/1595
f 1594/1594/1594 1593/1593/1593 1596/1596/1596
f 1585/1585/1585 1587/1587/1587 1597/1597/1597
f 1585/1585/1585 1597/1597/1597 1598/1598/1598
f 1599/1599/1599 1600/1600/1600 1601/1601/1601
f 1600/1600/1600 1599/1599/1599 1602/1602/1602
f 1603/1603/1603 1084/1084/1084 1081/1081/1081
f 1084/1084/1084 1603/1603/1603 1604/1604/1604
f 1604/1604/1604 1605/1605/1605 1606/1606/1606
f 1603/1603/1603 1605/1605/1605 1604/1604/1604
f 1607/1607/1607 1605/1605/1605 1603/1603/1603
f 1608/1608/1608 1605/1605/1605 1607/1607/1607
f 1609/1609/1609 1090/1090/1090 1089/1089/1089
f 1610/1610/1610 1093/1093/1093 1095/1095/1095
f 1093/1093/1093 1610/1610/1610 1611/1611/1611
f 1593/1593/1593 1595/1595/1595 1612/1612/1612
f 1591/1591/1591 1608/1608/1608 1607/1607/1607
f 1608/1608/1608 1591/1591/1591 1590/1590/1590
f 1568/1568/1568 1566/1566/1566 1565/1565/1565
f 1602/1602/1602 1613/1613/1613 1614/1614/1614
f 1613/1613/1613 1602/1602/1602 1599/1599/1599
f 1100/1100/1100 1614/1614/1614 1613/1613/1613
f 1614/1614/1614 1100/1100/1100 1099/1099/1099
f 1615/1615/1615 1604/1604/1604 1606/1606/1606
f 1616/1616/1616 1617/1617/1617 1618/1618/1618
f 1594/1594/1594 1619/1619/1619 1617/1617/1617
f 1619/1619/1619 1594/1594/1594 1596/1596/1596
f 1592/1592/1592 1594/1594/1594 1589/1589/1589
f 1620/1620/1620 1594/1594/1594 1592/1592/1592
f 1595/1595/1595 1594/1594/1594 1620/1620/1620
f 1621/1621/1621 1622/1622/1622 1623/1623/1623
f 1622/1622/1622 1621/1621/1621 1624/1624/1624
f 1625/1625/1625 1626/1626/1626 1622/1622/1622
f 1626/1626/1626 1625/1625/1625 1627/1627/1627
f 1627/1627/1627 1628/1628/1628 1626/1626/1626
f 1628/1628/1628 1627/1627/1627 1629/1629/1629
f 1630/1630/1630 1589/1589/1589 1594/1594/1594
f 1589/1589/1589 1630/1630/1630 1631/1631/1631
f 1632/1632/1632 1633/1633/1633 1634/1634/1634
f 1633/1633/1633 1632/1632/1632 1635/1635/1635
f 1633/1633/1633 1623/1623/1623 1634/1634/1634
f 1623/1623/1623 1633/1633/1633 1621/1621/1621
f 1619/1619/1619 1618/1618/1618 1617/1617/1617
f 1618/1618/1618 1619/1619/1619 1636/1636/1636
f 1637/1637/1637 1124/1124/1124 1638/1638/1638
f 1124/1124/1124 1637/1637/1637 1125/1125/1125
f 1639/1639/1639 1638/1638/1638 1640/1640/1640
f 1638/1638/1638 1639/1639/1639 1637/1637/1637
f 1641/1641/1641 1639/1639/1639 1640/1640/1640
f 1642/1642/1642 1643/1643/1643 1644/1644/1644
f 1643/1643/1643 1642/1642/1642 1645/1645/1645
f 1646/1646/1646 1647/1647/1647 1648/1648/1648
f 1649/1649/1649 1650/1650/1650 1651/1651/1651
f 1141/1141/1141 1650/1650/1650 1649/1649/1649
f 1650/1650/1650 1141/1141/1141 1140/1140/1140
f 1145/1145/1145 1652/1652/1652 1146/1146/1146
f 1653/1653/1653 1652/1652/1652 1145/1145/1145
f 1654/1654/1654 1652/1652/1652 1653/1653/1653
f 1655/1655/1655 1656/1656/1656 1657/1657/1657
f 1656/1656/1656 1655/1655/1655 1658/1658/1658
f 1659/1659/1659 1660/1660/1660 1661/1661/1661
f 1151/1151/1151 1660/1660/1660 1659/1659/1659
f 1153/1153/1153 1660/1660/1660 1151/1151/1151
f 1647/1647/1647 1651/1651/1651 1650/1650/1650
f 1651/1651/1651 1647/1647/1647 1646/1646/1646
f 1611/1611/1611 1593/1593/1593 1612/1612/1612
f 1593/1593/1593 1611/1611/1611 1610/1610/1610
f 1609/1609/1609 1585/1585/1585 1598/1598/1598
f 1585/1585/1585 1609/1609/1609 1089/1089/1089
f 1622/1622/1622 1624/1624/1624 1625/1625/1625
f 1595/1595/1595 1620/1620/1620 1612/1612/1612
f 1575/1575/1575 1662/1662/1662 1578/1578/1578
f 1662/1662/1662 1575/1575/1575 1663/1663/1663
f 1664/1664/1664 1665/1665/1665 1666/1666/1666
f 1665/1665/1665 1664/1664/1664 1667/1667/1667
f 1414/1414/1414 1666/1666/1666 1412/1412/1412
f 1666/1666/1666 1414/1414/1414 1664/1664/1664
f 1404/1404/1404 1663/1663/1663 1410/1410/1410
f 1663/1663/1663 1404/1404/1404 1662/1662/1662
f 1668/1668/1668 1669/1669/1669 1670/1670/1670
f 1671/1671/1671 1662/1662/1662 1404/1404/1404
f 1662/1662/1662 1671/1671/1671 1672/1672/1672
f 1578/1578/1578 1673/1673/1673 1579/1579/1579
f 1674/1674/1674 1662/1662/1662 1672/1672/1672
f 1674/1674/1674 1578/1578/1578 1662/1662/1662
f 1674/1674/1674 1673/1673/1673 1578/1578/1578
f 1675/1675/1675 1172/1172/1172 1169/1169/1169
f 1172/1172/1172 1675/1675/1675 1676/1676/1676
f 1677/1677/1677 1676/1676/1676 1675/1675/1675
f 1678/1678/1678 1677/1677/1677 1679/1679/1679
f 1676/1676/1676 1677/1677/1677 1678/1678/1678
f 1570/1570/1570 1680/1680/1680 1569/1569/1569
f 1680/1680/1680 1570/1570/1570 1681/1681/1681
f 1682/1682/1682 1683/1683/1683 1684/1684/1684
f 1685/1685/1685 1686/1686/1686 1687/1687/1687
f 1686/1686/1686 1685/1685/1685 1688/1688/1688
f 1683/1683/1683 1689/1689/1689 1684/1684/1684
f 1689/1689/1689 1683/1683/1683 1690/1690/1690
f 1687/1687/1687 1691/1691/1691 1692/1692/1692
f 1691/1691/1691 1687/1687/1687 1686/1686/1686
f 1693/1693/1693 1694/1694/1694 1695/1695/1695
f 1696/1696/1696 1697/1697/1697 1698/1698/1698
f 1697/1697/1697 1696/1696/1696 1699/1699/1699
f 1196/1196/1196 1700/1700/1700 1199/1199/1199
f 1700/1700/1700 1196/1196/1196 1701/1701/1701
f 1692/1692/1692 1694/1694/1694 1693/1693/1693
f 1694/1694/1694 1692/1692/1692 1691/1691/1691
f 1690/1690/1690 1698/1698/1698 1689/1689/1689
f 1698/1698/1698 1690/1690/1690 1696/1696/1696
f 1702/1702/1702 1199/1199/1199 1700/1700/1700
f 1199/1199/1199 1702/1702/1702 1200/1200/1200
f 1200/1200/1200 1703/1703/1703 1202/1202/1202
f 1703/1703/1703 1200/1200/1200 1702/1702/1702
f 1202/1202/1202 1704/1704/1704 1204/1204/1204
f 1704/1704/1704 1202/1202/1202 1703/1703/1703
f 1695/1695/1695 1694/1694/1694 1705/1705/1705
f 1688/1688/1688 1703/1703/1703 1706/1706/1706
f 1703/1703/1703 1688/1688/1688 1704/1704/1704
f 1702/1702/1702 1706/1706/1706 1703/1703/1703
f 1706/1706/1706 1702/1702/1702 1707/1707/1707
f 1700/1700/1700 1707/1707/1707 1702/1702/1702
f 1707/1707/1707 1700/1700/1700 1708/1708/1708
f 1700/1700/1700 1709/1709/1709 1708/1708/1708
f 1709/1709/1709 1700/1700/1700 1701/1701/1701
f 1705/1705/1705 1694/1694/1694 1710/1710/1710
f 1215/1215/1215 1711/1711/1711 1712/1712/1712
f 1217/1217/1217 1713/1713/1713 1215/1215/1215
f 1713/1713/1713 1217/1217/1217 1714/1714/1714
f 1219/1219/1219 1714/1714/1714 1217/1217/1217
f 1714/1714/1714 1219/1219/1219 1715/1715/1715
f 1221/1221/1221 1715/1715/1715 1219/1219/1219
f 1715/1715/1715 1221/1221/1221 1716/1716/1716
f 1717/1717/1717 1718/1718/1718 1719/1719/1719
f 1718/1718/1718 1717/1717/1717 1720/1720/1720
f 1721/1721/1721 1719/1719/1719 1722/1722/1722
f 1719/1719/1719 1721/1721/1721 1717/1717/1717
f 1722/1722/1722 1723/1723/1723 1501/1501/1501
f 1723/1723/1723 1722/1722/1722 1719/1719/1719
f 1718/1718/1718 1724/1724/1724 1719/1719/1719
f 1725/1725/1725 1720/1720/1720 1717/1717/1717
f 1720/1720/1720 1725/1725/1725 1726/1726/1726
f 1713/1713/1713 1725/1725/1725 1727/1727/1727
f 1725/1725/1725 1713/1713/1713 1728/1728/1728
f 1726/1726/1726 1728/1728/1728 1729/1729/1729
f 1728/1728/1728 1726/1726/1726 1725/1725/1725
f 1714/1714/1714 1728/1728/1728 1713/1713/1713
f 1728/1728/1728 1714/1714/1714 1730/1730/1730
f 1729/1729/1729 1730/1730/1730 1731/1731/1731
f 1730/1730/1730 1729/1729/1729 1728/1728/1728
f 1730/1730/1730 1715/1715/1715 1732/1732/1732
f 1715/1715/1715 1730/1730/1730 1714/1714/1714
f 1731/1731/1731 1732/1732/1732 1733/1733/1733
f 1732/1732/1732 1731/1731/1731 1730/1730/1730
f 1732/1732/1732 1716/1716/1716 1734/1734/1734
f 1716/1716/1716 1732/1732/1732 1715/1715/1715
f 1733/1733/1733 1734/1734/1734 1735/1735/1735
f 1734/1734/1734 1733/1733/1733 1732/1732/1732
f 1735/1735/1735 1736/1736/1736 1737/1737/1737
f 1736/1736/1736 1735/1735/1735 1734/1734/1734
f 1738/1738/1738 1739/1739/1739 1740/1740/1740
f 1717/1717/1717 1727/1727/1727 1725/1725/1725
f 1727/1727/1727 1717/1717/1717 1721/1721/1721
f 1741/1741/1741 1247/1247/1247 1742/1742/1742
f 1247/1247/1247 1741/1741/1741 1245/1245/1245
f 1742/1742/1742 1743/1743/1743 1741/1741/1741
f 1743/1743/1743 1742/1742/1742 1744/1744/1744
f 1745/1745/1745 1746/1746/1746 1747/1747/1747
f 1746/1746/1746 1745/1745/1745 1748/1748/1748
f 1744/1744/1744 1749/1749/1749 1743/1743/1743
f 1749/1749/1749 1744/1744/1744 1750/1750/1750
f 1751/1751/1751 1748/1748/1748 1752/1752/1752
f 1753/1753/1753 1748/1748/1748 1751/1751/1751
f 1746/1746/1746 1748/1748/1748 1753/1753/1753
f 1754/1754/1754 1755/1755/1755 1756/1756/1756
f 1754/1754/1754 1501/1501/1501 1503/1503/1503
f 1501/1501/1501 1754/1754/1754 1756/1756/1756
f 1757/1757/1757 1758/1758/1758 1759/1759/1759
f 1758/1758/1758 1757/1757/1757 1760/1760/1760
f 1747/1747/1747 1757/1757/1757 1761/1761/1761
f 1757/1757/1757 1747/1747/1747 1746/1746/1746
f 1762/1762/1762 1268/1268/1268 1763/1763/1763
f 1268/1268/1268 1762/1762/1762 1269/1269/1269
f 1761/1761/1761 1759/1759/1759 1764/1764/1764
f 1759/1759/1759 1761/1761/1761 1757/1757/1757
f 1760/1760/1760 1746/1746/1746 1753/1753/1753
f 1746/1746/1746 1760/1760/1760 1757/1757/1757
f 1765/1765/1765 1766/1766/1766 1767/1767/1767
f 1768/1768/1768 1278/1278/1278 1275/1275/1275
f 1278/1278/1278 1768/1768/1768 1769/1769/1769
f 1280/1280/1280 1769/1769/1769 1770/1770/1770
f 1769/1769/1769 1280/1280/1280 1278/1278/1278
f 1771/1771/1771 1765/1765/1765 1772/1772/1772
f 1773/1773/1773 1774/1774/1774 1775/1775/1775
f 1776/1776/1776 1769/1769/1769 1768/1768/1768
f 1769/1769/1769 1776/1776/1776 1777/1777/1777
f 1770/1770/1770 1777/1777/1777 1778/1778/1778
f 1777/1777/1777 1770/1770/1770 1769/1769/1769
f 1775/1775/1775 1777/1777/1777 1776/1776/1776
f 1777/1777/1777 1775/1775/1775 1779/1779/1779
f 1779/1779/1779 1778/1778/1778 1777/1777/1777
f 1778/1778/1778 1779/1779/1779 1780/1780/1780
f 1483/1483/1483 1781/1781/1781 1782/1782/1782
f 1781/1781/1781 1483/1483/1483 1783/1783/1783
f 1485/1485/1485 1783/1783/1783 1483/1483/1483
f 1783/1783/1783 1485/1485/1485 1784/1784/1784
f 1783/1783/1783 1785/1785/1785 1781/1781/1781
f 1785/1785/1785 1783/1783/1783 1786/1786/1786
f 1787/1787/1787 1788/1788/1788 1789/1789/1789
f 1788/1788/1788 1787/1787/1787 1790/1790/1790
f 1791/1791/1791 1790/1790/1790 1792/1792/1792
f 1790/1790/1790 1791/1791/1791 1788/1788/1788
f 1305/1305/1305 1793/1793/1793 1794/1794/1794
f 1793/1793/1793 1305/1305/1305 1304/1304/1304
f 1794/1794/1794 1795/1795/1795 1796/1796/1796
f 1795/1795/1795 1794/1794/1794 1793/1793/1793
f 1796/1796/1796 1797/1797/1797 1798/1798/1798
f 1797/1797/1797 1796/1796/1796 1795/1795/1795
f 1799/1799/1799 1800/1800/1800 1801/1801/1801
f 1802/1802/1802 1800/1800/1800 1799/1799/1799
f 1803/1803/1803 1800/1800/1800 1802/1802/1802
f 1804/1804/1804 1805/1805/1805 1806/1806/1806
f 1805/1805/1805 1804/1804/1804 1807/1807/1807
f 1808/1808/1808 1809/1809/1809 1810/1810/1810
f 1811/1811/1811 1809/1809/1809 1808/1808/1808
f 1812/1812/1812 1809/1809/1809 1811/1811/1811
f 1806/1806/1806 1813/1813/1813 1814/1814/1814
f 1813/1813/1813 1806/1806/1806 1805/1805/1805
f 1812/1812/1812 1815/1815/1815 1816/1816/1816
f 1815/1815/1815 1812/1812/1812 1811/1811/1811
f 1817/1817/1817 1818/1818/1818 1819/1819/1819
f 1818/1818/1818 1817/1817/1817 1820/1820/1820
f 1821/1821/1821 1822/1822/1822 1823/1823/1823
f 1338/1338/1338 1824/1824/1824 1825/1825/1825
f 1824/1824/1824 1338/1338/1338 1337/1337/1337
f 1786/1786/1786 1784/1784/1784 1826/1826/1826
f 1784/1784/1784 1786/1786/1786 1783/1783/1783
f 1827/1827/1827 1768/1768/1768 1828/1828/1828
f 1768/1768/1768 1827/1827/1827 1776/1776/1776
f 1765/1765/1765 1767/1767/1767 1772/1772/1772
f 1486/1486/1486 1483/1483/1483 1782/1782/1782
f 1829/1829/1829 1830/1830/1830 1831/1831/1831
f 1830/1830/1830 1829/1829/1829 1832/1832/1832
f 1833/1833/1833 1831/1831/1831 1830/1830/1830
f 1831/1831/1831 1833/1833/1833 1834/1834/1834
f 1835/1835/1835 1834/1834/1834 1836/1836/1836
f 1830/1830/1830 1837/1837/1837 1838/1838/1838
f 1837/1837/1837 1830/1830/1830 1832/1832/1832
f 1833/1833/1833 1830/1830/1830 1838/1838/1838
f 1839/1839/1839 1840/1840/1840 1841/1841/1841
f 1840/1840/1840 1839/1839/1839 1842/1842/1842
f 1834/1834/1834 1843/1843/1843 1831/1831/1831
f 1843/1843/1843 1834/1834/1834 1835/1835/1835
f 1844/1844/1844 1845/1845/1845 1846/1846/1846
f 1847/1847/1847 1848/1848/1848 1849/1849/1849
f 1848/1848/1848 1847/1847/1847 1850/1850/1850
f 1851/1851/1851 1852/1852/1852 1853/1853/1853
f 1854/1854/1854 1845/1845/1845 1844/1844/1844
f 1845/1845/1845 1854/1854/1854 1855/1855/1855
f 1836/1836/1836 1833/1833/1833 1856/1856/1856
f 1833/1833/1833 1836/1836/1836 1834/1834/1834
f 1856/1856/1856 1838/1838/1838 1857/1857/1857
f 1838/1838/1838 1856/1856/1856 1833/1833/1833
f 1857/1857/1857 1837/1837/1837 1858/1858/1858
f 1837/1837/1837 1857/1857/1857 1838/1838/1838
f 1847/1847/1847 1859/1859/1859 1860/1860/1860
f 1859/1859/1859 1847/1847/1847 1849/1849/1849
f 1861/1861/1861 1862/1862/1862 1851/1851/1851
f 1862/1862/1862 1861/1861/1861 1863/1863/1863
f 1851/1851/1851 1862/1862/1862 1852/1852/1852
f 1831/1831/1831 1843/1843/1843 1829/1829/1829
f 1773/1773/1773 1776/1776/1776 1827/1827/1827
f 1776/1776/1776 1773/1773/1773 1775/1775/1775
f 1864/1864/1864 1865/1865/1865 1866/1866/1866
f 1865/1865/1865 1864/1864/1864 1867/1867/1867
f 1383/1383/1383 1747/1747/1747 1382/1382/1382
f 1747/1747/1747 1383/1383/1383 1745/1745/1745
f 1766/1766/1766 1385/1385/1385 1384/1384/1384
f 1387/1387/1387 1764/1764/1764 1386/1386/1386
f 1764/1764/1764 1387/1387/1387 1761/1761/1761
f 1390/1390/1390 1868/1868/1868 1388/1388/1388
f 1868/1868/1868 1390/1390/1390 1869/1869/1869
f 1394/1394/1394 1870/1870/1870 1392/1392/1392
f 1870/1870/1870 1394/1394/1394 1871/1871/1871
f 1502/1502/1502 1501/1501/1501 1723/1723/1723
f 1455/1455/1455 1481/1481/1481 1453/1453/1453
f 1481/1481/1481 1455/1455/1455 1504/1504/1504
f 1453/1453/1453 1478/1478/1478 1474/1474/1474
f 1478/1478/1478 1453/1453/1453 1481/1481/1481
f 1872/1872/1872 1873/1873/1873 1874/1874/1874
f 1873/1873/1873 1872/1872/1872 1681/1681/1681
f 1680/1680/1680 1681/1681/1681 1872/1872/1872
f 1562/1562/1562 1564/1564/1564 1875/1875/1875
f 1385/1385/1385 1766/1766/1766 1765/1765/1765
f 1863/1863/1863 1861/1861/1861 1876/1876/1876
f 1505/1505/1505 1513/1513/1513 1506/1506/1506
f 1713/1713/1713 1711/1711/1711 1215/1215/1215
f 1711/1711/1711 1713/1713/1713 1727/1727/1727
f 1213/1213/1213 1215/1215/1215 1712/1712/1712
f 1755/1755/1755 1397/1397/1397 1756/1756/1756
f 1397/1397/1397 1755/1755/1755 1396/1396/1396
f 1226/1226/1226 1228/1228/1228 1230/1230/1230
f 1228/1228/1228 1226/1226/1226 1224/1224/1224
f 1723/1723/1723 1719/1719/1719 1724/1724/1724
f 1736/1736/1736 1740/1740/1740 1737/1737/1737
f 1740/1740/1740 1736/1736/1736 1738/1738/1738
f 1243/1243/1243 1242/1242/1242 1877/1877/1877
f 1878/1878/1878 1879/1879/1879 1880/1880/1880
f 1878/1878/1878 1881/1881/1881 1882/1882/1882
f 1883/1883/1883 1882/1882/1882 1884/1884/1884
f 1882/1882/1882 1881/1881/1881 1884/1884/1884
f 1881/1881/1881 1878/1878/1878 1880/1880/1880
f 1885/1885/1885 1886/1886/1886 1880/1880/1880
f 1880/1880/1880 1887/1887/1887 1888/1888/1888
f 1880/1880/1880 1886/1886/1886 1889/1889/1889
f 1884/1884/1884 1890/1890/1890 1891/1891/1891
f 1887/1887/1887 1884/1884/1884 1888/1888/1888
f 1890/1890/1890 1884/1884/1884 1892/1892/1892
f 1887/1887/1887 1880/1880/1880 1889/1889/1889
f 1884/1884/1884 1887/1887/1887 1892/1892/1892
f 1893/1893/1893 1894/1894/1894 1895/1895/1895
f 1896/1896/1896 1894/1894/1894 1893/1893/1893
f 1897/1897/1897 1893/1893/1893 1895/1895/1895
f 1894/1894/1894 1896/1896/1896 1898/1898/1898
f 1896/1896/1896 1899/1899/1899 1898/1898/1898
f 1900/1900/1900 1901/1901/1901 1902/1902/1902
f 1903/1903/1903 1901/1901/1901 1904/1904/1904
f 1904/1904/1904 1905/1905/1905 1906/1906/1906
f 1903/1903/1903 1904/1904/1904 1906/1906/1906
f 1901/1901/1901 1903/1903/1903 1902/1902/1902
f 1907/1907/1907 1908/1908/1908 1902/1902/1902
f 1909/1909/1909 1902/1902/1902 1910/1910/1910
f 1907/1907/1907 1902/1902/1902 1911/1911/1911
f 1912/1912/1912 1906/1906/1906 1913/1913/1913
f 1906/1906/1906 1909/1909/1909 1910/1910/1910
f 1906/1906/1906 1912/1912/1912 1914/1914/1914
f 1902/1902/1902 1909/1909/1909 1911/1911/1911
f 1909/1909/1909 1906/1906/1906 1914/1914/1914
f 1915/1915/1915 1916/1916/1916 1917/1917/1917
f 1915/1915/1915 1918/1918/1918 1916/1916/1916
f 1916/1916/1916 1919/1919/1919 1917/1917/1917
f 1918/1918/1918 1915/1915/1915 1920/1920/1920
f 1921/1921/1921 1918/1918/1918 1920/1920/1920
f 1922/1922/1922 1923/1923/1923 1924/1924/1924
f 1925/1925/1925 1922/1922/1922 1926/1926/1926
f 1927/1927/1927 1925/1925/1925 1928/1928/1928
f 1927/1927/1927 1922/1922/1922 1925/1925/1925
f 1929/1929/1929 1927/1927/1927 1930/1930/1930
f 1929/1929/1929 1922/1922/1922 1927/1927/1927
f 1929/1929/1929 1923/1923/1923 1922/1922/1922
f 1931/1931/1931 1923/1923/1923 1929/1929/1929
f 1932/1932/1932 1933/1933/1933 1934/1934/1934
f 1935/1935/1935 1932/1932/1932 1936/1936/1936
f 1937/1937/1937 1935/1935/1935 1938/1938/1938
f 1937/1937/1937 1932/1932/1932 1935/1935/1935
f 1939/1939/1939 1937/1937/1937 1940/1940/1940
f 1939/1939/1939 1932/1932/1932 1937/1937/1937
f 1939/1939/1939 1933/1933/1933 1932/1932/1932
f 1941/1941/1941 1933/1933/1933 1939/1939/1939
