# Exported by ZModeler 2.2.6 (Build 981) with WavefrontOBJ filter (Build 45)
# 

mtllib car05.mtl

v -1.08014 0.665226 -1.71038
v -1.04162 0.812707 -1.71038
v -1.03894 0.71432 -2.09768
v -1.08014 0.530628 -2.11122
v -0.976734 0.0686946 2.32139
v -0.987993 -0.00426537 2.13087
v -0.528477 -0.0104006 2.13525
v -0.50625 0.0686946 2.38936
v -1.01388 1.04559 -0.979092
v -1.04178 0.941005 -0.972702
v -1.0125 0.964027 -0.708966
v -1.08014 0.735583 -1.35752
v -1.0417 0.876856 -1.36172
v -1.0125 -0.0759957 -0.725374
v -1.05331 0.0670267 -0.725374
v -1.05933 0.0728241 -0.929124
v -1.0125 -0.0759957 -0.921276
v -1.08014 0.262309 -0.725374
v -1.08014 0.250285 -0.942435
v -1.08014 0.757133 -0.725374
v -1.08014 0.78985 -0.964323
v -1.0971 0.552163 -1.1121
v -1.0971 0.5011 -1.0523
v -1.0125 -0.0759957 0.366632
v -1.05331 0.0670267 0.366632
v -1.08014 0.287172 0.366632
v -1.08014 0.757133 0.366632
v -1.0125 0.964027 0.366632
v -1.08014 0.757133 1.59648
v -1.0125 0.964027 1.65937
v -1.0125 0.964027 1.30037
v -1.08014 0.757133 1.30037
v -1.0265 0.0643269 2.25314
v -1.04289 0.388778 2.3578
v -1.04438 0.558694 2.3241
v -1.08519 0.556304 2.24677
v -1.08711 0.385091 2.2833
v -1.05331 0.0670267 1.02119
v -1.08995 0.292118 1.11478
v -1.0125 -0.0759957 1.10841
v -1.08014 0.46753 -0.725374
v -1.08014 0.491815 0.366632
v -1.0971 0.487765 1.21407
v -1.0971 0.543043 1.25215
v -1.0971 0.647622 1.56613
v -1.0971 0.634327 1.69646
v -1.08014 0.757133 1.98489
v -1.0971 0.51219 1.88789
v -1.08014 0.757133 2.23704
v -1.0971 0.586115 1.29725
v -1.0971 0.593307 1.82816
v -1.0971 0.452053 -1.02461
v -1.0125 -0.0672455 -1.85388
v -1.06182 0.0510687 -1.84522
v -1.04475 0.0551532 -2.04847
v -1.00543 0.000865221 -2.04274
v -1.08014 0.208405 -1.8337
v -1.0971 0.43311 -1.76518
v -1.08052 0.377762 -2.06464
v -1.07321 0.194279 -2.06318
v -1.0971 0.521261 -1.69298
v -1.0849 0.448265 -2.08693
v -1.0971 0.599076 -1.24411
v -1.0971 0.615195 -1.39677
v -1.02487 0.973233 -1.36491
v -0.937278 1.07603 -0.979092
v -0.954909 1.00282 -1.36491
v -1.01704 0.797349 -2.12292
v -1.02487 0.81119 -2.09316
v -0.986265 0.836524 -2.09738
v -0.987354 0.822722 -2.1234
v -2.8167e-007 -0.0209211 2.14796
v -3.15747e-007 0.0686946 2.40781
v -1.02438 0.73687 -2.12939
v -0.989649 0.800485 -2.14467
v -0.996309 0.759421 -2.15552
v -1.02487 0.900877 -1.71038
v -1.05933 0.440276 -2.19784
v -1.05092 0.510801 -2.15471
v -0.999855 0.927756 2.26139
v -0.976734 1.00455 2.24297
v -0.995076 0.983766 2.19834
v -1.02487 0.900877 -1.71038
v -0.97254 0.929609 -1.71038
v -1.0971 0.581478 -1.54302
v -1.0971 0.637076 1.41916
v -1.0125 0.964027 2.03257
v -1.01416 0.432288 -2.2479
v -1.0021 0.490973 -2.18826
v -1.05871 0.059004 1.97827
v -1.0515 0.199156 2.2798
v -1.07714 0.197075 1.98032
v -1.0125 -0.0298795 1.96596
v -1.10226 0.345424 1.96596
v 1.08014 0.665226 -1.71038
v 1.08014 0.530628 -2.11122
v 1.03894 0.71432 -2.09768
v 1.04162 0.812707 -1.71038
v 0.976734 0.0686946 2.32139
v 0.50625 0.0686946 2.38936
v 0.528477 -0.0104006 2.13525
v 0.987993 -0.00426537 2.13087
v 1.04178 0.941005 -0.972702
v 1.01388 1.04559 -0.979092
v 1.0125 0.964027 -0.708966
v 1.08014 0.735583 -1.35752
v 1.0417 0.876856 -1.36172
v 1.0125 -0.0759957 -0.725374
v 1.0125 -0.0759957 -0.921276
v 1.05933 0.0728241 -0.929124
v 1.05331 0.0670267 -0.725374
v 1.08014 0.250285 -0.942435
v 1.08014 0.262309 -0.725374
v 1.08014 0.757133 -0.725374
v 1.0971 0.5011 -1.0523
v 1.0971 0.552163 -1.1121
v 1.08014 0.78985 -0.964323
v 1.0125 -0.0759957 0.366632
v 1.05331 0.0670267 0.366632
v 1.08014 0.287172 0.366632
v 1.08014 0.757133 0.366632
v 1.0125 0.964027 0.366632
v 1.08014 0.757133 1.59648
v 1.08014 0.757133 1.30037
v 1.0125 0.964027 1.30037
v 1.0125 0.964027 1.65937
v 1.0265 0.0643269 2.25314
v 1.04289 0.388778 2.3578
v 1.08711 0.385091 2.2833
v 1.08519 0.556304 2.24677
v 1.04438 0.558694 2.3241
v 1.05331 0.0670267 1.02119
v 1.08995 0.292118 1.11478
v 1.0125 -0.0759957 1.10841
v 1.08014 0.46753 -0.725374
v 1.08014 0.491815 0.366632
v 1.0971 0.543043 1.25215
v 1.0971 0.487765 1.21407
v 1.0971 0.634327 1.69646
v 1.0971 0.647622 1.56613
v 1.08014 0.757133 1.98489
v 1.08014 0.757133 2.23704
v 1.0971 0.51219 1.88789
v 1.0971 0.586115 1.29725
v 1.0971 0.593307 1.82816
v 1.0971 0.452053 -1.02461
v 1.0125 -0.0672455 -1.85388
v 1.00543 0.000865221 -2.04274
v 1.04475 0.0551532 -2.04847
v 1.06182 0.0510687 -1.84522
v 1.08014 0.208405 -1.8337
v 1.07321 0.194279 -2.06318
v 1.08052 0.377762 -2.06464
v 1.0971 0.43311 -1.76518
v 1.0849 0.448265 -2.08693
v 1.0971 0.521261 -1.69298
v 1.0971 0.599076 -1.24411
v 1.0971 0.615195 -1.39677
v 1.02487 0.973233 -1.36491
v 0.954909 1.00282 -1.36491
v 0.937278 1.07603 -0.979092
v 1.01704 0.797349 -2.12292
v 0.987354 0.822722 -2.1234
v 0.986265 0.836524 -2.09738
v 1.02487 0.81119 -2.09316
v 1.02438 0.73687 -2.12939
v 0.996309 0.759421 -2.15552
v 0.989649 0.800485 -2.14467
v 1.02487 0.900877 -1.71038
v 1.05933 0.440276 -2.19784
v 1.05092 0.510801 -2.15471
v 0.995076 0.983766 2.19834
v 0.976734 1.00455 2.24297
v 0.999855 0.927756 2.26139
v 0.97254 0.929609 -1.71038
v 1.0971 0.581478 -1.54302
v 1.0971 0.637076 1.41916
v 1.0125 0.964027 2.03257
v 1.01416 0.432288 -2.2479
v 1.0021 0.490973 -2.18826
v 1.05871 0.059004 1.97827
v 1.07714 0.197075 1.98032
v 1.0515 0.199156 2.2798
v 1.0125 -0.0298795 1.96596
v 1.10226 0.345424 1.96596
v -0.429544 1.66447 2.00633
v -0.441321 1.60285 2.18904
v -2.89499e-007 1.60848 2.20765
v -2.63099e-007 1.6715 2.00633
v -0.429544 1.69973 0.369094
v -0.429544 1.69973 1.30037
v -1.70523e-007 1.70677 1.30037
v -4.84007e-008 1.70677 0.369094
v -0.429544 1.69372 1.65937
v -2.17601e-007 1.70076 1.65937
v -0.976734 1.00455 2.24297
v -0.941058 1.16546 2.22221
v -0.96642 1.15529 2.19019
v -0.995076 0.983766 2.19834
v -0.429544 1.67628 -0.301241
v 3.9503e-008 1.68331 -0.301241
v -0.904257 1.59693 1.66553
v -0.904563 1.56585 2.00633
v -0.859088 1.63495 2.00633
v -0.859088 1.6642 1.65937
v -0.903222 1.60922 0.368556
v -0.90396 1.60476 1.30037
v -0.859088 1.67021 1.30037
v -0.859088 1.67021 0.369094
v -0.902511 1.58002 -0.365761
v -0.859088 1.64676 -0.301241
v -0.949203 1.34045 -0.675907
v -0.960219 1.33942 -0.588887
v -0.890613 1.56659 -0.435648
v -0.964323 1.31461 2.04299
v -0.938376 1.3135 2.16657
v -0.878285 1.57213 2.09871
v -0.814675 1.6868 0.369094
v -0.809135 1.66366 -0.301241
v -0.813521 1.65078 2.00633
v -0.810554 1.68021 1.65937
v -0.807587 1.68638 1.30037
v -0.846877 1.57964 2.12998
v -1.01388 1.04559 -0.979092
v -1.0125 0.964027 -0.708966
v -0.988056 1.14717 -0.697917
v -0.987111 1.14418 -0.859127
v -0.890652 1.35566 -0.705583
v -0.930123 1.14399 -0.906921
v -0.987111 1.14418 -0.859127
v 5.56507e-008 1.63776 -0.42438
v -0.442925 1.63007 -0.42312
v -0.836745 1.56854 -0.464775
v -0.803696 1.61533 -0.412445
v -0.937278 1.07603 -0.979092
v -0.988416 1.14646 2.04487
v -0.905391 1.3121 2.20144
v -1.0125 0.964027 2.03257
v 0.429544 1.66447 2.00633
v 0.441321 1.60285 2.18904
v 0.429544 1.69973 0.369094
v 0.429544 1.69973 1.30037
v 0.429544 1.69372 1.65937
v 0.976734 1.00455 2.24297
v 0.995076 0.983766 2.19834
v 0.96642 1.15529 2.19019
v 0.941058 1.16546 2.22221
v 0.429544 1.67628 -0.301241
v 0.904257 1.59693 1.66553
v 0.859088 1.6642 1.65937
v 0.859088 1.63495 2.00633
v 0.904563 1.56585 2.00633
v 0.903222 1.60922 0.368556
v 0.859088 1.67021 0.369094
v 0.859088 1.67021 1.30037
v 0.90396 1.60476 1.30037
v 0.902511 1.58002 -0.365761
v 0.859088 1.64676 -0.301241
v 0.949203 1.34045 -0.675907
v 0.890613 1.56659 -0.435648
v 0.960219 1.33942 -0.588887
v 0.964323 1.31461 2.04299
v 0.878285 1.57213 2.09871
v 0.938376 1.3135 2.16657
v 0.809135 1.66366 -0.301241
v 0.814675 1.6868 0.369094
v 0.810554 1.68021 1.65937
v 0.813521 1.65078 2.00633
v 0.807587 1.68638 1.30037
v 0.846877 1.57964 2.12998
v 1.01388 1.04559 -0.979092
v 0.987111 1.14418 -0.859127
v 0.988056 1.14717 -0.697917
v 1.0125 0.964027 -0.708966
v 0.890652 1.35566 -0.705583
v 0.930123 1.14399 -0.906921
v 0.442925 1.63007 -0.42312
v 0.836745 1.56854 -0.464775
v 0.803696 1.61533 -0.412445
v 0.937278 1.07603 -0.979092
v 0.988416 1.14646 2.04487
v 0.905391 1.3121 2.20144
v 1.0125 0.964027 2.03257
v -0.540072 0.427397 -2.32316
v -0.621369 0.490973 -2.26111
v -0.540072 0.490973 -2.26111
v -1.0021 0.490973 -2.18826
v -1.01416 0.432288 -2.2479
v 0.621369 0.490973 -2.26111
v 0.540072 0.427397 -2.32316
v 0.540072 0.490973 -2.26111
v 1.01416 0.432288 -2.2479
v 1.0021 0.490973 -2.18826
v -0.50625 0.838103 -2.14469
v -0.50625 0.855035 -2.10676
v 2.76999e-007 0.859226 -2.11234
v 2.81608e-007 0.843109 -2.14748
v -0.50625 1.02453 -1.36491
v -0.50625 1.09688 -0.979092
v 1.28392e-007 1.09688 -0.979092
v 1.78987e-007 1.02453 -1.36491
v -0.621369 0.490973 -2.26111
v -0.675697 0.714539 -2.20743
v -0.516917 0.71671 -2.20694
v -0.540072 0.490973 -2.26111
v -0.50625 0.952168 -1.71038
v 2.24289e-007 0.952168 -1.71038
v -0.986265 0.836524 -2.09738
v -0.97254 0.929609 -1.71038
v 3.04962e-007 0.422508 -2.32557
v -0.540072 0.427397 -2.32316
v 2.96509e-007 0.490973 -2.26111
v 2.89115e-007 0.726495 -2.20473
v -0.50625 0.807455 -2.18645
v 2.86718e-007 0.807455 -2.18645
v -0.996309 0.759421 -2.15552
v -0.989649 0.800485 -2.14467
v -0.987354 0.822722 -2.1234
v -0.954909 1.00282 -1.36491
v -0.937278 1.07603 -0.979092
v 0.50625 0.838103 -2.14469
v 0.50625 0.855035 -2.10676
v 0.50625 1.02453 -1.36491
v 0.50625 1.09688 -0.979092
v 0.621369 0.490973 -2.26111
v 0.540072 0.490973 -2.26111
v 0.516917 0.71671 -2.20694
v 0.675697 0.714539 -2.20743
v 0.50625 0.952168 -1.71038
v 0.97254 0.929609 -1.71038
v 0.986265 0.836524 -2.09738
v 0.540072 0.427397 -2.32316
v 0.50625 0.807455 -2.18645
v 0.989649 0.800485 -2.14467
v 0.996309 0.759421 -2.15552
v 0.987354 0.822722 -2.1234
v 0.954909 1.00282 -1.36491
v 0.937278 1.07603 -0.979092
v -0.69797 0.558298 2.37198
v -0.540072 0.558117 2.39208
v -0.540072 0.757133 2.37214
v -0.41586 0.753359 2.37373
v -0.401796 0.881952 2.34312
v -0.518692 0.918887 2.33107
v -3.14532e-007 0.613126 2.39855
v -0.41585 0.617004 2.384
v -3.16103e-007 0.553809 2.41053
v -3.09519e-007 0.882092 2.36032
v -3.08556e-007 0.919157 2.35298
v -3.06965e-007 0.748202 2.34085
v -3.05793e-007 0.842973 2.33191
v -0.337973 0.842875 2.32225
v -0.352037 0.745539 2.34385
v -0.352027 0.649321 2.3511
v -3.09656e-007 0.646585 2.36137
v 0.41586 0.753359 2.37373
v 0.540072 0.757133 2.37214
v 0.518692 0.918887 2.33107
v 0.401796 0.881952 2.34312
v 0.540072 0.558117 2.39208
v 0.41585 0.617004 2.384
v 0.352037 0.745539 2.34385
v 0.337973 0.842875 2.32225
v 0.352027 0.649321 2.3511
v -3.20522e-007 0.388778 2.44423
v -0.55244 0.388778 2.42578
v -0.69797 0.558298 2.37198
v -1.04438 0.558694 2.3241
v -1.04289 0.388778 2.3578
v -3.06331e-007 1.0032 2.33601
v -0.50625 1.0032 2.31405
v -0.999855 0.927756 2.26139
v -0.976734 1.00455 2.24297
v 0.55244 0.388778 2.42578
v 1.04289 0.388778 2.3578
v 1.04438 0.558694 2.3241
v 0.69797 0.558298 2.37198
v 0.50625 1.0032 2.31405
v 0.999855 0.927756 2.26139
v 0.976734 1.00455 2.24297
v -0.401796 0.881952 2.34312
v -0.41586 0.753359 2.37373
v -0.352037 0.745539 2.34385
v -0.337973 0.842875 2.32225
v -0.41585 0.617004 2.384
v -0.352027 0.649321 2.3511
v -3.09519e-007 0.882092 2.36032
v -3.05793e-007 0.842973 2.33191
v -3.14532e-007 0.613126 2.39855
v -3.09656e-007 0.646585 2.36137
v 0.401796 0.881952 2.34312
v 0.337973 0.842875 2.32225
v 0.352037 0.745539 2.34385
v 0.41586 0.753359 2.37373
v 0.352027 0.649321 2.3511
v 0.41585 0.617004 2.384
v -0.540072 0.490973 -2.26111
v -0.516917 0.71671 -2.20694
v 2.89115e-007 0.726495 -2.20473
v 2.96509e-007 0.490973 -2.26111
v -1.0021 0.490973 -2.18826
v -0.996309 0.759421 -2.15552
v -0.675697 0.714539 -2.20743
v -0.621369 0.490973 -2.26111
v -1.05092 0.510801 -2.15471
v -1.02438 0.73687 -2.12939
v -1.08014 0.530628 -2.11122
v -1.03894 0.71432 -2.09768
v 0.540072 0.490973 -2.26111
v 0.516917 0.71671 -2.20694
v 1.0021 0.490973 -2.18826
v 0.621369 0.490973 -2.26111
v 0.675697 0.714539 -2.20743
v 0.996309 0.759421 -2.15552
v 1.05092 0.510801 -2.15471
v 1.02438 0.73687 -2.12939
v 1.08014 0.530628 -2.11122
v 1.03894 0.71432 -2.09768
v -0.999855 0.927756 2.26139
v -1.08014 0.757133 2.23704
v -1.04438 0.757133 2.30416
v -0.540072 0.757133 2.37214
v -0.518692 0.918887 2.33107
v -1.04438 0.558694 2.3241
v -0.69797 0.558298 2.37198
v -1.08014 0.757133 2.23704
v -1.08519 0.556304 2.24677
v 1.08014 0.757133 2.23704
v 0.999855 0.927756 2.26139
v 1.04438 0.757133 2.30416
v 0.540072 0.757133 2.37214
v 0.518692 0.918887 2.33107
v 1.04438 0.558694 2.3241
v 0.69797 0.558298 2.37198
v 1.08014 0.757133 2.23704
v 1.08519 0.556304 2.24677
v -1.0125 -0.0621052 -1.77226
v -1.0125 -0.0672455 -1.85388
v -1.00543 0.000865221 -2.04274
v -0.536049 -0.00399727 -2.04061
v -0.565849 -0.0702839 -1.7731
v -1.0125 -0.0759957 0.366632
v -1.0125 -0.0759957 -0.725374
v -0.585776 -0.0759957 -0.725374
v -0.58875 -0.0767367 0.32737
v -1.0125 -0.0759957 -0.725374
v -1.0125 -0.0759957 -0.921276
v -1.0125 -0.0759957 -0.990666
v -0.572731 -0.0767667 -0.991503
v -0.585776 -0.0759957 -0.725374
v -1.0125 -0.0759957 -0.990666
v -1.06232 0.0736029 -0.996795
v -0.596732 0.0685738 -0.997686
v -0.572731 -0.0767667 -0.991503
v -1.0971 0.442939 -1.67026
v -1.08014 0.213165 -1.77226
v -0.633381 0.26594 -1.77394
v -0.650342 0.495713 -1.67195
v -1.0971 0.558058 1.54586
v -1.0971 0.545871 1.42026
v -0.649173 0.589441 1.42866
v -0.649173 0.600292 1.54571
v -1.08014 0.293013 1.17157
v -1.05726 0.0664067 1.12654
v -0.582464 0.0136498 1.11669
v -0.632213 0.387658 1.17141
v -1.0125 -0.0759957 1.10841
v -1.0125 -0.0759957 0.366632
v -0.58875 -0.0767367 0.32737
v -0.574866 -0.0548789 1.10833
v -0.565849 -0.0702839 -1.7731
v -0.536049 -0.00399727 -2.04061
v 2.67538e-007 -0.0171911 -2.04018
v 2.32404e-007 -0.0739046 -1.77226
v -0.58875 -0.0767367 0.32737
v -0.585776 -0.0759957 -0.725374
v 9.5121e-008 -0.0759957 -0.725374
v -4.8078e-008 -0.0759957 0.366632
v -0.585776 -0.0759957 -0.725374
v -0.572731 -0.0767667 -0.991503
v 1.2991e-007 -0.0759957 -0.990666
v 9.5121e-008 -0.0759957 -0.725374
v -0.56929 -0.0767667 -1.38574
v -0.565849 -0.0702839 -1.7731
v 2.32404e-007 -0.0739046 -1.77226
v 1.81606e-007 -0.0759957 -1.38489
v -0.574866 -0.0548789 1.10833
v -0.58875 -0.0767367 0.32737
v -4.8078e-008 -0.0759957 0.366632
v -1.45351e-007 -0.0759957 1.10841
v -0.562805 -0.0548789 1.50043
v -0.574866 -0.0548789 1.10833
v -1.45351e-007 -0.0759957 1.10841
v -1.97209e-007 -0.0759957 1.50387
v -0.56929 -0.0767667 -1.38574
v -0.596882 0.0742326 -1.38928
v -0.59168 0.0496284 -1.77342
v -0.565849 -0.0702839 -1.7731
v -0.650342 0.564428 -1.39397
v -0.650342 0.546537 -1.536
v -0.633381 0.244078 -1.39397
v -1.08014 0.209393 -1.00543
v -1.0971 0.454373 -1.11704
v -0.650342 0.507147 -1.11873
v -0.633381 0.262168 -1.00711
v -1.08014 0.213165 -1.77226
v -1.06629 0.0497122 -1.77226
v -0.59168 0.0496284 -1.77342
v -0.633381 0.26594 -1.77394
v -1.0971 0.511653 -1.39227
v -1.0971 0.494298 -1.53136
v -0.650342 0.546537 -1.536
v -0.650342 0.564428 -1.39397
v -0.562805 -0.0548789 1.50043
v -0.573546 0.000838816 1.5053
v -0.582464 0.0136498 1.11669
v -0.574866 -0.0548789 1.10833
v -0.632213 0.387658 1.53193
v -0.649173 0.589441 1.42866
v -0.649173 0.53217 1.29469
v -0.632213 0.387658 1.17141
v -1.10226 0.345424 1.88575
v -1.0971 0.510358 1.79005
v -0.649173 0.552591 1.78989
v -0.632213 0.387658 1.88561
v -1.0971 0.489935 1.29484
v -1.08014 0.293013 1.17157
v -0.632213 0.387658 1.17141
v -0.649173 0.53217 1.29469
v -1.0125 -0.0759957 1.88575
v -1.06297 0.0567894 1.89806
v -0.565168 0.00194567 1.88567
v -0.550743 -0.0548789 1.88568
v -1.0971 0.454373 -1.11704
v -1.0971 0.499133 -1.24831
v -0.650342 0.548626 -1.2268
v -0.650342 0.507147 -1.11873
v -0.633381 0.262168 -1.00711
v -0.650342 0.507147 -1.11873
v -0.650342 0.548626 -1.2268
v -0.633381 0.244078 -1.39397
v -0.572731 -0.0767667 -0.991503
v -0.596732 0.0685738 -0.997686
v -0.596882 0.0742326 -1.38928
v -0.56929 -0.0767667 -1.38574
v -0.572731 -0.0767667 -0.991503
v -0.56929 -0.0767667 -1.38574
v 1.81606e-007 -0.0759957 -1.38489
v 1.2991e-007 -0.0759957 -0.990666
v -0.632213 0.387658 1.88561
v -0.649173 0.552591 1.78989
v -0.649173 0.587741 1.68918
v -0.632213 0.387658 1.53193
v -0.550743 -0.0548789 1.88568
v -0.565168 0.00194567 1.88567
v -0.573546 0.000838816 1.5053
v -0.562805 -0.0548789 1.50043
v -0.550743 -0.0548789 1.88568
v -0.562805 -0.0548789 1.50043
v -1.97209e-007 -0.0759957 1.50387
v -2.48173e-007 -0.0759957 1.89251
v -1.0971 0.510358 1.79005
v -1.0971 0.546694 1.67845
v -0.649173 0.587741 1.68918
v -0.649173 0.552591 1.78989
v -0.565168 0.00194567 1.88567
v -1.06297 0.0567894 1.89806
v -1.07961 0.196 1.90012
v -0.632213 0.387658 1.88561
v -0.573546 0.000838816 1.5053
v -0.565168 0.00194567 1.88567
v -0.632213 0.387658 1.88561
v -0.632213 0.387658 1.53193
v -0.582464 0.0136498 1.11669
v -1.05726 0.0664067 1.12654
v -1.0125 -0.0759957 1.10841
v -0.574866 -0.0548789 1.10833
v -0.582464 0.0136498 1.11669
v -0.573546 0.000838816 1.5053
v -0.632213 0.387658 1.53193
v -0.632213 0.387658 1.17141
v -0.596882 0.0742326 -1.38928
v -0.596732 0.0685738 -0.997686
v -0.633381 0.262168 -1.00711
v -0.633381 0.244078 -1.39397
v -0.596732 0.0685738 -0.997686
v -1.06232 0.0736029 -0.996795
v -1.08014 0.209393 -1.00543
v -0.633381 0.262168 -1.00711
v -0.59168 0.0496284 -1.77342
v -1.06629 0.0497122 -1.77226
v -1.0125 -0.0621052 -1.77226
v -0.565849 -0.0702839 -1.7731
v -0.59168 0.0496284 -1.77342
v -0.596882 0.0742326 -1.38928
v -0.633381 0.244078 -1.39397
v -0.633381 0.26594 -1.77394
v -0.650342 0.546537 -1.536
v -1.0971 0.494298 -1.53136
v -1.0971 0.442939 -1.67026
v -0.650342 0.495713 -1.67195
v -0.650342 0.546537 -1.536
v -0.650342 0.495713 -1.67195
v -0.633381 0.26594 -1.77394
v -0.633381 0.244078 -1.39397
v -0.650342 0.548626 -1.2268
v -0.650342 0.564428 -1.39397
v -0.633381 0.244078 -1.39397
v -0.650342 0.548626 -1.2268
v -1.0971 0.499133 -1.24831
v -1.0971 0.511653 -1.39227
v -0.650342 0.564428 -1.39397
v -0.649173 0.589441 1.42866
v -1.0971 0.545871 1.42026
v -1.0971 0.489935 1.29484
v -0.649173 0.53217 1.29469
v -0.649173 0.587741 1.68918
v -0.649173 0.600292 1.54571
v -0.632213 0.387658 1.53193
v -0.632213 0.387658 1.53193
v -0.649173 0.600292 1.54571
v -0.649173 0.589441 1.42866
v -0.649173 0.587741 1.68918
v -1.0971 0.546694 1.67845
v -1.0971 0.558058 1.54586
v -0.649173 0.600292 1.54571
v -0.528477 -0.0104006 2.13525
v -0.987993 -0.00426537 2.13087
v -1.0125 -0.0298795 1.96596
v -1.0125 -0.0759957 1.88575
v -0.550743 -0.0548789 1.88568
v -2.8167e-007 -0.0209211 2.14796
v -0.528477 -0.0104006 2.13525
v -0.550743 -0.0548789 1.88568
v -2.48173e-007 -0.0759957 1.89251
v -1.07961 0.196 1.90012
v -1.10226 0.345424 1.88575
v -0.632213 0.387658 1.88561
v 1.0125 -0.0621052 -1.77226
v 0.565849 -0.0702839 -1.7731
v 0.536049 -0.00399727 -2.04061
v 1.00543 0.000865221 -2.04274
v 1.0125 -0.0672455 -1.85388
v 1.0125 -0.0759957 0.366632
v 0.58875 -0.0767367 0.32737
v 0.585776 -0.0759957 -0.725374
v 1.0125 -0.0759957 -0.725374
v 1.0125 -0.0759957 -0.725374
v 0.585776 -0.0759957 -0.725374
v 0.572731 -0.0767667 -0.991503
v 1.0125 -0.0759957 -0.990666
v 1.0125 -0.0759957 -0.921276
v 1.0125 -0.0759957 -0.990666
v 0.572731 -0.0767667 -0.991503
v 0.596732 0.0685738 -0.997686
v 1.06232 0.0736029 -0.996795
v 1.0971 0.442939 -1.67026
v 0.650342 0.495713 -1.67195
v 0.633381 0.26594 -1.77394
v 1.08014 0.213165 -1.77226
v 1.0971 0.558058 1.54586
v 0.649173 0.600292 1.54571
v 0.649173 0.589441 1.42866
v 1.0971 0.545871 1.42026
v 1.08014 0.293013 1.17157
v 0.632213 0.387658 1.17141
v 0.582464 0.0136498 1.11669
v 1.05726 0.0664067 1.12654
v 1.0125 -0.0759957 1.10841
v 0.574866 -0.0548789 1.10833
v 0.58875 -0.0767367 0.32737
v 1.0125 -0.0759957 0.366632
v 0.565849 -0.0702839 -1.7731
v 2.32404e-007 -0.0739046 -1.77226
v 2.67538e-007 -0.0171911 -2.04018
v 0.536049 -0.00399727 -2.04061
v 0.58875 -0.0767367 0.32737
v -4.8078e-008 -0.0759957 0.366632
v 9.5121e-008 -0.0759957 -0.725374
v 0.585776 -0.0759957 -0.725374
v 0.585776 -0.0759957 -0.725374
v 9.5121e-008 -0.0759957 -0.725374
v 1.2991e-007 -0.0759957 -0.990666
v 0.572731 -0.0767667 -0.991503
v 0.56929 -0.0767667 -1.38574
v 1.81606e-007 -0.0759957 -1.38489
v 2.32404e-007 -0.0739046 -1.77226
v 0.565849 -0.0702839 -1.7731
v 0.574866 -0.0548789 1.10833
v -1.45351e-007 -0.0759957 1.10841
v -4.8078e-008 -0.0759957 0.366632
v 0.58875 -0.0767367 0.32737
v 0.562805 -0.0548789 1.50043
v -1.97209e-007 -0.0759957 1.50387
v -1.45351e-007 -0.0759957 1.10841
v 0.574866 -0.0548789 1.10833
v 0.56929 -0.0767667 -1.38574
v 0.565849 -0.0702839 -1.7731
v 0.59168 0.0496284 -1.77342
v 0.596882 0.0742326 -1.38928
v 0.650342 0.546537 -1.536
v 0.650342 0.564428 -1.39397
v 0.633381 0.244078 -1.39397
v 1.08014 0.209393 -1.00543
v 0.633381 0.262168 -1.00711
v 0.650342 0.507147 -1.11873
v 1.0971 0.454373 -1.11704
v 1.08014 0.213165 -1.77226
v 0.633381 0.26594 -1.77394
v 0.59168 0.0496284 -1.77342
v 1.06629 0.0497122 -1.77226
v 1.0971 0.511653 -1.39227
v 0.650342 0.564428 -1.39397
v 0.650342 0.546537 -1.536
v 1.0971 0.494298 -1.53136
v 0.562805 -0.0548789 1.50043
v 0.574866 -0.0548789 1.10833
v 0.582464 0.0136498 1.11669
v 0.573546 0.000838816 1.5053
v 0.632213 0.387658 1.53193
v 0.632213 0.387658 1.17141
v 0.649173 0.53217 1.29469
v 0.649173 0.589441 1.42866
v 1.10226 0.345424 1.88575
v 0.632213 0.387658 1.88561
v 0.649173 0.552591 1.78989
v 1.0971 0.510358 1.79005
v 1.0971 0.489935 1.29484
v 0.649173 0.53217 1.29469
v 0.632213 0.387658 1.17141
v 1.08014 0.293013 1.17157
v 1.0125 -0.0759957 1.88575
v 0.550743 -0.0548789 1.88568
v 0.565168 0.00194567 1.88567
v 1.06297 0.0567894 1.89806
v 1.0971 0.454373 -1.11704
v 0.650342 0.507147 -1.11873
v 0.650342 0.548626 -1.2268
v 1.0971 0.499133 -1.24831
v 0.633381 0.262168 -1.00711
v 0.633381 0.244078 -1.39397
v 0.650342 0.548626 -1.2268
v 0.650342 0.507147 -1.11873
v 0.572731 -0.0767667 -0.991503
v 0.56929 -0.0767667 -1.38574
v 0.596882 0.0742326 -1.38928
v 0.596732 0.0685738 -0.997686
v 0.572731 -0.0767667 -0.991503
v 1.2991e-007 -0.0759957 -0.990666
v 1.81606e-007 -0.0759957 -1.38489
v 0.56929 -0.0767667 -1.38574
v 0.632213 0.387658 1.88561
v 0.632213 0.387658 1.53193
v 0.649173 0.587741 1.68918
v 0.649173 0.552591 1.78989
v 0.550743 -0.0548789 1.88568
v 0.562805 -0.0548789 1.50043
v 0.573546 0.000838816 1.5053
v 0.565168 0.00194567 1.88567
v 0.550743 -0.0548789 1.88568
v -2.48173e-007 -0.0759957 1.89251
v -1.97209e-007 -0.0759957 1.50387
v 0.562805 -0.0548789 1.50043
v 1.0971 0.510358 1.79005
v 0.649173 0.552591 1.78989
v 0.649173 0.587741 1.68918
v 1.0971 0.546694 1.67845
v 0.565168 0.00194567 1.88567
v 0.632213 0.387658 1.88561
v 1.07961 0.196 1.90012
v 1.06297 0.0567894 1.89806
v 0.573546 0.000838816 1.5053
v 0.632213 0.387658 1.53193
v 0.632213 0.387658 1.88561
v 0.565168 0.00194567 1.88567
v 0.582464 0.0136498 1.11669
v 0.574866 -0.0548789 1.10833
v 1.0125 -0.0759957 1.10841
v 1.05726 0.0664067 1.12654
v 0.582464 0.0136498 1.11669
v 0.632213 0.387658 1.17141
v 0.632213 0.387658 1.53193
v 0.573546 0.000838816 1.5053
v 0.596882 0.0742326 -1.38928
v 0.633381 0.244078 -1.39397
v 0.633381 0.262168 -1.00711
v 0.596732 0.0685738 -0.997686
v 0.596732 0.0685738 -0.997686
v 0.633381 0.262168 -1.00711
v 1.08014 0.209393 -1.00543
v 1.06232 0.0736029 -0.996795
v 0.59168 0.0496284 -1.77342
v 0.565849 -0.0702839 -1.7731
v 1.0125 -0.0621052 -1.77226
v 1.06629 0.0497122 -1.77226
v 0.59168 0.0496284 -1.77342
v 0.633381 0.26594 -1.77394
v 0.633381 0.244078 -1.39397
v 0.596882 0.0742326 -1.38928
v 0.650342 0.546537 -1.536
v 0.650342 0.495713 -1.67195
v 1.0971 0.442939 -1.67026
v 1.0971 0.494298 -1.53136
v 0.650342 0.546537 -1.536
v 0.633381 0.244078 -1.39397
v 0.633381 0.26594 -1.77394
v 0.650342 0.495713 -1.67195
v 0.650342 0.564428 -1.39397
v 0.650342 0.548626 -1.2268
v 0.633381 0.244078 -1.39397
v 0.650342 0.548626 -1.2268
v 0.650342 0.564428 -1.39397
v 1.0971 0.511653 -1.39227
v 1.0971 0.499133 -1.24831
v 0.649173 0.589441 1.42866
v 0.649173 0.53217 1.29469
v 1.0971 0.489935 1.29484
v 1.0971 0.545871 1.42026
v 0.649173 0.600292 1.54571
v 0.649173 0.587741 1.68918
v 0.632213 0.387658 1.53193
v 0.649173 0.600292 1.54571
v 0.632213 0.387658 1.53193
v 0.649173 0.589441 1.42866
v 0.649173 0.587741 1.68918
v 0.649173 0.600292 1.54571
v 1.0971 0.558058 1.54586
v 1.0971 0.546694 1.67845
v 0.528477 -0.0104006 2.13525
v 0.550743 -0.0548789 1.88568
v 1.0125 -0.0759957 1.88575
v 1.0125 -0.0298795 1.96596
v 0.987993 -0.00426537 2.13087
v -2.8167e-007 -0.0209211 2.14796
v -2.48173e-007 -0.0759957 1.89251
v 0.550743 -0.0548789 1.88568
v 0.528477 -0.0104006 2.13525
v 1.10226 0.345424 1.88575
v 1.07961 0.196 1.90012
v 0.632213 0.387658 1.88561
v -0.50625 0.0624104 -2.30811
v -0.540072 0.176987 -2.38585
v 3.12867e-007 0.176987 -2.38585
v 3.02673e-007 0.0624104 -2.30811
v -0.540072 0.340357 -2.39176
v 3.13641e-007 0.340357 -2.39176
v -0.540072 0.427397 -2.32316
v 3.04962e-007 0.422508 -2.32557
v -0.50625 0.0686946 2.38936
v -0.52588 0.207342 2.4201
v -1.00367 0.201533 2.35
v -0.976734 0.0686946 2.32139
v -1.01068 0.340357 -2.34131
v -1.01416 0.432288 -2.2479
v -0.99027 0.176987 -2.3354
v -0.96129 0.0624104 -2.25765
v -3.15747e-007 0.0686946 2.40781
v -3.19459e-007 0.200689 2.43612
v -1.00543 0.000865221 -2.04274
v -1.04475 0.0551532 -2.04847
v -1.01829 0.0585375 -2.15985
v -0.983367 0.0274505 -2.1502
v -1.04858 0.185633 -2.23933
v -1.06245 0.359059 -2.24301
v -0.52115 0.0250189 -2.17436
v -1.05933 0.440276 -2.19784
v 2.85105e-007 0.0184223 -2.17415
v 2.67538e-007 -0.0171911 -2.04018
v -0.536049 -0.00399727 -2.04061
v -1.08052 0.377762 -2.06464
v -1.0849 0.448265 -2.08693
v -1.00543 0.000865221 -2.04274
v -1.07321 0.194279 -2.06318
v -1.08711 0.385091 2.2833
v -1.0515 0.199156 2.2798
v -1.04289 0.388778 2.3578
v -0.55244 0.388778 2.42578
v -3.20522e-007 0.388778 2.44423
v -1.0265 0.0643269 2.25314
v 0.50625 0.0624104 -2.30811
v 0.540072 0.176987 -2.38585
v 0.540072 0.340357 -2.39176
v 0.540072 0.427397 -2.32316
v 0.50625 0.0686946 2.38936
v 0.976734 0.0686946 2.32139
v 1.00367 0.201533 2.35
v 0.52588 0.207342 2.4201
v 1.01068 0.340357 -2.34131
v 1.01416 0.432288 -2.2479
v 0.99027 0.176987 -2.3354
v 0.96129 0.0624104 -2.25765
v 1.00543 0.000865221 -2.04274
v 0.983367 0.0274505 -2.1502
v 1.01829 0.0585375 -2.15985
v 1.04475 0.0551532 -2.04847
v 1.04858 0.185633 -2.23933
v 1.06245 0.359059 -2.24301
v 0.52115 0.0250189 -2.17436
v 1.05933 0.440276 -2.19784
v 0.536049 -0.00399727 -2.04061
v 1.08052 0.377762 -2.06464
v 1.0849 0.448265 -2.08693
v 1.00543 0.000865221 -2.04274
v 1.07321 0.194279 -2.06318
v 1.08711 0.385091 2.2833
v 1.04289 0.388778 2.3578
v 1.0515 0.199156 2.2798
v 0.55244 0.388778 2.42578
v 1.0265 0.0643269 2.25314
v -1.0971 0.511653 -1.39227
v -1.0971 0.615195 -1.39677
v -1.0971 0.581478 -1.54302
v -1.0971 0.494298 -1.53136
v -1.0125 -0.0621052 -1.77226
v -1.06629 0.0497122 -1.77226
v -1.06182 0.0510687 -1.84522
v -1.0125 -0.0672455 -1.85388
v -1.08014 0.213165 -1.77226
v -1.0971 0.442939 -1.67026
v -1.0971 0.43311 -1.76518
v -1.08014 0.208405 -1.8337
v -1.0971 0.521261 -1.69298
v -1.0971 0.452053 -1.02461
v -1.0971 0.5011 -1.0523
v -1.0971 0.454373 -1.11704
v -1.0971 0.51219 1.88789
v -1.0971 0.593307 1.82816
v -1.0971 0.510358 1.79005
v -1.0971 0.487765 1.21407
v -1.0971 0.489935 1.29484
v -1.0971 0.586115 1.29725
v -1.0971 0.543043 1.25215
v -1.05726 0.0664067 1.12654
v -1.05331 0.0670267 1.02119
v -1.0125 -0.0759957 1.10841
v -1.08014 0.293013 1.17157
v -1.08995 0.292118 1.11478
v -1.0125 -0.0298795 1.96596
v -1.05871 0.059004 1.97827
v -1.06297 0.0567894 1.89806
v -1.0125 -0.0759957 1.88575
v -1.10226 0.345424 1.96596
v -1.10226 0.345424 1.88575
v -1.0971 0.647622 1.56613
v -1.0971 0.637076 1.41916
v -1.0971 0.545871 1.42026
v -1.0971 0.558058 1.54586
v -1.08014 0.250285 -0.942435
v -1.08014 0.209393 -1.00543
v -1.0971 0.552163 -1.1121
v -1.0125 -0.0759957 -0.921276
v -1.05933 0.0728241 -0.929124
v -1.06232 0.0736029 -0.996795
v -1.0125 -0.0759957 -0.990666
v -0.815855 1.53621 2.15268
v -0.441465 1.55952 2.19883
v -0.441321 1.60285 2.18904
v -0.846877 1.57964 2.12998
v -0.862485 1.30031 2.2165
v -0.905391 1.3121 2.20144
v -0.941058 1.16546 2.22221
v -0.976734 1.00455 2.24297
v -0.922527 1.04669 2.25754
v -0.50625 1.04669 2.30888
v -0.50625 1.0032 2.31405
v -2.90768e-007 1.56515 2.21733
v -2.89499e-007 1.60848 2.20765
v -3.05192e-007 1.04669 2.32733
v -3.06331e-007 1.0032 2.33601
v -1.00978 0.983692 -0.657254
v -0.985626 1.166 -0.646326
v -0.988056 1.14717 -0.697917
v -1.0125 0.964027 -0.708966
v -1.00976 0.98369 0.321706
v -1.0125 0.964027 0.366632
v -0.961614 1.33086 0.323019
v -0.985689 1.16442 0.322363
v -0.987075 1.15457 0.367325
v -0.961641 1.33084 0.368019
v -0.961479 1.33402 -0.545195
v -0.90747 1.56099 -0.336406
v -0.902511 1.58002 -0.365761
v -0.960219 1.33942 -0.588887
v -0.908262 1.58967 0.323502
v -0.903222 1.60922 0.368556
v -0.963126 1.32191 1.25537
v -0.986454 1.15994 1.25537
v -0.987813 1.15011 1.30037
v -0.963117 1.32191 1.30037
v -1.00978 0.983692 1.25537
v -1.00979 0.983694 0.411706
v -1.0125 0.964027 1.30037
v -0.985716 1.16439 0.412363
v -0.908757 1.58572 1.25537
v -0.90396 1.60476 1.30037
v -0.961641 1.33081 0.413019
v -0.908082 1.58972 0.413503
v -0.964359 1.31467 1.99797
v -0.987075 1.15632 2.00055
v -0.988416 1.14646 2.04487
v -0.964323 1.31461 2.04299
v -1.0098 0.983695 1.34537
v -0.986454 1.15994 1.34537
v -1.0098 0.983695 1.66006
v -1.0125 0.964027 1.65937
v -0.909333 1.54679 1.96244
v -0.904563 1.56585 2.00633
v -0.963108 1.32191 1.34537
v -0.908793 1.58525 1.34537
v -0.909063 1.57765 1.66609
v -0.904257 1.59693 1.66553
v -1.0971 0.599076 -1.24411
v -1.0971 0.499133 -1.24831
v -1.00979 0.983694 1.98893
v -1.0125 0.964027 2.03257
v -1.0971 0.634327 1.69646
v -1.0971 0.546694 1.67845
v -1.07714 0.197075 1.98032
v -1.07961 0.196 1.90012
v 1.0971 0.511653 -1.39227
v 1.0971 0.494298 -1.53136
v 1.0971 0.581478 -1.54302
v 1.0971 0.615195 -1.39677
v 1.0125 -0.0621052 -1.77226
v 1.0125 -0.0672455 -1.85388
v 1.06182 0.0510687 -1.84522
v 1.06629 0.0497122 -1.77226
v 1.08014 0.213165 -1.77226
v 1.08014 0.208405 -1.8337
v 1.0971 0.43311 -1.76518
v 1.0971 0.442939 -1.67026
v 1.0971 0.521261 -1.69298
v 1.0971 0.5011 -1.0523
v 1.0971 0.452053 -1.02461
v 1.0971 0.454373 -1.11704
v 1.0971 0.593307 1.82816
v 1.0971 0.51219 1.88789
v 1.0971 0.510358 1.79005
v 1.0971 0.487765 1.21407
v 1.0971 0.543043 1.25215
v 1.0971 0.586115 1.29725
v 1.0971 0.489935 1.29484
v 1.05331 0.0670267 1.02119
v 1.05726 0.0664067 1.12654
v 1.0125 -0.0759957 1.10841
v 1.08014 0.293013 1.17157
v 1.08995 0.292118 1.11478
v 1.0125 -0.0298795 1.96596
v 1.0125 -0.0759957 1.88575
v 1.06297 0.0567894 1.89806
v 1.05871 0.059004 1.97827
v 1.10226 0.345424 1.96596
v 1.10226 0.345424 1.88575
v 1.0971 0.647622 1.56613
v 1.0971 0.558058 1.54586
v 1.0971 0.545871 1.42026
v 1.0971 0.637076 1.41916
v 1.08014 0.250285 -0.942435
v 1.08014 0.209393 -1.00543
v 1.0971 0.552163 -1.1121
v 1.0125 -0.0759957 -0.921276
v 1.0125 -0.0759957 -0.990666
v 1.06232 0.0736029 -0.996795
v 1.05933 0.0728241 -0.929124
v 0.815855 1.53621 2.15268
v 0.846877 1.57964 2.12998
v 0.441321 1.60285 2.18904
v 0.441465 1.55952 2.19883
v 0.862485 1.30031 2.2165
v 0.905391 1.3121 2.20144
v 0.976734 1.00455 2.24297
v 0.941058 1.16546 2.22221
v 0.922527 1.04669 2.25754
v 0.50625 1.04669 2.30888
v 0.50625 1.0032 2.31405
v 1.00978 0.983692 -0.657254
v 1.0125 0.964027 -0.708966
v 0.988056 1.14717 -0.697917
v 0.985626 1.166 -0.646326
v 1.00976 0.98369 0.321706
v 1.0125 0.964027 0.366632
v 0.961614 1.33086 0.323019
v 0.961641 1.33084 0.368019
v 0.987075 1.15457 0.367325
v 0.985689 1.16442 0.322363
v 0.961479 1.33402 -0.545195
v 0.960219 1.33942 -0.588887
v 0.902511 1.58002 -0.365761
v 0.90747 1.56099 -0.336406
v 0.908262 1.58967 0.323502
v 0.903222 1.60922 0.368556
v 0.963126 1.32191 1.25537
v 0.963117 1.32191 1.30037
v 0.987813 1.15011 1.30037
v 0.986454 1.15994 1.25537
v 1.00978 0.983692 1.25537
v 1.0125 0.964027 1.30037
v 1.00979 0.983694 0.411706
v 0.985716 1.16439 0.412363
v 0.908757 1.58572 1.25537
v 0.90396 1.60476 1.30037
v 0.961641 1.33081 0.413019
v 0.908082 1.58972 0.413503
v 0.964359 1.31467 1.99797
v 0.964323 1.31461 2.04299
v 0.988416 1.14646 2.04487
v 0.987075 1.15632 2.00055
v 1.0098 0.983695 1.34537
v 0.986454 1.15994 1.34537
v 1.0098 0.983695 1.66006
v 1.0125 0.964027 1.65937
v 0.909333 1.54679 1.96244
v 0.904563 1.56585 2.00633
v 0.963108 1.32191 1.34537
v 0.908793 1.58525 1.34537
v 0.909063 1.57765 1.66609
v 0.904257 1.59693 1.66553
v 1.0971 0.499133 -1.24831
v 1.0971 0.599076 -1.24411
v 1.00979 0.983694 1.98893
v 1.0125 0.964027 2.03257
v 1.0971 0.546694 1.67845
v 1.0971 0.634327 1.69646
v 1.07961 0.196 1.90012
v 1.07714 0.197075 1.98032
v -0.50625 1.04669 2.30888
v -0.470578 1.30649 2.2663
v -0.862485 1.30031 2.2165
v -0.922527 1.04669 2.25754
v -0.50625 1.1574 -0.920943
v -0.479487 1.36761 -0.705576
v 9.38934e-008 1.36874 -0.716008
v 1.22323e-007 1.15739 -0.932805
v -1.0098 0.983695 1.66006
v -0.986769 1.15813 1.66586
v -0.986454 1.15994 1.34537
v -1.0098 0.983695 1.34537
v -1.00976 0.98369 0.321706
v -0.985689 1.16442 0.322363
v -0.985626 1.166 -0.646326
v -1.00978 0.983692 -0.657254
v -1.00978 0.983692 1.25537
v -0.986454 1.15994 1.25537
v -0.985716 1.16439 0.412363
v -1.00979 0.983694 0.411706
v -2.99696e-007 1.30088 2.28541
v -2.90768e-007 1.56515 2.21733
v -0.441465 1.55952 2.19883
v -0.890652 1.35566 -0.705583
v -0.836745 1.56854 -0.464775
v -0.449315 1.58545 -0.469849
v -0.961479 1.33402 -0.545195
v -0.961614 1.33086 0.323019
v -0.908262 1.58967 0.323502
v -0.90747 1.56099 -0.336406
v -0.961641 1.33081 0.413019
v -0.963126 1.32191 1.25537
v -0.908757 1.58572 1.25537
v -0.908082 1.58972 0.413503
v -0.963729 1.31829 1.67168
v -0.964359 1.31467 1.99797
v -0.909333 1.54679 1.96244
v -0.909063 1.57765 1.66609
v -0.803696 1.61533 -0.412445
v -0.442925 1.63007 -0.42312
v 6.23761e-008 1.59741 -0.475666
v -0.815855 1.53621 2.15268
v -0.930123 1.14399 -0.906921
v -3.05192e-007 1.04669 2.32733
v 1.28392e-007 1.09688 -0.979092
v -0.50625 1.09688 -0.979092
v 5.56507e-008 1.63776 -0.42438
v -0.963108 1.32191 1.34537
v -0.908793 1.58525 1.34537
v -1.00979 0.983694 1.98893
v -0.987075 1.15632 2.00055
v -0.937278 1.07603 -0.979092
v 0.50625 1.04669 2.30888
v 0.922527 1.04669 2.25754
v 0.862485 1.30031 2.2165
v 0.470578 1.30649 2.2663
v 0.50625 1.1574 -0.920943
v 0.479487 1.36761 -0.705576
v 1.0098 0.983695 1.66006
v 1.0098 0.983695 1.34537
v 0.986454 1.15994 1.34537
v 0.986769 1.15813 1.66586
v 1.00976 0.98369 0.321706
v 1.00978 0.983692 -0.657254
v 0.985626 1.166 -0.646326
v 0.985689 1.16442 0.322363
v 1.00978 0.983692 1.25537
v 1.00979 0.983694 0.411706
v 0.985716 1.16439 0.412363
v 0.986454 1.15994 1.25537
v 0.441465 1.55952 2.19883
v 0.449315 1.58545 -0.469849
v 0.836745 1.56854 -0.464775
v 0.890652 1.35566 -0.705583
v 0.961479 1.33402 -0.545195
v 0.90747 1.56099 -0.336406
v 0.908262 1.58967 0.323502
v 0.961614 1.33086 0.323019
v 0.961641 1.33081 0.413019
v 0.908082 1.58972 0.413503
v 0.908757 1.58572 1.25537
v 0.963126 1.32191 1.25537
v 0.963729 1.31829 1.67168
v 0.909063 1.57765 1.66609
v 0.909333 1.54679 1.96244
v 0.964359 1.31467 1.99797
v 0.803696 1.61533 -0.412445
v 0.442925 1.63007 -0.42312
v 0.815855 1.53621 2.15268
v 0.930123 1.14399 -0.906921
v 0.50625 1.09688 -0.979092
v 0.963108 1.32191 1.34537
v 0.908793 1.58525 1.34537
v 1.00979 0.983694 1.98893
v 0.987075 1.15632 2.00055
v 0.937278 1.07603 -0.979092


vn -0.982679 0.179123 -0.0475781
vn -0.97763 0.204289 -0.0500633
vn -0.972224 0.183463 -0.145386
vn -0.972449 0.0775357 -0.219846
vn -0.216935 -0.916673 0.335651
vn -0.479687 -0.830562 0.28299
vn -0.0215081 -0.94788 0.317921
vn -0.0215081 -0.94788 0.317921
vn -0.776696 0.579579 -0.24667
vn -0.967155 0.252836 0.0264226
vn -0.967781 0.248486 0.0407809
vn -0.986267 0.164011 -0.0197764
vn -0.972278 0.23097 -0.0366376
vn -0.95951 -0.281518 0.00985851
vn -0.981909 -0.189029 0.0113262
vn -0.978733 -0.203857 0.0230031
vn -0.955708 -0.293685 0.0197146
vn -0.997624 -0.066906 0.0168472
vn -0.996172 -0.0820745 0.0301287
vn -0.990867 0.131933 0.0279932
vn -0.982796 0.182401 0.0291456
vn -0.998229 0.0513718 0.0302225
vn -0.998581 0.0227988 0.0481587
vn -0.963064 -0.269278 -1.26291e-007
vn -0.980163 -0.1982 -0.00228569
vn -0.997556 -0.0695854 -0.00732289
vn -0.988006 0.154418 -1.29561e-007
vn -0.952317 0.305133 -1.24881e-007
vn -0.973884 0.225856 -0.0234161
vn -0.95232 0.305134 -1.24882e-007
vn -0.952319 0.305134 -1.24882e-007
vn -0.97621 0.211375 -0.0483651
vn -0.817365 -0.540839 0.198555
vn -0.569928 0.165063 0.804954
vn -0.569928 0.165063 0.804954
vn -0.982371 0.0597884 0.177168
vn -0.981307 -0.0123946 0.192063
vn -0.980885 -0.194528 -0.00612766
vn -0.997259 -0.0722727 -0.0161888
vn -0.963065 -0.269279 -1.26291e-007
vn -0.999602 0 0.0282985
vn -0.99997 -0.0064424 -0.00503148
vn -0.999874 -0.0128853 -0.0100632
vn -0.997651 0.0490953 -0.0478451
vn -0.988768 0.149491 0.00199542
vn -0.992326 0.123476 0.00759836
vn -0.987348 0.157544 0.0183207
vn -0.998513 0.0376797 0.0395356
vn -0.971346 0.221641 0.0858695
vn -0.968248 0.219058 -0.120497
vn -0.996905 0.0725154 0.0305064
vn -0.998405 0 0.0565746
vn -0.808994 -0.582377 -0.0798954
vn -0.931876 -0.358859 -0.0531879
vn -0.931876 -0.358859 -0.0531879
vn -0.808994 -0.582377 -0.0798954
vn -0.996511 -0.0755908 -0.0354356
vn -0.998057 -0.0528484 -0.0331054
vn -0.998057 -0.0528484 -0.0331054
vn -0.996511 -0.0755908 -0.0354356
vn -0.99759 0.0611219 -0.0328737
vn -0.978777 -0.0209143 -0.203874
vn -0.995347 0.0947688 0.0174996
vn -0.990115 0.139932 -0.0102318
vn -0.766762 0.632305 -0.110796
vn -0.245441 0.905185 -0.346991
vn -0.217608 0.958197 -0.185785
vn -0.699008 0.473847 -0.535607
vn -0.820709 0.510648 -0.256301
vn -0.311504 0.894953 -0.31942
vn -0.306938 0.798897 -0.517262
vn -4.35301e-008 -0.943302 0.331951
vn -4.35301e-008 -0.943302 0.331951
vn -0.807766 0.224687 -0.545007
vn -0.355282 0.526104 -0.772659
vn -0.380947 0.287954 -0.878618
vn -0.983504 0.175202 -0.0450032
vn -0.650571 0.226584 -0.724858
vn -0.650571 0.226584 -0.724858
vn -0.632011 0.318243 0.706604
vn -0.699622 0.260571 0.665308
vn -0.941351 0.233119 0.243957
vn -0.47761 0.858886 -0.18497
vn -0.269108 0.940133 -0.209124
vn -0.989077 0.143971 -0.0316374
vn -0.966002 0.24653 -0.0779478
vn -0.968559 0.244217 0.0474531
vn -0.331407 0.513257 -0.791669
vn -0.331407 0.513257 -0.791669
vn -0.937983 -0.332061 0.0996512
vn -0.978774 -0.189657 0.0777375
vn -0.978774 -0.189657 0.0777375
vn -0.879136 -0.463192 0.112176
vn -0.996208 -0.0716314 0.0494159
vn 0.982679 0.179123 -0.0475779
vn 0.972449 0.0775357 -0.219846
vn 0.972224 0.183463 -0.145386
vn 0.97763 0.204289 -0.0500631
vn 0.216935 -0.916673 0.335651
vn 0.0215081 -0.94788 0.317921
vn 0.0215081 -0.94788 0.317921
vn 0.479687 -0.830562 0.28299
vn 0.967155 0.252836 0.0264228
vn 0.776696 0.579579 -0.24667
vn 0.967781 0.248486 0.0407811
vn 0.986267 0.164011 -0.0197762
vn 0.972278 0.23097 -0.0366374
vn 0.95951 -0.281518 0.00985877
vn 0.955708 -0.293685 0.0197148
vn 0.978733 -0.203857 0.0230033
vn 0.981909 -0.189029 0.0113264
vn 0.996172 -0.0820745 0.0301289
vn 0.997624 -0.066906 0.0168474
vn 0.990867 0.131933 0.0279934
vn 0.998581 0.0227988 0.0481589
vn 0.998229 0.0513718 0.0302227
vn 0.982796 0.182401 0.0291458
vn 0.963064 -0.269278 1.26291e-007
vn 0.980163 -0.1982 -0.00228543
vn 0.997556 -0.0695854 -0.00732263
vn 0.988006 0.154418 1.29561e-007
vn 0.952317 0.305133 1.24881e-007
vn 0.973884 0.225856 -0.0234159
vn 0.97621 0.211375 -0.0483649
vn 0.952319 0.305134 1.24882e-007
vn 0.95232 0.305134 1.24882e-007
vn 0.817365 -0.540839 0.198555
vn 0.569928 0.165063 0.804954
vn 0.981307 -0.0123946 0.192063
vn 0.982371 0.0597884 0.177168
vn 0.569928 0.165063 0.804954
vn 0.980885 -0.194528 -0.0061274
vn 0.997259 -0.0722727 -0.0161886
vn 0.963065 -0.269279 1.26291e-007
vn 0.999602 0 0.0282987
vn 0.99997 -0.0064424 -0.00503122
vn 0.997651 0.0490953 -0.0478449
vn 0.999874 -0.0128853 -0.010063
vn 0.992326 0.123476 0.00759862
vn 0.988768 0.149491 0.00199568
vn 0.987348 0.157544 0.0183209
vn 0.971346 0.221641 0.0858697
vn 0.998513 0.0376797 0.0395358
vn 0.968248 0.219058 -0.120497
vn 0.996905 0.0725154 0.0305066
vn 0.998405 0 0.0565748
vn 0.808994 -0.582377 -0.0798952
vn 0.808994 -0.582377 -0.0798952
vn 0.931876 -0.358859 -0.0531877
vn 0.931876 -0.358859 -0.0531877
vn 0.996511 -0.0755908 -0.0354354
vn 0.996511 -0.0755908 -0.0354354
vn 0.998057 -0.0528484 -0.0331052
vn 0.998057 -0.0528484 -0.0331052
vn 0.978777 -0.0209143 -0.203874
vn 0.99759 0.0611219 -0.0328735
vn 0.995347 0.0947688 0.0174998
vn 0.990115 0.139932 -0.0102316
vn 0.766762 0.632305 -0.110796
vn 0.217608 0.958197 -0.185785
vn 0.245441 0.905185 -0.346991
vn 0.699008 0.473847 -0.535607
vn 0.306938 0.798897 -0.517262
vn 0.311504 0.894953 -0.31942
vn 0.820709 0.510648 -0.256301
vn 0.807766 0.224687 -0.545007
vn 0.380947 0.287954 -0.878618
vn 0.355282 0.526104 -0.772659
vn 0.810282 0.572075 -0.127241
vn 0.650571 0.226584 -0.724858
vn 0.650571 0.226584 -0.724858
vn 0.941351 0.233119 0.243957
vn 0.699622 0.260571 0.665308
vn 0.632011 0.318243 0.706604
vn 0.269108 0.940133 -0.209124
vn 0.989077 0.143971 -0.0316372
vn 0.966002 0.24653 -0.0779476
vn 0.968559 0.244217 0.0474533
vn 0.331407 0.513257 -0.791669
vn 0.331407 0.513257 -0.791669
vn 0.937983 -0.332061 0.0996514
vn 0.978774 -0.189657 0.0777377
vn 0.978774 -0.189657 0.0777377
vn 0.879136 -0.463192 0.112176
vn 0.996208 -0.0716314 0.0494161
vn -0.0451931 0.9788 0.199809
vn -0.0633418 0.948213 0.31127
vn -3.99019e-008 0.952584 0.304283
vn -2.57308e-008 0.980568 0.196217
vn -0.0259147 0.999506 -0.0178359
vn -0.0263994 0.999619 0.00853238
vn -1.11928e-009 0.999969 0.00853537
vn 1.87384e-009 0.999846 -0.0178416
vn -0.0264543 0.998327 0.0514101
vn -6.74398e-009 0.998677 0.0514281
vn -0.699622 0.260571 0.665308
vn -0.798323 0.211855 0.563748
vn -0.906719 0.189025 0.377009
vn -0.941351 0.233119 0.243957
vn -0.0247707 0.976808 -0.212704
vn 2.62596e-008 0.979753 -0.20025
vn -0.83735 0.545953 0.0279951
vn -0.875144 0.454805 0.165187
vn -0.604916 0.759606 0.238929
vn -0.615032 0.787532 0.0392469
vn -0.822846 0.568181 -0.0103277
vn -0.832504 0.554003 0.00469728
vn -0.605593 0.79575 0.00691626
vn -0.606636 0.794861 -0.0141296
vn -0.806748 0.565933 -0.169968
vn -0.513445 0.822739 -0.243908
vn -0.752479 0.522486 -0.400997
vn -0.932891 0.313441 -0.177399
vn -0.606619 0.692539 -0.39039
vn -0.945501 0.235832 0.224535
vn -0.864276 0.270812 0.423913
vn -0.78369 0.484157 0.38913
vn -0.185011 0.982584 -0.0173862
vn -0.18559 0.956309 -0.225914
vn -0.19753 0.952863 0.230316
vn -0.183224 0.981835 0.0493699
vn -0.175825 0.984388 0.00853666
vn -0.441122 0.760237 0.476935
vn -0.776696 0.579579 -0.24667
vn -0.967781 0.248486 0.0407809
vn -0.983694 0.167878 -0.064537
vn -0.983694 0.167878 -0.064537
vn -0.47952 0.664753 -0.57287
vn -0.407296 0.696408 -0.590879
vn -0.465373 0.687341 -0.557671
vn 4.71189e-008 0.933216 -0.359318
vn -0.023289 0.923447 -0.383022
vn -0.372827 0.777471 -0.506505
vn -0.203594 0.883212 -0.422493
vn -0.245441 0.905185 -0.346991
vn -0.97236 0.157296 0.172563
vn -0.741568 0.292945 0.603545
vn -0.968559 0.244217 0.0474531
vn 0.0451931 0.9788 0.199809
vn 0.0633418 0.948213 0.31127
vn 0.0259147 0.999506 -0.0178359
vn 0.0263994 0.999619 0.00853238
vn 0.0264543 0.998327 0.0514101
vn 0.699622 0.260571 0.665308
vn 0.941351 0.233119 0.243957
vn 0.906719 0.189025 0.377009
vn 0.798323 0.211855 0.563748
vn 0.0247707 0.976808 -0.212704
vn 0.83735 0.545953 0.0279953
vn 0.615032 0.787532 0.0392471
vn 0.604916 0.759606 0.238929
vn 0.875144 0.454805 0.165187
vn 0.822846 0.568181 -0.0103275
vn 0.606636 0.794861 -0.0141294
vn 0.605593 0.79575 0.00691642
vn 0.832504 0.554003 0.0046975
vn 0.806748 0.565933 -0.169968
vn 0.513445 0.822739 -0.243908
vn 0.752479 0.522486 -0.400997
vn 0.606619 0.692539 -0.39039
vn 0.932891 0.313441 -0.177399
vn 0.945501 0.235832 0.224535
vn 0.78369 0.484157 0.38913
vn 0.864276 0.270812 0.423913
vn 0.18559 0.956309 -0.225914
vn 0.185011 0.982584 -0.0173862
vn 0.183224 0.981835 0.0493699
vn 0.19753 0.952863 0.230316
vn 0.175825 0.984388 0.0085367
vn 0.441122 0.760237 0.476935
vn 0.776696 0.579579 -0.24667
vn 0.80775 0.476713 -0.346827
vn 0.983694 0.167878 -0.0645368
vn 0.967781 0.248486 0.0407811
vn 0.47952 0.664753 -0.57287
vn 0.407296 0.696408 -0.590879
vn 0.0232891 0.923447 -0.383022
vn 0.372827 0.777471 -0.506505
vn 0.203594 0.883212 -0.422493
vn 0.245441 0.905185 -0.346991
vn 0.97236 0.157296 0.172563
vn 0.741568 0.292945 0.603545
vn 0.968559 0.244217 0.0474533
vn -0.0595213 0.650053 -0.75756
vn -0.083801 0.672029 -0.735777
vn 9.47625e-008 0.691238 -0.722638
vn -0.131816 0.712729 -0.688949
vn -0.125576 0.660484 -0.740269
vn 0.0838012 0.672029 -0.735777
vn 0.0595215 0.650053 -0.75756
vn 9.47625e-008 0.691238 -0.722638
vn 0.125576 0.660484 -0.740269
vn 0.131816 0.712729 -0.688949
vn -0.030265 0.844404 -0.534863
vn -0.0261487 0.943337 -0.330808
vn 4.38981e-008 0.942308 -0.334757
vn 7.31976e-008 0.828505 -0.559986
vn -0.0241723 0.979819 -0.198434
vn -0.0242236 0.981895 -0.187902
vn 2.46475e-008 0.982178 -0.187956
vn 2.60291e-008 0.980107 -0.198492
vn -0.000212136 0.228917 -0.973459
vn -0.0586643 0.248042 -0.966975
vn -0.0391044 0.237496 -0.970607
vn -0.000109888 0.47686 -0.878983
vn -0.0240433 0.97423 -0.224304
vn 2.9614e-008 0.974173 -0.22583
vn -0.311504 0.894953 -0.31942
vn -0.269108 0.940133 -0.209124
vn 9.47621e-008 0.691235 -0.722635
vn 9.47621e-008 0.691235 -0.722635
vn 9.47621e-008 0.691235 -0.722635
vn 1.28037e-007 0.216085 -0.97638
vn -0.0475693 0.530101 -0.846599
vn 1.13882e-007 0.495804 -0.868436
vn -0.380947 0.287954 -0.878618
vn -0.355282 0.526104 -0.772659
vn -0.306938 0.798897 -0.517262
vn -0.217608 0.958197 -0.185785
vn -0.245441 0.905185 -0.346991
vn 0.0302652 0.844404 -0.534863
vn 0.0261487 0.943337 -0.330808
vn 0.0241723 0.979819 -0.198434
vn 0.0242236 0.981895 -0.187902
vn 0.000212392 0.228917 -0.973459
vn 0.000110118 0.47686 -0.878983
vn 0.0391046 0.237496 -0.970607
vn 0.0586645 0.248042 -0.966975
vn 0.0240433 0.97423 -0.224304
vn 0.269108 0.940133 -0.209124
vn 0.311504 0.894953 -0.31942
vn 9.47621e-008 0.691235 -0.722635
vn 0.0475695 0.530101 -0.846599
vn 0.355282 0.526104 -0.772659
vn 0.380947 0.287954 -0.878618
vn 0.306938 0.798897 -0.517262
vn 0.217608 0.958197 -0.185785
vn 0.245441 0.905185 -0.346991
vn -0.12561 0.0969642 0.987333
vn -0.0669619 0.155153 0.985622
vn -0.0524093 0.146788 0.98778
vn -0.0155529 0.171337 0.985095
vn -0.0314196 0.217313 0.975598
vn -0.0627661 0.210431 0.975596
vn -1.28545e-007 0.197749 0.980258
vn -0.0208245 0.147889 0.988787
vn -1.28599e-007 0.195676 0.980671
vn -1.2873e-007 0.190617 0.981666
vn -1.28686e-007 0.192343 0.981334
vn -1.27878e-007 0.205222 0.978719
vn -1.28031e-007 0.216287 0.976334
vn -0.0279509 0.216202 0.975955
vn -0.0275105 0.205144 0.978345
vn -0.0270667 0.19406 0.980617
vn -1.28639e-007 0.194131 0.980976
vn 0.0155538 0.171337 0.985095
vn 0.0155538 0.171337 0.985095
vn 0.062766 0.210431 0.975596
vn 0.0314196 0.217313 0.975598
vn 0.0521982 0.169566 0.984142
vn 0.0208251 0.147889 0.988787
vn 0.0275103 0.205144 0.978345
vn 0.0279507 0.216202 0.975955
vn 0.0270665 0.19406 0.980617
vn -1.28654e-007 0.193603 0.981084
vn -0.0834941 0.190991 0.978036
vn -0.134841 0.187968 0.972875
vn -0.569928 0.165063 0.804954
vn -0.569928 0.165063 0.804954
vn -1.28642e-007 0.194066 0.980995
vn -0.0940784 0.203325 0.974587
vn -0.632011 0.318243 0.706604
vn -0.699622 0.260571 0.665308
vn 0.0834939 0.190991 0.978036
vn 0.569928 0.165063 0.804954
vn 0.569928 0.165063 0.804954
vn 0.134841 0.187968 0.972875
vn 0.0940782 0.203325 0.974587
vn 0.632011 0.318243 0.706604
vn 0.699622 0.260571 0.665308
vn 0.1936 -0.18045 0.87745
vn 0.422 0.1096 0.89885
vn 0.422 0.1096 0.89885
vn 0.1936 -0.18045 0.87745
vn 0.2071 0.3979 0.7922
vn 0.2071 0.3979 0.7922
vn -1.12461e-007 -0.5136 0.8576
vn -1.12461e-007 -0.5136 0.8576
vn -8.96958e-008 0.7293 0.684
vn -8.96958e-008 0.7293 0.684
vn -0.1936 -0.18045 0.87745
vn -0.1936 -0.18045 0.87745
vn -0.422 0.1096 0.89885
vn -0.422 0.1096 0.89885
vn -0.2071 0.3979 0.7922
vn -0.2071 0.3979 0.7922
vn -0.000241685 0.228381 -0.973579
vn -0.000241685 0.228381 -0.973579
vn 1.27669e-007 0.228381 -0.973579
vn 1.27669e-007 0.228381 -0.973579
vn -0.449815 0.156497 -0.879309
vn -0.449815 0.156497 -0.879309
vn -0.129066 0.197893 -0.971702
vn -0.129066 0.197893 -0.971702
vn -0.846396 0.123114 -0.518142
vn -0.846396 0.123114 -0.518142
vn -0.934694 0.143243 -0.325319
vn -0.934694 0.143243 -0.325319
vn 0.000241941 0.228381 -0.973579
vn 0.000241941 0.228381 -0.973579
vn 0.449815 0.156497 -0.879309
vn 0.129066 0.197893 -0.971702
vn 0.129066 0.197893 -0.971702
vn 0.449815 0.156497 -0.879309
vn 0.846396 0.123114 -0.518142
vn 0.846396 0.123114 -0.518142
vn 0.934694 0.143243 -0.325319
vn 0.934694 0.143243 -0.325319
vn -0.537571 0.328263 0.776707
vn -0.835253 0.322922 0.445066
vn -0.559036 0.208304 0.802563
vn -0.133472 0.186176 0.973411
vn -0.133112 0.268401 0.95407
vn -0.57193 0.083474 0.816051
vn -0.132882 0.102626 0.985817
vn -0.884044 0.0457961 0.46517
vn -0.884044 0.0457961 0.46517
vn 0.835253 0.322922 0.445066
vn 0.537571 0.328263 0.776707
vn 0.559036 0.208304 0.802563
vn 0.133472 0.186176 0.973411
vn 0.133112 0.268401 0.95407
vn 0.57193 0.083474 0.816051
vn 0.132882 0.102626 0.985817
vn 0.884044 0.0457961 0.46517
vn 0.884044 0.0457961 0.46517
vn 0.0125 -0.9711 -0.2383
vn 0.0125 -0.9711 -0.2383
vn 0.0125 -0.9711 -0.2383
vn 0.0125 -0.9711 -0.2383
vn 0.0125 -0.9711 -0.2383
vn -0.0009 -1 -0.0004
vn -0.0009 -1 -0.0004
vn -0.0009 -1 -0.0004
vn -0.0009 -1 -0.0004
vn -0.0009 -1 0.0015
vn -0.0009 -1 0.0015
vn -0.0009 -1 0.0015
vn -0.0009 -1 0.0015
vn -0.0009 -1 0.0015
vn -0.00219987 -0.0414 -0.9991
vn -0.00219987 -0.0414 -0.9991
vn -0.00219987 -0.0414 -0.9991
vn -0.00219987 -0.0414 -0.9991
vn 0.0450999 -0.3447 0.9376
vn 0.0450999 -0.3447 0.9376
vn 0.0450999 -0.3447 0.9376
vn 0.0450999 -0.3447 0.9376
vn 0.0959 -0.9907 0.096
vn 0.0959 -0.9907 0.096
vn 0.0959 -0.9907 0.096
vn 0.0959 -0.9907 0.096
vn 0.0131999 -0.1358 0.9906
vn 0.0131999 -0.1358 0.9906
vn 0.0131999 -0.1358 0.9906
vn 0.0131999 -0.1358 0.9906
vn 0.0248 -0.9996 0.0152
vn 0.0248 -0.9996 0.0152
vn 0.0248 -0.9996 0.0152
vn 0.0248 -0.9996 0.0152
vn -0.0149 -0.9733 -0.229
vn -0.0149 -0.9733 -0.229
vn -0.0149 -0.9733 -0.229
vn -0.0149 -0.9733 -0.229
vn 0.0007 -1 -0.0004
vn 0.0007 -1 -0.0004
vn 0.0007 -1 -0.0004
vn 0.0007 -1 -0.0004
vn 0.0007 -1 0.0015
vn 0.0007 -1 0.0015
vn 0.0007 -1 0.0015
vn 0.0007 -1 0.0015
vn -0.0025 -0.9999 -0.0113
vn -0.0025 -0.9999 -0.0113
vn -0.0025 -0.9999 -0.0113
vn -0.0025 -0.9999 -0.0113
vn -0.0184 -0.9997 0.0156
vn -0.0184 -0.9997 0.0156
vn -0.0184 -0.9997 0.0156
vn -0.0184 -0.9997 0.0156
vn -0.0379 -0.9993 0.000599995
vn -0.0379 -0.9993 0.000599995
vn -0.0379 -0.9993 0.000599995
vn -0.0379 -0.9993 0.000599995
vn -0.9818 -0.1898 -0.00640013
vn -0.9818 -0.1898 -0.00640013
vn -0.9818 -0.1898 -0.00640013
vn -0.9818 -0.1898 -0.00640013
vn -0.9986 -0.0524 0.00669987
vn -0.9986 -0.0524 0.00669987
vn -0.9986 -0.0524 0.00669987
vn 0.0453001 -0.4047 -0.9133
vn 0.0453001 -0.4047 -0.9133
vn 0.0453001 -0.4047 -0.9133
vn 0.0453001 -0.4047 -0.9133
vn 0.00299987 0.0018 1
vn 0.00299987 0.0018 1
vn 0.00299987 0.0018 1
vn 0.00299987 0.0018 1
vn 0.119 -0.9849 0.126
vn 0.119 -0.9849 0.126
vn 0.119 -0.9849 0.126
vn 0.119 -0.9849 0.126
vn -0.9891 -0.1456 0.0240999
vn -0.9891 -0.1456 0.0240999
vn -0.9891 -0.1456 0.0240999
vn -0.9891 -0.1456 0.0240999
vn -0.9955 -0.0944 0.00989987
vn -0.9955 -0.0944 0.00989987
vn -0.9955 -0.0944 0.00989987
vn -0.9955 -0.0944 0.00989987
vn 0.0446001 -0.4785 -0.877
vn 0.0446001 -0.4785 -0.877
vn 0.0446001 -0.4785 -0.877
vn 0.0446001 -0.4785 -0.877
vn 0.0744999 -0.5857 0.8071
vn 0.0744999 -0.5857 0.8071
vn 0.0744999 -0.5857 0.8071
vn 0.0744999 -0.5857 0.8071
vn -0.0107999 0.0598 -0.9982
vn -0.0107999 0.0598 -0.9982
vn -0.0107999 0.0598 -0.9982
vn -0.0107999 0.0598 -0.9982
vn 0.117 -0.9415 -0.3161
vn 0.117 -0.9415 -0.3161
vn 0.117 -0.9415 -0.3161
vn 0.117 -0.9415 -0.3161
vn -0.9982 -0.0606 -0.00250013
vn -0.9982 -0.0606 -0.00250013
vn -0.9982 -0.0606 -0.00250013
vn -0.9982 -0.0606 -0.00250013
vn -0.9857 -0.1683 -0.00540013
vn -0.9857 -0.1683 -0.00540013
vn -0.9857 -0.1683 -0.00540013
vn -0.9857 -0.1683 -0.00540013
vn 0.0014 -1 1.83588e-010
vn 0.0014 -1 1.83588e-010
vn 0.0014 -1 1.83588e-010
vn 0.0014 -1 1.83588e-010
vn -0.9961 -0.0882 -0.00570013
vn -0.9961 -0.0882 -0.00570013
vn -0.9961 -0.0882 -0.00570013
vn -0.9961 -0.0882 -0.00570013
vn -0.9762 -0.2151 0.0263999
vn -0.9762 -0.2151 0.0263999
vn -0.9762 -0.2151 0.0263999
vn -0.9762 -0.2151 0.0263999
vn -0.0387 -0.9993 0.000599995
vn -0.0387 -0.9993 0.000599995
vn -0.0387 -0.9993 0.000599995
vn -0.0387 -0.9993 0.000599995
vn 0.0941 -0.9583 -0.2699
vn 0.0941 -0.9583 -0.2699
vn 0.0941 -0.9583 -0.2699
vn 0.0941 -0.9583 -0.2699
vn -0.0282999 -0.0007 -0.9996
vn -0.0282999 -0.0007 -0.9996
vn -0.0282999 -0.0007 -0.9996
vn -0.0282999 -0.0007 -0.9996
vn -0.9896 -0.1434 0.0114999
vn -0.9896 -0.1434 0.0114999
vn -0.9896 -0.1434 0.0114999
vn -0.9896 -0.1434 0.0114999
vn 0.00649987 -0.1206 0.9927
vn 0.00649987 -0.1206 0.9927
vn 0.00649987 -0.1206 0.9927
vn 0.00649987 -0.1206 0.9927
vn -0.9919 -0.1263 0.00959987
vn -0.9919 -0.1263 0.00959987
vn -0.9919 -0.1263 0.00959987
vn -0.9919 -0.1263 0.00959987
vn -0.9872 -0.1595 0.00279987
vn -0.9872 -0.1595 0.00279987
vn -0.9872 -0.1595 0.00279987
vn -0.9872 -0.1595 0.00279987
vn -0.000499869 -0.0433 -0.9991
vn -0.000499869 -0.0433 -0.9991
vn -0.000499869 -0.0433 -0.9991
vn -0.000499869 -0.0433 -0.9991
vn 0.00219987 0.0021 1
vn 0.00219987 0.0021 1
vn 0.00219987 0.0021 1
vn 0.00219987 0.0021 1
vn -0.9842 -0.177 0.00339987
vn -0.9842 -0.177 0.00339987
vn -0.9842 -0.177 0.00339987
vn -0.9842 -0.177 0.00339987
vn 0.1147 -0.9372 0.3295
vn 0.1147 -0.9372 0.3295
vn 0.1147 -0.9372 0.3295
vn 0.1147 -0.9372 0.3295
vn -0.9983 -0.0579 0.00749987
vn -0.9983 -0.0579 0.00749987
vn -0.9983 -0.0579 0.00749987
vn -0.9983 -0.0579 0.00749987
vn -0.9986 -0.0524 -0.00510013
vn -0.9986 -0.0524 -0.00510013
vn -0.9986 -0.0524 -0.00510013
vn 0.1175 -0.9888 -0.0918
vn 0.1175 -0.9888 -0.0918
vn 0.1175 -0.9888 -0.0918
vn 0.1175 -0.9888 -0.0918
vn 0.0872 -0.9266 0.3657
vn 0.0872 -0.9266 0.3657
vn 0.0872 -0.9266 0.3657
vn 0.0872 -0.9266 0.3657
vn -0.997 -0.0775 -0.00690013
vn -0.997 -0.0775 -0.00690013
vn -0.997 -0.0775 -0.00690013
vn -0.9969 -0.0784 0.00739987
vn -0.9969 -0.0784 0.00739987
vn -0.9969 -0.0784 0.00739987
vn 0.0951 -0.9916 -0.0877
vn 0.0951 -0.9916 -0.0877
vn 0.0951 -0.9916 -0.0877
vn 0.0951 -0.9916 -0.0877
vn -0.00900003 -0.9721 0.2345
vn -0.00900003 -0.9721 0.2345
vn -0.00900003 -0.9721 0.2345
vn -0.00900003 -0.9721 0.2345
vn -0.00900003 -0.9721 0.2345
vn -0.0329 -0.9796 0.1985
vn -0.0329 -0.9796 0.1985
vn -0.0329 -0.9796 0.1985
vn -0.0329 -0.9796 0.1985
vn 0.00640013 -0.0734 -0.9973
vn 0.00640013 -0.0734 -0.9973
vn 0.00640013 -0.0734 -0.9973
vn -0.0125 -0.9711 -0.2383
vn -0.0125 -0.9711 -0.2383
vn -0.0125 -0.9711 -0.2383
vn -0.0125 -0.9711 -0.2383
vn -0.0125 -0.9711 -0.2383
vn 0.0009 -1 -0.0004
vn 0.0009 -1 -0.0004
vn 0.0009 -1 -0.0004
vn 0.0009 -1 -0.0004
vn 0.0009 -1 0.0015
vn 0.0009 -1 0.0015
vn 0.0009 -1 0.0015
vn 0.0009 -1 0.0015
vn 0.0009 -1 0.0015
vn 0.00220013 -0.0414 -0.9991
vn 0.00220013 -0.0414 -0.9991
vn 0.00220013 -0.0414 -0.9991
vn 0.00220013 -0.0414 -0.9991
vn -0.0451001 -0.3447 0.9376
vn -0.0451001 -0.3447 0.9376
vn -0.0451001 -0.3447 0.9376
vn -0.0451001 -0.3447 0.9376
vn -0.0959 -0.9907 0.096
vn -0.0959 -0.9907 0.096
vn -0.0959 -0.9907 0.096
vn -0.0959 -0.9907 0.096
vn -0.0132001 -0.1358 0.9906
vn -0.0132001 -0.1358 0.9906
vn -0.0132001 -0.1358 0.9906
vn -0.0132001 -0.1358 0.9906
vn -0.0248 -0.9996 0.0152
vn -0.0248 -0.9996 0.0152
vn -0.0248 -0.9996 0.0152
vn -0.0248 -0.9996 0.0152
vn 0.0149 -0.9733 -0.229
vn 0.0149 -0.9733 -0.229
vn 0.0149 -0.9733 -0.229
vn 0.0149 -0.9733 -0.229
vn -0.0007 -1 -0.0004
vn -0.0007 -1 -0.0004
vn -0.0007 -1 -0.0004
vn -0.0007 -1 -0.0004
vn -0.0007 -1 0.0015
vn -0.0007 -1 0.0015
vn -0.0007 -1 0.0015
vn -0.0007 -1 0.0015
vn 0.0025 -0.9999 -0.0113
vn 0.0025 -0.9999 -0.0113
vn 0.0025 -0.9999 -0.0113
vn 0.0025 -0.9999 -0.0113
vn 0.0184 -0.9997 0.0156
vn 0.0184 -0.9997 0.0156
vn 0.0184 -0.9997 0.0156
vn 0.0184 -0.9997 0.0156
vn 0.0379 -0.9993 0.000600005
vn 0.0379 -0.9993 0.000600005
vn 0.0379 -0.9993 0.000600005
vn 0.0379 -0.9993 0.000600005
vn 0.9818 -0.1898 -0.00639987
vn 0.9818 -0.1898 -0.00639987
vn 0.9818 -0.1898 -0.00639987
vn 0.9818 -0.1898 -0.00639987
vn 0.9986 -0.0524 0.00670013
vn 0.9986 -0.0524 0.00670013
vn 0.9986 -0.0524 0.00670013
vn -0.0452999 -0.4047 -0.9133
vn -0.0452999 -0.4047 -0.9133
vn -0.0452999 -0.4047 -0.9133
vn -0.0452999 -0.4047 -0.9133
vn -0.00300013 0.0018 1
vn -0.00300013 0.0018 1
vn -0.00300013 0.0018 1
vn -0.00300013 0.0018 1
vn -0.119 -0.9849 0.126
vn -0.119 -0.9849 0.126
vn -0.119 -0.9849 0.126
vn -0.119 -0.9849 0.126
vn 0.9891 -0.1456 0.0241001
vn 0.9891 -0.1456 0.0241001
vn 0.9891 -0.1456 0.0241001
vn 0.9891 -0.1456 0.0241001
vn 0.9955 -0.0944 0.00990013
vn 0.9955 -0.0944 0.00990013
vn 0.9955 -0.0944 0.00990013
vn 0.9955 -0.0944 0.00990013
vn -0.0445999 -0.4785 -0.877
vn -0.0445999 -0.4785 -0.877
vn -0.0445999 -0.4785 -0.877
vn -0.0445999 -0.4785 -0.877
vn -0.0745001 -0.5857 0.8071
vn -0.0745001 -0.5857 0.8071
vn -0.0745001 -0.5857 0.8071
vn -0.0745001 -0.5857 0.8071
vn 0.0108001 0.0598 -0.9982
vn 0.0108001 0.0598 -0.9982
vn 0.0108001 0.0598 -0.9982
vn 0.0108001 0.0598 -0.9982
vn -0.117 -0.9415 -0.3161
vn -0.117 -0.9415 -0.3161
vn -0.117 -0.9415 -0.3161
vn -0.117 -0.9415 -0.3161
vn 0.9982 -0.0606 -0.00249987
vn 0.9982 -0.0606 -0.00249987
vn 0.9982 -0.0606 -0.00249987
vn 0.9982 -0.0606 -0.00249987
vn 0.9857 -0.1683 -0.00539987
vn 0.9857 -0.1683 -0.00539987
vn 0.9857 -0.1683 -0.00539987
vn 0.9857 -0.1683 -0.00539987
vn -0.0014 -1 -1.83588e-010
vn -0.0014 -1 -1.83588e-010
vn -0.0014 -1 -1.83588e-010
vn -0.0014 -1 -1.83588e-010
vn 0.9961 -0.0882 -0.00569987
vn 0.9961 -0.0882 -0.00569987
vn 0.9961 -0.0882 -0.00569987
vn 0.9961 -0.0882 -0.00569987
vn 0.9762 -0.2151 0.0264001
vn 0.9762 -0.2151 0.0264001
vn 0.9762 -0.2151 0.0264001
vn 0.9762 -0.2151 0.0264001
vn 0.0387 -0.9993 0.000600005
vn 0.0387 -0.9993 0.000600005
vn 0.0387 -0.9993 0.000600005
vn 0.0387 -0.9993 0.000600005
vn -0.0941 -0.9583 -0.2699
vn -0.0941 -0.9583 -0.2699
vn -0.0941 -0.9583 -0.2699
vn -0.0941 -0.9583 -0.2699
vn 0.0283001 -0.0007 -0.9996
vn 0.0283001 -0.0007 -0.9996
vn 0.0283001 -0.0007 -0.9996
vn 0.0283001 -0.0007 -0.9996
vn 0.9896 -0.1434 0.0115001
vn 0.9896 -0.1434 0.0115001
vn 0.9896 -0.1434 0.0115001
vn 0.9896 -0.1434 0.0115001
vn -0.00650013 -0.1206 0.9927
vn -0.00650013 -0.1206 0.9927
vn -0.00650013 -0.1206 0.9927
vn -0.00650013 -0.1206 0.9927
vn 0.9919 -0.1263 0.00960013
vn 0.9919 -0.1263 0.00960013
vn 0.9919 -0.1263 0.00960013
vn 0.9919 -0.1263 0.00960013
vn 0.9872 -0.1595 0.00280013
vn 0.9872 -0.1595 0.00280013
vn 0.9872 -0.1595 0.00280013
vn 0.9872 -0.1595 0.00280013
vn 0.000500131 -0.0433 -0.9991
vn 0.000500131 -0.0433 -0.9991
vn 0.000500131 -0.0433 -0.9991
vn 0.000500131 -0.0433 -0.9991
vn -0.00220013 0.0021 1
vn -0.00220013 0.0021 1
vn -0.00220013 0.0021 1
vn -0.00220013 0.0021 1
vn 0.9842 -0.177 0.00340013
vn 0.9842 -0.177 0.00340013
vn 0.9842 -0.177 0.00340013
vn 0.9842 -0.177 0.00340013
vn -0.1147 -0.9372 0.3295
vn -0.1147 -0.9372 0.3295
vn -0.1147 -0.9372 0.3295
vn -0.1147 -0.9372 0.3295
vn 0.9983 -0.0579 0.00750013
vn 0.9983 -0.0579 0.00750013
vn 0.9983 -0.0579 0.00750013
vn 0.9983 -0.0579 0.00750013
vn 0.9986 -0.0524 -0.00509987
vn 0.9986 -0.0524 -0.00509987
vn 0.9986 -0.0524 -0.00509987
vn -0.1175 -0.9888 -0.0918
vn -0.1175 -0.9888 -0.0918
vn -0.1175 -0.9888 -0.0918
vn -0.1175 -0.9888 -0.0918
vn -0.0872001 -0.9266 0.3657
vn -0.0872001 -0.9266 0.3657
vn -0.0872001 -0.9266 0.3657
vn -0.0872001 -0.9266 0.3657
vn 0.997 -0.0775 -0.00689987
vn 0.997 -0.0775 -0.00689987
vn 0.997 -0.0775 -0.00689987
vn 0.9969 -0.0784 0.00740013
vn 0.9969 -0.0784 0.00740013
vn 0.9969 -0.0784 0.00740013
vn -0.0951 -0.9916 -0.0877
vn -0.0951 -0.9916 -0.0877
vn -0.0951 -0.9916 -0.0877
vn -0.0951 -0.9916 -0.0877
vn 0.00899997 -0.9721 0.2345
vn 0.00899997 -0.9721 0.2345
vn 0.00899997 -0.9721 0.2345
vn 0.00899997 -0.9721 0.2345
vn 0.00899997 -0.9721 0.2345
vn 0.0329 -0.9796 0.1985
vn 0.0329 -0.9796 0.1985
vn 0.0329 -0.9796 0.1985
vn 0.0329 -0.9796 0.1985
vn -0.00639987 -0.0734 -0.9973
vn -0.00639987 -0.0734 -0.9973
vn -0.00639987 -0.0734 -0.9973
vn -0.0336986 -0.803113 -0.594887
vn -0.0516036 -0.311049 -0.948998
vn 1.2484e-007 -0.306115 -0.952003
vn 7.73555e-008 -0.807483 -0.589896
vn -0.0593289 0.308019 -0.949529
vn 1.24623e-007 0.311213 -0.950349
vn -0.0581776 0.614458 -0.78681
vn 1.02922e-007 0.619684 -0.784857
vn -0.0856045 -0.223967 0.97083
vn -0.0858231 -0.13561 0.987041
vn -0.505166 -0.196496 0.840358
vn -0.491113 -0.260527 0.831228
vn -0.486715 0.297556 -0.821333
vn -0.348876 0.608549 -0.71271
vn -0.537006 -0.338551 -0.772669
vn -0.406705 -0.742893 -0.531703
vn -1.28022e-007 -0.216602 0.976266
vn -1.30024e-007 -0.129912 0.991533
vn -0.635299 -0.752359 -0.174259
vn -0.847503 -0.506702 -0.158121
vn -0.775341 -0.562546 -0.287056
vn -0.331806 -0.897209 -0.291441
vn -0.933826 -0.221056 -0.281264
vn -0.918119 0.144161 -0.369157
vn -0.0166002 -0.963945 -0.265599
vn -0.806898 0.39217 -0.441738
vn 3.22585e-008 -0.969271 -0.245996
vn 2.85177e-008 -0.976073 -0.21747
vn -0.015348 -0.972391 -0.232874
vn -0.985537 0.0421208 -0.164164
vn -0.958706 0.163098 -0.232995
vn -0.0181725 -0.968537 -0.248235
vn -0.983584 -0.143935 -0.108902
vn -0.80854 -0.188739 0.557366
vn -0.791714 -0.221077 0.56949
vn -0.517178 -0.130575 0.845866
vn -0.085349 -0.0461662 0.995282
vn -1.31018e-007 -0.0422134 0.999114
vn -0.773728 -0.25309 0.580779
vn 0.0336988 -0.803113 -0.594887
vn 0.0516038 -0.311049 -0.948998
vn 0.0593291 0.308019 -0.949529
vn 0.0581778 0.614458 -0.78681
vn 0.0856043 -0.223967 0.97083
vn 0.491113 -0.260527 0.831228
vn 0.505166 -0.196496 0.840358
vn 0.0858229 -0.13561 0.987041
vn 0.486715 0.297556 -0.821333
vn 0.348876 0.608549 -0.71271
vn 0.537006 -0.338551 -0.772669
vn 0.406705 -0.742893 -0.531703
vn 0.635299 -0.752359 -0.174259
vn 0.331806 -0.897209 -0.291441
vn 0.775341 -0.562546 -0.287056
vn 0.847503 -0.506702 -0.158121
vn 0.933826 -0.221056 -0.281264
vn 0.918119 0.144161 -0.369157
vn 0.0166002 -0.963945 -0.265599
vn 0.806898 0.39217 -0.441738
vn 0.015348 -0.972391 -0.232874
vn 0.985537 0.0421208 -0.164164
vn 0.958706 0.163098 -0.232995
vn 0.0181725 -0.968537 -0.248235
vn 0.983584 -0.143935 -0.108902
vn 0.80854 -0.188739 0.557366
vn 0.517178 -0.130575 0.845866
vn 0.791714 -0.221077 0.56949
vn 0.0853488 -0.0461662 0.995282
vn 0.773728 -0.25309 0.580779
vn -1.00001 0 -1.31135e-007
vn -1.00001 0 -1.31135e-007
vn -1 0 -1.31134e-007
vn -1 0 -1.31134e-007
vn -0.925451 -0.373483 -0.0638277
vn -0.972559 -0.230864 -0.0289866
vn -0.972559 -0.230864 -0.0289866
vn -0.925451 -0.373483 -0.0638277
vn -0.996819 -0.0794488 0.00729433
vn -0.999681 -0.0253956 0.00268342
vn -0.999269 -0.0380963 0.00402551
vn -0.996819 -0.0794488 0.00729433
vn -1 0 -1.31134e-007
vn -0.999413 -0.0342464 -0.000877121
vn -1.00001 0 -1.31135e-007
vn -0.999855 -0.0171207 -0.000438562
vn -0.999891 0.0151512 -0.000289575
vn -1.00001 0 -1.31135e-007
vn -0.999953 0.0101006 -0.00019309
vn -0.999841 -0.0181356 0.000497012
vn -0.999929 -0.0120901 0.00033129
vn -1 0 -1.31134e-007
vn -1 0 -1.31134e-007
vn -0.980769 -0.191481 -0.0379341
vn -0.978721 -0.202777 0.031591
vn -0.95633 -0.289872 -0.0376084
vn -0.992087 -0.117399 0.0445179
vn -0.987744 -0.130312 0.0859216
vn -0.933656 -0.353194 0.059504
vn -0.96886 -0.243267 0.0462445
vn -0.96886 -0.243267 0.0462445
vn -0.933656 -0.353194 0.059504
vn -0.997755 -0.0670175 -0.000290918
vn -0.997755 -0.0670175 -0.000290918
vn -1 0 -1.31134e-007
vn -1 0 -1.31134e-007
vn -1 0 -1.31134e-007
vn -1 0 -1.31134e-007
vn -0.995445 -0.0886481 0.0351526
vn -0.995445 -0.0886481 0.0351526
vn -1.00001 0 -1.31135e-007
vn -0.950399 -0.308657 0.0384677
vn -0.97617 -0.209797 0.0555297
vn -0.97617 -0.209797 0.0555297
vn -0.950399 -0.308657 0.0384677
vn -0.203259 0.255228 0.94528
vn -0.0986248 0.214068 0.971832
vn -0.0986248 0.214068 0.971832
vn -0.203259 0.255228 0.94528
vn -0.261771 0.253741 0.931182
vn -0.261771 0.253741 0.931182
vn -0.33556 0.206251 0.919166
vn -0.280343 0.0282771 0.959485
vn -0.278066 0.0907461 0.956269
vn -0.0965981 -0.0146123 0.995223
vn -0.0965981 -0.0146123 0.995223
vn -1.28104e-007 0.21374 0.976892
vn -1.28104e-007 0.21374 0.976892
vn -1.30252e-007 0.115831 0.993273
vn -1.30252e-007 0.115831 0.993273
vn -0.991254 0.132008 -0.000815192
vn -0.990481 0.137579 -0.00592137
vn -0.990481 0.137579 -0.00592137
vn -0.991254 0.132008 -0.000815192
vn -0.99127 0.131843 -0.00128449
vn -0.991282 0.13178 -0.000372728
vn -0.985308 0.170809 0.000135074
vn -0.990881 0.134739 -0.00090746
vn -0.990867 0.134878 -0.000160365
vn -0.985285 0.170903 -0.00408682
vn -0.981589 0.190813 -0.00921018
vn -0.967432 0.252961 -0.0100408
vn -0.967432 0.252961 -0.0100408
vn -0.981589 0.190813 -0.00921018
vn -0.971771 0.235859 -0.00619074
vn -0.973637 0.228025 -0.00717324
vn -0.985406 0.170225 0.0007076
vn -0.990975 0.134066 -0.000667899
vn -0.990954 0.134235 1.76661e-005
vn -0.985384 0.170317 -0.00369457
vn -0.991358 0.131205 -0.00127033
vn -0.991294 0.131718 0.00053903
vn -0.991363 0.131167 -0.000335803
vn -0.990844 0.135016 0.000586726
vn -0.975542 0.219846 0.000304008
vn -0.975616 0.219487 -0.00284684
vn -0.985239 0.170993 -0.00830872
vn -0.975426 0.220176 -0.00815477
vn -0.983061 0.183303 0.00135011
vn -0.991041 0.133573 -0.000528086
vn -0.991041 0.133573 -0.000528086
vn -0.983061 0.183303 0.00135011
vn -0.991369 0.131129 0.000598724
vn -0.990933 0.134404 0.000703231
vn -0.991077 0.133333 -1.24983e-007
vn -0.991077 0.133333 -1.24983e-007
vn -0.976857 0.213713 0.00941919
vn -0.976857 0.213713 0.00941919
vn -0.985347 0.170405 -0.00809682
vn -0.975682 0.219126 -0.00599778
vn -0.975701 0.218841 0.0110799
vn -0.975701 0.218841 0.0110799
vn -1.00001 0 -1.31135e-007
vn -1.00001 0 -1.31135e-007
vn -0.991421 0.130703 -0.00133594
vn -0.991421 0.130703 -0.00133594
vn -1.00001 0 -1.31135e-007
vn -1.00001 0 -1.31135e-007
vn -0.989019 -0.146918 0.0161846
vn -0.989019 -0.146918 0.0161846
vn 1.00001 0 1.31135e-007
vn 1 0 1.31134e-007
vn 1 0 1.31134e-007
vn 1.00001 0 1.31135e-007
vn 0.925451 -0.373483 -0.0638275
vn 0.925451 -0.373483 -0.0638275
vn 0.972559 -0.230864 -0.0289864
vn 0.972559 -0.230864 -0.0289864
vn 0.996819 -0.0794488 0.00729459
vn 0.996819 -0.0794488 0.00729459
vn 0.999269 -0.0380963 0.00402577
vn 0.999681 -0.0253956 0.00268368
vn 1 0 1.31134e-007
vn 1.00001 0 1.31135e-007
vn 0.999413 -0.0342464 -0.000876859
vn 0.999855 -0.0171207 -0.0004383
vn 1.00001 0 1.31135e-007
vn 0.999891 0.0151512 -0.000289313
vn 0.999953 0.0101006 -0.000192828
vn 0.999841 -0.0181356 0.000497274
vn 1 0 1.31134e-007
vn 1 0 1.31134e-007
vn 0.999929 -0.0120901 0.000331552
vn 0.978721 -0.202777 0.0315912
vn 0.980769 -0.191481 -0.0379339
vn 0.95633 -0.289872 -0.0376082
vn 0.992087 -0.117399 0.0445181
vn 0.987744 -0.130312 0.0859218
vn 0.933656 -0.353194 0.0595042
vn 0.933656 -0.353194 0.0595042
vn 0.96886 -0.243267 0.0462447
vn 0.96886 -0.243267 0.0462447
vn 0.997755 -0.0670175 -0.000290656
vn 0.997755 -0.0670175 -0.000290656
vn 1 0 1.31134e-007
vn 1 0 1.31134e-007
vn 1 0 1.31134e-007
vn 1 0 1.31134e-007
vn 0.995445 -0.0886481 0.0351528
vn 0.995445 -0.0886481 0.0351528
vn 1.00001 0 1.31135e-007
vn 0.950399 -0.308657 0.0384679
vn 0.950399 -0.308657 0.0384679
vn 0.97617 -0.209797 0.0555299
vn 0.97617 -0.209797 0.0555299
vn 0.203259 0.255228 0.94528
vn 0.203259 0.255228 0.94528
vn 0.0986246 0.214068 0.971832
vn 0.0986246 0.214068 0.971832
vn 0.261771 0.253741 0.931182
vn 0.261771 0.253741 0.931182
vn 0.280343 0.0282771 0.959485
vn 0.33556 0.206251 0.919166
vn 0.278066 0.0907461 0.956269
vn 0.0965979 -0.0146123 0.995223
vn 0.0965979 -0.0146123 0.995223
vn 0.991254 0.132008 -0.000814932
vn 0.991254 0.132008 -0.000814932
vn 0.990481 0.137579 -0.00592111
vn 0.990481 0.137579 -0.00592111
vn 0.99127 0.131843 -0.00128423
vn 0.991282 0.13178 -0.000372468
vn 0.985308 0.170809 0.000135332
vn 0.985285 0.170903 -0.00408656
vn 0.990867 0.134878 -0.000160105
vn 0.990881 0.134739 -0.0009072
vn 0.981589 0.190813 -0.00920992
vn 0.981589 0.190813 -0.00920992
vn 0.967432 0.252961 -0.0100406
vn 0.967432 0.252961 -0.0100406
vn 0.971771 0.235859 -0.00619048
vn 0.973637 0.228025 -0.00717298
vn 0.985406 0.170225 0.000707858
vn 0.985384 0.170317 -0.00369431
vn 0.990954 0.134235 1.79259e-005
vn 0.990975 0.134066 -0.000667639
vn 0.991358 0.131205 -0.00127007
vn 0.991363 0.131167 -0.000335543
vn 0.991294 0.131718 0.00053929
vn 0.990844 0.135016 0.000586986
vn 0.975542 0.219846 0.000304264
vn 0.975616 0.219487 -0.00284658
vn 0.985239 0.170993 -0.00830846
vn 0.975426 0.220176 -0.00815451
vn 0.983061 0.183303 0.00135037
vn 0.983061 0.183303 0.00135037
vn 0.991041 0.133573 -0.000527826
vn 0.991041 0.133573 -0.000527826
vn 0.991369 0.131129 0.000598984
vn 0.990933 0.134404 0.000703491
vn 0.991077 0.133333 1.34945e-007
vn 0.991077 0.133333 1.34945e-007
vn 0.976857 0.213713 0.00941945
vn 0.976857 0.213713 0.00941945
vn 0.985347 0.170405 -0.00809656
vn 0.975682 0.219126 -0.00599752
vn 0.975701 0.218841 0.0110801
vn 0.975701 0.218841 0.0110801
vn 1.00001 0 1.31135e-007
vn 1.00001 0 1.31135e-007
vn 0.991421 0.130703 -0.00133568
vn 0.991421 0.130703 -0.00133568
vn 1.00001 0 1.31135e-007
vn 1.00001 0 1.31135e-007
vn 0.989019 -0.146918 0.0161848
vn 0.989019 -0.146918 0.0161848
vn -0.0806789 0.145542 0.986063
vn -0.0829566 0.1772 0.980673
vn -0.126864 0.185694 0.974391
vn -0.1239 0.1541 0.9803
vn -0.0249649 0.690039 -0.723342
vn -0.0261063 0.717059 -0.696527
vn -1.33449e-006 0.716276 -0.697822
vn -6.78976e-006 0.67816 -0.734915
vn -0.99175 0.1283 -0.00010013
vn -0.990992 0.133927 -0.000150132
vn -0.990973 0.134103 -0.000150133
vn -0.9917 0.1285 -0.00010013
vn -0.9916 0.1291 9.987e-005
vn -0.990923 0.134453 0.000199875
vn -0.990923 0.134453 0.000199875
vn -0.9916 0.1291 9.987e-005
vn -0.9916 0.1291 -0.00010013
vn -0.990903 0.134607 -0.000150138
vn -0.990903 0.134607 -0.000150138
vn -0.9916 0.1291 -0.00010013
vn -1.80002e-005 0.168472 0.985711
vn -1.28486e-007 0.199965 0.979808
vn -0.0851398 0.20867 0.974276
vn -0.0325636 0.717951 -0.695342
vn -0.0411443 0.736666 -0.675014
vn -0.0293054 0.732247 -0.680411
vn -0.984261 0.176719 -0.00195144
vn -0.984261 0.176719 -0.00195144
vn -0.977 0.2134 -0.00420013
vn -0.977 0.2134 -0.00420013
vn -0.985574 0.169281 4.98949e-005
vn -0.985574 0.169281 4.98949e-005
vn -0.9801 0.1983 0.000299871
vn -0.9801 0.1983 0.000299871
vn -0.985055 0.172227 0.0020013
vn -0.984674 0.17441 0.00300177
vn -0.9779 0.2092 0.00619987
vn -0.978822 0.204705 0.00419997
vn -0.0507999 0.7535 -0.6555
vn -0.038013 0.740726 -0.670733
vn -3.60038e-006 0.736582 -0.676357
vn -0.1297 0.2171 0.9675
vn -0.0370516 0.701682 -0.711533
vn -1.29902e-007 0.136797 0.990603
vn 1.00129e-007 0.645749 -0.763558
vn -0.0247246 0.676276 -0.736236
vn 8.67822e-008 0.749706 -0.661782
vn -0.985439 0.170034 0.00100037
vn -0.9797 0.2002 0.00219987
vn -0.9918 0.1281 -0.00010013
vn -0.991015 0.133752 -0.000150132
vn -0.0404999 0.7055 -0.7075
vn 0.0806787 0.145542 0.986063
vn 0.1239 0.1541 0.9803
vn 0.126864 0.185694 0.974391
vn 0.0829564 0.1772 0.980673
vn 0.0249651 0.690039 -0.723342
vn 0.0261065 0.717059 -0.696527
vn 0.99175 0.1283 -9.987e-005
vn 0.9917 0.1285 -9.987e-005
vn 0.990973 0.134103 -0.000149873
vn 0.990992 0.133927 -0.000149872
vn 0.9916 0.1291 0.00010013
vn 0.9916 0.1291 0.00010013
vn 0.990923 0.134453 0.000200135
vn 0.990923 0.134453 0.000200135
vn 0.9916 0.1291 -9.987e-005
vn 0.9916 0.1291 -9.987e-005
vn 0.990903 0.134607 -0.000149878
vn 0.990903 0.134607 -0.000149878
vn 0.0851396 0.20867 0.974276
vn 0.0293056 0.732247 -0.680411
vn 0.0411445 0.736666 -0.675014
vn 0.0325638 0.717951 -0.695342
vn 0.984261 0.176719 -0.00195118
vn 0.977 0.2134 -0.00419987
vn 0.977 0.2134 -0.00419987
vn 0.984261 0.176719 -0.00195118
vn 0.985574 0.169281 5.01533e-005
vn 0.9801 0.1983 0.000300129
vn 0.9801 0.1983 0.000300129
vn 0.985574 0.169281 5.01533e-005
vn 0.985055 0.172227 0.00200156
vn 0.978822 0.204705 0.00420023
vn 0.9779 0.2092 0.00620013
vn 0.984674 0.17441 0.00300203
vn 0.0508001 0.7535 -0.6555
vn 0.0380132 0.740726 -0.670733
vn 0.1297 0.2171 0.9675
vn 0.0370518 0.701682 -0.711533
vn 0.0247248 0.676276 -0.736236
vn 0.985439 0.170034 0.00100063
vn 0.9797 0.2002 0.00220013
vn 0.9918 0.1281 -9.98699e-005
vn 0.991015 0.133752 -0.000149872
vn 0.0405001 0.7055 -0.7075


vt 0.789995 0.644682
vt 0.789995 0.671751
vt 0.859662 0.653693
vt 0.862096 0.619977
vt 0.0647783 0.53519
vt 0.0990481 0.521799
vt 0.0982596 0.520673
vt 0.0525506 0.53519
vt 0.658454 0.714496
vt 0.657305 0.6953
vt 0.609865 0.699526
vt 0.726525 0.657596
vt 0.727279 0.683526
vt 0.612816 0.508633
vt 0.612816 0.534884
vt 0.649466 0.535948
vt 0.648054 0.508633
vt 0.612816 0.570728
vt 0.651861 0.568521
vt 0.612816 0.661551
vt 0.655798 0.667556
vt 0.68238 0.623929
vt 0.671622 0.614557
vt 0.416391 0.508633
vt 0.416391 0.534884
vt 0.416391 0.575291
vt 0.416391 0.661551
vt 0.416391 0.699526
vt 0.195171 0.661551
vt 0.183858 0.699526
vt 0.248434 0.699526
vt 0.248434 0.661551
vt 0.0770542 0.534389
vt 0.0582278 0.59394
vt 0.0642909 0.625128
vt 0.0782002 0.624689
vt 0.0716289 0.593264
vt 0.298651 0.534884
vt 0.281817 0.576199
vt 0.282963 0.508633
vt 0.612816 0.608395
vt 0.416391 0.612853
vt 0.263957 0.612109
vt 0.257108 0.622255
vt 0.200631 0.641451
vt 0.177187 0.63901
vt 0.125307 0.661551
vt 0.142753 0.616592
vt 0.07995 0.661551
vt 0.248995 0.630161
vt 0.153498 0.631481
vt 0.666641 0.605555
vt 0.815808 0.510239
vt 0.814249 0.531955
vt 0.85081 0.532705
vt 0.849779 0.522741
vt 0.812177 0.560834
vt 0.799852 0.602078
vt 0.853717 0.591919
vt 0.853455 0.558241
vt 0.786865 0.618257
vt 0.857727 0.604859
vt 0.706124 0.63254
vt 0.733585 0.635499
vt 0.727854 0.701215
vt 0.658454 0.720083
vt 0.727854 0.706646
vt 0.864201 0.668932
vt 0.858848 0.671473
vt 0.859607 0.676123
vt 0.864287 0.67359
vt 0.0959741 0.518742
vt 0.049232 0.53519
vt 0.865365 0.657832
vt 0.868114 0.669508
vt 0.870065 0.661971
vt 0.789995 0.687935
vt 0.877678 0.603393
vt 0.869919 0.616337
vt 0.0755694 0.692868
vt 0.0788834 0.706963
vt 0.0869116 0.703149
vt 0.789995 0.687935
vt 0.789995 0.693208
vt 0.759892 0.62931
vt 0.227068 0.639515
vt 0.116729 0.699526
vt 0.886682 0.601927
vt 0.875954 0.612698
vt 0.126496 0.533412
vt 0.0722589 0.559136
vt 0.126127 0.558754
vt 0.128711 0.517097
vt 0.128711 0.585983
vt 0.789995 0.644682
vt 0.862096 0.619977
vt 0.859662 0.653693
vt 0.789995 0.671751
vt 0.0647783 0.53519
vt 0.0525506 0.53519
vt 0.0982596 0.520673
vt 0.0990481 0.521799
vt 0.657305 0.6953
vt 0.658454 0.714496
vt 0.609865 0.699526
vt 0.726525 0.657596
vt 0.727279 0.683526
vt 0.612816 0.508633
vt 0.648054 0.508633
vt 0.649466 0.535948
vt 0.612816 0.534884
vt 0.651861 0.568521
vt 0.612816 0.570728
vt 0.612816 0.661551
vt 0.671622 0.614557
vt 0.68238 0.623929
vt 0.655798 0.667556
vt 0.416391 0.508633
vt 0.416391 0.534884
vt 0.416391 0.575291
vt 0.416391 0.661551
vt 0.416391 0.699526
vt 0.195171 0.661551
vt 0.248434 0.661551
vt 0.248434 0.699526
vt 0.183858 0.699526
vt 0.0770542 0.534389
vt 0.0582278 0.59394
vt 0.0716289 0.593264
vt 0.0782002 0.624689
vt 0.0642909 0.625128
vt 0.298651 0.534884
vt 0.281817 0.576199
vt 0.282963 0.508633
vt 0.612816 0.608395
vt 0.416391 0.612853
vt 0.257108 0.622255
vt 0.263957 0.612109
vt 0.177187 0.63901
vt 0.200631 0.641451
vt 0.125307 0.661551
vt 0.07995 0.661551
vt 0.142753 0.616592
vt 0.248995 0.630161
vt 0.153498 0.631481
vt 0.666641 0.605555
vt 0.815808 0.510239
vt 0.849779 0.522741
vt 0.85081 0.532705
vt 0.814249 0.531955
vt 0.812177 0.560834
vt 0.853455 0.558241
vt 0.853717 0.591919
vt 0.799852 0.602078
vt 0.857727 0.604859
vt 0.786865 0.618257
vt 0.706124 0.63254
vt 0.733585 0.635499
vt 0.727854 0.701215
vt 0.727854 0.706646
vt 0.658454 0.720083
vt 0.864201 0.668932
vt 0.864287 0.67359
vt 0.859607 0.676123
vt 0.858848 0.671473
vt 0.865365 0.657832
vt 0.870065 0.661971
vt 0.868114 0.669508
vt 0.789995 0.687935
vt 0.877678 0.603393
vt 0.869919 0.616337
vt 0.0869116 0.703149
vt 0.0788834 0.706963
vt 0.0755694 0.692868
vt 0.789995 0.693208
vt 0.759892 0.62931
vt 0.227068 0.639515
vt 0.116729 0.699526
vt 0.886682 0.601927
vt 0.875954 0.612698
vt 0.126496 0.533412
vt 0.126127 0.558754
vt 0.0722589 0.559136
vt 0.128711 0.517097
vt 0.128711 0.585983
vt 0.953625 0.542228
vt 0.953325 0.537583
vt 0.964546 0.537109
vt 0.964546 0.542228
vt 0.953625 0.583856
vt 0.953625 0.560178
vt 0.964546 0.560178
vt 0.964546 0.583856
vt 0.953625 0.55105
vt 0.964546 0.55105
vt 0.939712 0.536212
vt 0.940619 0.536739
vt 0.939974 0.537553
vt 0.939246 0.537346
vt 0.953625 0.600899
vt 0.964546 0.600899
vt 0.941555 0.550893
vt 0.941547 0.542228
vt 0.942703 0.542228
vt 0.942703 0.55105
vt 0.941581 0.58387
vt 0.941563 0.560178
vt 0.942703 0.560178
vt 0.942703 0.583856
vt 0.941599 0.60254
vt 0.942703 0.600899
vt 0.940412 0.610426
vt 0.940132 0.608213
vt 0.941902 0.604317
vt 0.940028 0.541296
vt 0.940687 0.538154
vt 0.942215 0.539879
vt 0.943833 0.583856
vt 0.943974 0.600899
vt 0.943862 0.542228
vt 0.943937 0.55105
vt 0.944013 0.560178
vt 0.943014 0.539084
vt 0.938768 0.618134
vt 0.938803 0.611266
vt 0.939424 0.610985
vt 0.939448 0.615084
vt 0.941901 0.61118
vt 0.940897 0.616299
vt 0.939448 0.615084
vt 0.964546 0.60403
vt 0.953285 0.603998
vt 0.943272 0.605057
vt 0.944112 0.603727
vt 0.940715 0.618134
vt 0.939415 0.541248
vt 0.941526 0.537268
vt 0.938803 0.541561
vt 0.975468 0.542228
vt 0.975767 0.537583
vt 0.975468 0.583856
vt 0.975468 0.560178
vt 0.975468 0.55105
vt 0.98938 0.536212
vt 0.989847 0.537346
vt 0.989118 0.537553
vt 0.988473 0.536739
vt 0.975468 0.600899
vt 0.987537 0.550893
vt 0.986389 0.55105
vt 0.986389 0.542228
vt 0.987545 0.542228
vt 0.987511 0.583869
vt 0.986389 0.583856
vt 0.986389 0.560178
vt 0.98753 0.560178
vt 0.987493 0.60254
vt 0.986389 0.600899
vt 0.98868 0.610426
vt 0.98719 0.604317
vt 0.98896 0.608213
vt 0.989065 0.541296
vt 0.986877 0.539879
vt 0.988405 0.538154
vt 0.985119 0.600899
vt 0.98526 0.583856
vt 0.985155 0.55105
vt 0.98523 0.542228
vt 0.98508 0.560178
vt 0.986078 0.539084
vt 0.990325 0.618134
vt 0.989644 0.615084
vt 0.989668 0.610985
vt 0.99029 0.611266
vt 0.987191 0.61118
vt 0.988195 0.616299
vt 0.975808 0.603998
vt 0.985821 0.605057
vt 0.984981 0.603727
vt 0.988377 0.618134
vt 0.989677 0.541248
vt 0.987566 0.537268
vt 0.99029 0.541561
vt 0.640426 0.807675
vt 0.622284 0.822153
vt 0.640426 0.822153
vt 0.537318 0.822153
vt 0.534626 0.808789
vt 0.899618 0.822153
vt 0.881475 0.807675
vt 0.881475 0.822153
vt 0.987275 0.808789
vt 0.984584 0.822153
vt 0.647974 0.9012
vt 0.647974 0.905056
vt 0.760951 0.90601
vt 0.760951 0.90234
vt 0.647974 0.943652
vt 0.647974 0.960129
vt 0.760951 0.960129
vt 0.760951 0.943652
vt 0.622284 0.822153
vt 0.61016 0.873062
vt 0.645594 0.873557
vt 0.640426 0.822153
vt 0.647974 0.927175
vt 0.760951 0.927175
vt 0.540853 0.900841
vt 0.543915 0.922038
vt 0.760951 0.806562
vt 0.640426 0.807675
vt 0.760951 0.822153
vt 0.760951 0.875785
vt 0.647974 0.894221
vt 0.760951 0.894221
vt 0.538611 0.883283
vt 0.540097 0.892634
vt 0.540609 0.897698
vt 0.54785 0.938709
vt 0.551785 0.95538
vt 0.873927 0.9012
vt 0.873927 0.905056
vt 0.873927 0.943652
vt 0.873927 0.960129
vt 0.899618 0.822153
vt 0.881475 0.822153
vt 0.876308 0.873557
vt 0.911742 0.873062
vt 0.873927 0.927175
vt 0.977986 0.922038
vt 0.981049 0.900841
vt 0.881475 0.807675
vt 0.873927 0.894221
vt 0.981804 0.892634
vt 0.983291 0.883283
vt 0.981292 0.897698
vt 0.974052 0.938709
vt 0.970117 0.95538
vt 0.113416 0.879923
vt 0.14598 0.879885
vt 0.14598 0.921767
vt 0.171597 0.920972
vt 0.174498 0.948034
vt 0.15039 0.955807
vt 0.257362 0.891461
vt 0.171599 0.892277
vt 0.257362 0.878978
vt 0.257362 0.948064
vt 0.257362 0.955864
vt 0.257362 0.919887
vt 0.257362 0.939831
vt 0.18766 0.939811
vt 0.18476 0.919327
vt 0.184762 0.899078
vt 0.257362 0.898503
vt 0.343127 0.920972
vt 0.368744 0.921767
vt 0.364335 0.955807
vt 0.340227 0.948034
vt 0.368744 0.879885
vt 0.343125 0.892277
vt 0.329965 0.919327
vt 0.327064 0.939811
vt 0.329962 0.899078
vt 0.257362 0.844249
vt 0.14343 0.844249
vt 0.113416 0.879923
vt 0.0419746 0.880006
vt 0.0422811 0.844249
vt 0.257362 0.97355
vt 0.152955 0.97355
vt 0.0511569 0.957673
vt 0.0559253 0.973833
vt 0.371295 0.844249
vt 0.472443 0.844249
vt 0.47275 0.880006
vt 0.401308 0.879923
vt 0.361769 0.97355
vt 0.463567 0.957673
vt 0.458799 0.973833
vt 0.174498 0.948034
vt 0.171597 0.920972
vt 0.18476 0.919327
vt 0.18766 0.939811
vt 0.171599 0.892277
vt 0.184762 0.899078
vt 0.257362 0.948064
vt 0.257362 0.939831
vt 0.257362 0.891461
vt 0.257362 0.898503
vt 0.340227 0.948034
vt 0.327064 0.939811
vt 0.329965 0.919327
vt 0.343127 0.920972
vt 0.329962 0.899078
vt 0.343125 0.892277
vt 0.018369 0.0113997
vt 0.024919 0.0944254
vt 0.171136 0.098025
vt 0.171136 0.0113997
vt 0.367137 0.334873
vt 0.363687 0.49789
vt 0.172887 0.470635
vt 0.140556 0.334873
vt 0.396188 0.346913
vt 0.380393 0.484196
vt 0.413579 0.358953
vt 0.389059 0.470502
vt 0.323903 0.0113997
vt 0.317353 0.0944254
vt 0.367135 0.334873
vt 0.140554 0.334873
vt 0.172886 0.470635
vt 0.363686 0.49789
vt 0.396187 0.346913
vt 0.380392 0.484196
vt 0.413578 0.358953
vt 0.389058 0.470502
vt 0.619712 0.496743
vt 0.583518 0.418255
vt 0.599641 0.418255
vt 0.826984 0.418255
vt 0.836622 0.492663
vt 0.599641 0.326973
vt 0.755803 0.326791
vt 0.583518 0.418255
vt 0.581242 0.325873
vt 0.583474 0.418255
vt 0.619669 0.496743
vt 0.599598 0.418255
vt 0.82694 0.418255
vt 0.836578 0.492663
vt 0.599598 0.326973
vt 0.75576 0.326791
vt 0.583474 0.418255
vt 0.581198 0.325873
vt 0.975411 0.057388
vt 0.974966 0.057388
vt 0.973934 0.0574266
vt 0.973946 0.0599907
vt 0.975407 0.0598279
vt 0.987096 0.057388
vt 0.98113 0.057388
vt 0.98113 0.0597191
vt 0.986881 0.0597028
vt 0.98113 0.057388
vt 0.98006 0.057388
vt 0.979681 0.057388
vt 0.979677 0.0597903
vt 0.98113 0.0597191
vt 0.979681 0.057388
vt 0.979648 0.0571158
vt 0.979643 0.0596592
vt 0.979677 0.0597903
vt 0.975969 0.0569258
vt 0.975411 0.0570185
vt 0.975402 0.059459
vt 0.975959 0.0593663
vt 0.993538 0.0569258
vt 0.992851 0.0569258
vt 0.992897 0.0593728
vt 0.993537 0.0593728
vt 0.991493 0.0570185
vt 0.991247 0.0571435
vt 0.991193 0.0597371
vt 0.991492 0.0594654
vt 0.991148 0.057388
vt 0.987096 0.057388
vt 0.986881 0.0597028
vt 0.991147 0.0597787
vt 0.975407 0.0598279
vt 0.973946 0.0599907
vt 0.973948 0.062919
vt 0.975411 0.062919
vt 0.986881 0.0597028
vt 0.98113 0.0597191
vt 0.98113 0.062919
vt 0.987096 0.062919
vt 0.98113 0.0597191
vt 0.979677 0.0597903
vt 0.979681 0.062919
vt 0.98113 0.062919
vt 0.977523 0.0598091
vt 0.975407 0.0598279
vt 0.975411 0.062919
vt 0.977528 0.062919
vt 0.991147 0.0597787
vt 0.986881 0.0597028
vt 0.987096 0.062919
vt 0.991148 0.062919
vt 0.993289 0.0598446
vt 0.991147 0.0597787
vt 0.991148 0.062919
vt 0.993308 0.062919
vt 0.977523 0.0598091
vt 0.977504 0.0596584
vt 0.975405 0.0596868
vt 0.975407 0.0598279
vt 0.977478 0.0593663
vt 0.976702 0.0593663
vt 0.977478 0.059459
vt 0.9796 0.0570185
vt 0.978991 0.0569258
vt 0.978982 0.0593663
vt 0.979591 0.059459
vt 0.975411 0.0570185
vt 0.975411 0.0570942
vt 0.975405 0.0596868
vt 0.975402 0.059459
vt 0.977487 0.0569258
vt 0.976727 0.0569258
vt 0.976702 0.0593663
vt 0.977478 0.0593663
vt 0.993289 0.0598446
vt 0.993316 0.0597859
vt 0.991193 0.0597371
vt 0.991147 0.0597787
vt 0.993461 0.0594654
vt 0.992897 0.0593728
vt 0.992165 0.0593728
vt 0.991492 0.0594654
vt 0.995394 0.0568976
vt 0.994871 0.0569258
vt 0.994871 0.0593728
vt 0.995393 0.0594654
vt 0.992166 0.0569258
vt 0.991493 0.0570185
vt 0.991492 0.0594654
vt 0.992165 0.0593728
vt 0.995394 0.057388
vt 0.995462 0.0571123
vt 0.995394 0.0598317
vt 0.995394 0.0599105
vt 0.978991 0.0569258
vt 0.978274 0.0569258
vt 0.978391 0.0593663
vt 0.978982 0.0593663
vt 0.979591 0.059459
vt 0.978982 0.0593663
vt 0.978391 0.0593663
vt 0.977478 0.059459
vt 0.979677 0.0597903
vt 0.979643 0.0596592
vt 0.977504 0.0596584
vt 0.977523 0.0598091
vt 0.979677 0.0597903
vt 0.977523 0.0598091
vt 0.977528 0.062919
vt 0.979681 0.062919
vt 0.995393 0.0594654
vt 0.994871 0.0593728
vt 0.99432 0.0593728
vt 0.993461 0.0594654
vt 0.995394 0.0599105
vt 0.995394 0.0598317
vt 0.993316 0.0597859
vt 0.993289 0.0598446
vt 0.995394 0.0599105
vt 0.993289 0.0598446
vt 0.993308 0.062919
vt 0.995431 0.062919
vt 0.994871 0.0569258
vt 0.994262 0.0569258
vt 0.99432 0.0593728
vt 0.994871 0.0593728
vt 0.995394 0.0598317
vt 0.995462 0.0571123
vt 0.995473 0.0570214
vt 0.995393 0.0594654
vt 0.993316 0.0597859
vt 0.995394 0.0598317
vt 0.995393 0.0594654
vt 0.993461 0.0594654
vt 0.991193 0.0597371
vt 0.991247 0.0571435
vt 0.991148 0.057388
vt 0.991147 0.0597787
vt 0.991193 0.0597371
vt 0.993316 0.0597859
vt 0.993461 0.0594654
vt 0.991492 0.0594654
vt 0.977504 0.0596584
vt 0.979643 0.0596592
vt 0.979591 0.059459
vt 0.977478 0.059459
vt 0.979643 0.0596592
vt 0.979648 0.0571158
vt 0.9796 0.0570185
vt 0.979591 0.059459
vt 0.975405 0.0596868
vt 0.975411 0.0570942
vt 0.975411 0.057388
vt 0.975407 0.0598279
vt 0.975405 0.0596868
vt 0.977504 0.0596584
vt 0.977478 0.059459
vt 0.975402 0.059459
vt 0.976702 0.0593663
vt 0.976727 0.0569258
vt 0.975969 0.0569258
vt 0.975959 0.0593663
vt 0.976702 0.0593663
vt 0.975959 0.0593663
vt 0.975402 0.059459
vt 0.977478 0.059459
vt 0.978391 0.0593663
vt 0.977478 0.0593663
vt 0.977478 0.059459
vt 0.978391 0.0593663
vt 0.978274 0.0569258
vt 0.977487 0.0569258
vt 0.977478 0.0593663
vt 0.992897 0.0593728
vt 0.992851 0.0569258
vt 0.992166 0.0569258
vt 0.992165 0.0593728
vt 0.99432 0.0593728
vt 0.993537 0.0593728
vt 0.993461 0.0594654
vt 0.993461 0.0594654
vt 0.993537 0.0593728
vt 0.992897 0.0593728
vt 0.99432 0.0593728
vt 0.994262 0.0569258
vt 0.993538 0.0569258
vt 0.993537 0.0593728
vt 0.996757 0.0600321
vt 0.996733 0.0575219
vt 0.995832 0.057388
vt 0.995394 0.057388
vt 0.995394 0.0599105
vt 0.996827 0.062919
vt 0.996757 0.0600321
vt 0.995394 0.0599105
vt 0.995431 0.062919
vt 0.995473 0.0570214
vt 0.995394 0.0568976
vt 0.995393 0.0594654
vt 0.975411 0.06845
vt 0.975407 0.0660101
vt 0.973946 0.0658473
vt 0.973934 0.0684115
vt 0.974966 0.06845
vt 0.987096 0.06845
vt 0.986881 0.0661352
vt 0.98113 0.066119
vt 0.98113 0.06845
vt 0.98113 0.06845
vt 0.98113 0.066119
vt 0.979677 0.0660477
vt 0.979681 0.06845
vt 0.98006 0.06845
vt 0.979681 0.06845
vt 0.979677 0.0660477
vt 0.979643 0.0661788
vt 0.979648 0.0687222
vt 0.975969 0.0689122
vt 0.975959 0.0664717
vt 0.975402 0.066379
vt 0.975411 0.0688196
vt 0.993538 0.0689122
vt 0.993537 0.0664653
vt 0.992897 0.0664653
vt 0.992851 0.0689122
vt 0.991493 0.0688196
vt 0.991492 0.0663726
vt 0.991193 0.0661009
vt 0.991247 0.0686945
vt 0.991148 0.06845
vt 0.991147 0.0660594
vt 0.986881 0.0661352
vt 0.987096 0.06845
vt 0.975407 0.0660101
vt 0.975411 0.062919
vt 0.973948 0.062919
vt 0.973946 0.0658473
vt 0.986881 0.0661352
vt 0.987096 0.062919
vt 0.98113 0.062919
vt 0.98113 0.066119
vt 0.98113 0.066119
vt 0.98113 0.062919
vt 0.979681 0.062919
vt 0.979677 0.0660477
vt 0.977523 0.0660289
vt 0.977528 0.062919
vt 0.975411 0.062919
vt 0.975407 0.0660101
vt 0.991147 0.0660594
vt 0.991148 0.062919
vt 0.987096 0.062919
vt 0.986881 0.0661352
vt 0.993289 0.0659935
vt 0.993308 0.062919
vt 0.991148 0.062919
vt 0.991147 0.0660594
vt 0.977523 0.0660289
vt 0.975407 0.0660101
vt 0.975405 0.0661512
vt 0.977504 0.0661796
vt 0.976702 0.0664717
vt 0.977478 0.0664717
vt 0.977478 0.066379
vt 0.9796 0.0688196
vt 0.979591 0.066379
vt 0.978982 0.0664717
vt 0.978991 0.0689122
vt 0.975411 0.0688196
vt 0.975402 0.066379
vt 0.975405 0.0661512
vt 0.975411 0.0687439
vt 0.977487 0.0689122
vt 0.977478 0.0664717
vt 0.976702 0.0664717
vt 0.976727 0.0689122
vt 0.993289 0.0659935
vt 0.991147 0.0660594
vt 0.991193 0.0661009
vt 0.993316 0.0660521
vt 0.993461 0.0663726
vt 0.991492 0.0663726
vt 0.992165 0.0664653
vt 0.992897 0.0664653
vt 0.995394 0.0689404
vt 0.995393 0.0663726
vt 0.994871 0.0664653
vt 0.994871 0.0689122
vt 0.992166 0.0689122
vt 0.992165 0.0664653
vt 0.991492 0.0663726
vt 0.991493 0.0688196
vt 0.995394 0.06845
vt 0.995394 0.0659276
vt 0.995394 0.0660064
vt 0.995462 0.0687258
vt 0.978991 0.0689122
vt 0.978982 0.0664717
vt 0.978391 0.0664717
vt 0.978274 0.0689122
vt 0.979591 0.066379
vt 0.977478 0.066379
vt 0.978391 0.0664717
vt 0.978982 0.0664717
vt 0.979677 0.0660477
vt 0.977523 0.0660289
vt 0.977504 0.0661796
vt 0.979643 0.0661788
vt 0.979677 0.0660477
vt 0.979681 0.062919
vt 0.977528 0.062919
vt 0.977523 0.0660289
vt 0.995393 0.0663726
vt 0.993461 0.0663726
vt 0.99432 0.0664653
vt 0.994871 0.0664653
vt 0.995394 0.0659276
vt 0.993289 0.0659935
vt 0.993316 0.0660521
vt 0.995394 0.0660064
vt 0.995394 0.0659276
vt 0.995431 0.062919
vt 0.993308 0.062919
vt 0.993289 0.0659935
vt 0.994871 0.0689122
vt 0.994871 0.0664653
vt 0.99432 0.0664653
vt 0.994262 0.0689122
vt 0.995394 0.0660064
vt 0.995393 0.0663726
vt 0.995473 0.0688167
vt 0.995462 0.0687258
vt 0.993316 0.0660521
vt 0.993461 0.0663726
vt 0.995393 0.0663726
vt 0.995394 0.0660064
vt 0.991193 0.0661009
vt 0.991147 0.0660594
vt 0.991148 0.06845
vt 0.991247 0.0686945
vt 0.991193 0.0661009
vt 0.991492 0.0663726
vt 0.993461 0.0663726
vt 0.993316 0.0660521
vt 0.977504 0.0661796
vt 0.977478 0.066379
vt 0.979591 0.066379
vt 0.979643 0.0661788
vt 0.979643 0.0661788
vt 0.979591 0.066379
vt 0.9796 0.0688196
vt 0.979648 0.0687222
vt 0.975405 0.0661512
vt 0.975407 0.0660101
vt 0.975411 0.06845
vt 0.975411 0.0687439
vt 0.975405 0.0661512
vt 0.975402 0.066379
vt 0.977478 0.066379
vt 0.977504 0.0661796
vt 0.976702 0.0664717
vt 0.975959 0.0664717
vt 0.975969 0.0689122
vt 0.976727 0.0689122
vt 0.976702 0.0664717
vt 0.977478 0.066379
vt 0.975402 0.066379
vt 0.975959 0.0664717
vt 0.977478 0.0664717
vt 0.978391 0.0664717
vt 0.977478 0.066379
vt 0.978391 0.0664717
vt 0.977478 0.0664717
vt 0.977487 0.0689122
vt 0.978274 0.0689122
vt 0.992897 0.0664653
vt 0.992165 0.0664653
vt 0.992166 0.0689122
vt 0.992851 0.0689122
vt 0.993537 0.0664653
vt 0.99432 0.0664653
vt 0.993461 0.0663726
vt 0.993537 0.0664653
vt 0.993461 0.0663726
vt 0.992897 0.0664653
vt 0.99432 0.0664653
vt 0.993537 0.0664653
vt 0.993538 0.0689122
vt 0.994262 0.0689122
vt 0.996757 0.065806
vt 0.995394 0.0659276
vt 0.995394 0.06845
vt 0.995832 0.06845
vt 0.996733 0.0683162
vt 0.996827 0.062919
vt 0.995431 0.062919
vt 0.995394 0.0659276
vt 0.996757 0.065806
vt 0.995394 0.0689404
vt 0.995473 0.0688167
vt 0.995393 0.0663726
vt 0.0217694 0.315003
vt 0.0206456 0.331017
vt 0.0385898 0.331017
vt 0.0385898 0.315003
vt 0.0206456 0.35385
vt 0.0385898 0.35385
vt 0.0206456 0.366015
vt 0.0385898 0.365332
vt 0.0217694 0.315881
vt 0.0211172 0.335259
vt 0.00524233 0.334447
vt 0.00613731 0.315881
vt 0.0050094 0.35385
vt 0.00489369 0.366698
vt 0.00568761 0.331017
vt 0.00665048 0.315003
vt 0.0385898 0.315881
vt 0.0385898 0.33433
vt 0.00518375 0.306401
vt 0.00387758 0.313989
vt 0.00475673 0.314462
vt 0.00591694 0.310117
vt 0.00375018 0.332225
vt 0.00328938 0.356464
vt 0.0212743 0.309777
vt 0.00339317 0.367815
vt 0.0385898 0.308855
vt 0.0385898 0.303878
vt 0.0207793 0.305722
vt 0.0026889 0.359078
vt 0.00254357 0.368931
vt 0.00518375 0.306401
vt 0.00293175 0.333434
vt 0.00247004 0.360102
vt 0.00365332 0.334115
vt 0.00393914 0.360617
vt 0.0202347 0.360617
vt 0.0385898 0.360617
vt 0.0044837 0.315271
vt 0.0554102 0.315003
vt 0.056534 0.331017
vt 0.056534 0.35385
vt 0.056534 0.366015
vt 0.0554102 0.315881
vt 0.0710423 0.315881
vt 0.0719372 0.334447
vt 0.0560624 0.335259
vt 0.0721702 0.35385
vt 0.0722859 0.366698
vt 0.071492 0.331017
vt 0.0705291 0.315003
vt 0.0719958 0.306401
vt 0.0712626 0.310117
vt 0.0724228 0.314462
vt 0.073302 0.313989
vt 0.0734294 0.332225
vt 0.0738902 0.356464
vt 0.0559052 0.309777
vt 0.0737864 0.367815
vt 0.0564003 0.305722
vt 0.0744907 0.359078
vt 0.074636 0.368931
vt 0.0719958 0.306401
vt 0.0742478 0.333434
vt 0.0747095 0.360102
vt 0.0732404 0.360617
vt 0.0735262 0.334115
vt 0.0569449 0.360617
vt 0.0726959 0.315271
vt 0.0285364 0.368343
vt 0.0284372 0.370672
vt 0.0252128 0.369914
vt 0.02547 0.367952
vt 0.0201588 0.355435
vt 0.0201588 0.357951
vt 0.0185503 0.357981
vt 0.0183593 0.355319
vt 0.0201588 0.361628
vt 0.0224075 0.366797
vt 0.0203149 0.366576
vt 0.0188043 0.36152
vt 0.0219067 0.368559
vt 0.0366423 0.367002
vt 0.0360317 0.368105
vt 0.0346045 0.367054
vt 0.0365858 0.368355
vt 0.0352689 0.37018
vt 0.0344285 0.368313
vt 0.0217301 0.367806
vt 0.0235107 0.367854
vt 0.0235639 0.370018
vt 0.0225696 0.369049
vt 0.0198003 0.358326
vt 0.0174777 0.35834
vt 0.0194006 0.355123
vt 0.020793 0.363424
vt 0.0195411 0.363404
vt 0.0383069 0.35616
vt 0.0385784 0.358159
vt 0.03681 0.35811
vt 0.0365386 0.355123
vt 0.0383069 0.364603
vt 0.0365386 0.364603
vt 0.0294918 0.371402
vt 0.0262516 0.371164
vt 0.026276 0.369113
vt 0.0290449 0.369387
vt 0.0384539 0.362463
vt 0.0370652 0.361543
vt 0.0347133 0.369254
vt 0.0389204 0.355123
vt 0.0387474 0.35847
vt 0.0372554 0.358488
vt 0.0373906 0.355123
vt 0.0660664 0.367093
vt 0.0669862 0.367567
vt 0.0667912 0.368448
vt 0.0656137 0.367976
vt 0.0673386 0.362295
vt 0.0670382 0.362534
vt 0.0674523 0.359552
vt 0.0678662 0.356278
vt 0.0681567 0.357135
vt 0.06918 0.357135
vt 0.0692832 0.356251
vt 0.0673551 0.367682
vt 0.0671622 0.368563
vt 0.0695478 0.357135
vt 0.069721 0.356251
vt 0.0100516 0.355854
vt 0.0102695 0.359562
vt 0.00924104 0.359179
vt 0.00902078 0.355454
vt 0.0295667 0.355854
vt 0.0304623 0.355454
vt 0.0295929 0.362916
vt 0.0295798 0.35953
vt 0.0304761 0.35933
vt 0.03049 0.362915
vt 0.0122855 0.36298
vt 0.0164476 0.367597
vt 0.0158624 0.367984
vt 0.0114145 0.36309
vt 0.0296025 0.36818
vt 0.0305007 0.368578
vt 0.0481789 0.362734
vt 0.0481789 0.359439
vt 0.049076 0.359239
vt 0.049076 0.362734
vt 0.0481789 0.355854
vt 0.0313608 0.355854
vt 0.049076 0.355454
vt 0.0313739 0.35953
vt 0.0481789 0.3681
vt 0.049076 0.368487
vt 0.031387 0.362915
vt 0.0313967 0.368181
vt 0.0629823 0.362586
vt 0.0630336 0.359366
vt 0.0639172 0.359165
vt 0.0638797 0.362585
vt 0.0499731 0.355854
vt 0.0499731 0.359439
vt 0.0562461 0.355854
vt 0.0562325 0.355454
vt 0.062274 0.367308
vt 0.0631488 0.367696
vt 0.0499731 0.362734
vt 0.0499731 0.368091
vt 0.0563663 0.367936
vt 0.0563552 0.368328
vt 0.031803 0.37031
vt 0.0317103 0.368061
vt 0.062802 0.355854
vt 0.063672 0.355454
vt 0.0323654 0.371103
vt 0.0319683 0.369131
vt 0.0386236 0.361265
vt 0.0368555 0.361242
vt 0.0285364 0.368343
vt 0.02547 0.367952
vt 0.0252128 0.369914
vt 0.0284372 0.370672
vt 0.0201588 0.355435
vt 0.0183593 0.355319
vt 0.0185503 0.357981
vt 0.0201588 0.357951
vt 0.0201588 0.361628
vt 0.0188043 0.36152
vt 0.0203149 0.366576
vt 0.0224075 0.366797
vt 0.0219067 0.368559
vt 0.0360317 0.368105
vt 0.0366423 0.367002
vt 0.0346045 0.367054
vt 0.0352689 0.37018
vt 0.0365858 0.368355
vt 0.0344285 0.368313
vt 0.0217301 0.367806
vt 0.0225696 0.369049
vt 0.0235639 0.370018
vt 0.0235107 0.367854
vt 0.0174777 0.35834
vt 0.0198003 0.358326
vt 0.0194006 0.355123
vt 0.020793 0.363424
vt 0.0195411 0.363404
vt 0.0383069 0.35616
vt 0.0365386 0.355123
vt 0.03681 0.35811
vt 0.0385784 0.358159
vt 0.0383069 0.364603
vt 0.0365386 0.364603
vt 0.0294918 0.371402
vt 0.0290449 0.369387
vt 0.026276 0.369113
vt 0.0262516 0.371164
vt 0.0384539 0.362463
vt 0.0370652 0.361543
vt 0.0347133 0.369254
vt 0.0389204 0.355123
vt 0.0373906 0.355123
vt 0.0372554 0.358488
vt 0.0387474 0.35847
vt 0.0660664 0.367093
vt 0.0656137 0.367976
vt 0.0667912 0.368448
vt 0.0669862 0.367567
vt 0.0673386 0.362295
vt 0.0670382 0.362534
vt 0.0678662 0.356278
vt 0.0674523 0.359552
vt 0.0681567 0.357135
vt 0.06918 0.357135
vt 0.0692832 0.356251
vt 0.0100516 0.355854
vt 0.00902078 0.355454
vt 0.00924104 0.359179
vt 0.0102695 0.359562
vt 0.0295667 0.355854
vt 0.0304623 0.355454
vt 0.0295929 0.362916
vt 0.03049 0.362915
vt 0.0304761 0.35933
vt 0.0295798 0.35953
vt 0.0122855 0.36298
vt 0.0114145 0.36309
vt 0.0158624 0.367984
vt 0.0164476 0.367597
vt 0.0296025 0.36818
vt 0.0305007 0.368578
vt 0.0481789 0.362734
vt 0.049076 0.362734
vt 0.049076 0.359239
vt 0.0481789 0.359439
vt 0.0481789 0.355854
vt 0.049076 0.355454
vt 0.0313608 0.355854
vt 0.0313739 0.35953
vt 0.0481789 0.3681
vt 0.049076 0.368487
vt 0.031387 0.362915
vt 0.0313967 0.368181
vt 0.0629823 0.362586
vt 0.0638797 0.362585
vt 0.0639172 0.359165
vt 0.0630336 0.359366
vt 0.0499731 0.355854
vt 0.0499731 0.359439
vt 0.0562461 0.355854
vt 0.0562325 0.355454
vt 0.062274 0.367308
vt 0.0631488 0.367696
vt 0.0499731 0.362734
vt 0.0499731 0.368091
vt 0.0563663 0.367936
vt 0.0563552 0.368328
vt 0.0317103 0.368061
vt 0.031803 0.37031
vt 0.062802 0.355854
vt 0.063672 0.355454
vt 0.0319683 0.369131
vt 0.0323654 0.371103
vt 0.0368555 0.361242
vt 0.0386236 0.361265
vt 0.56765 0.188072
vt 0.603144 0.1875
vt 0.60241 0.244042
vt 0.56765 0.244329
vt 0.712935 0.561749
vt 0.72908 0.5625
vt 0.729167 0.625
vt 0.712935 0.625
vt 0.564384 0.3125
vt 0.580447 0.3125
vt 0.580615 0.330773
vt 0.564384 0.330738
vt 0.564384 0.355072
vt 0.581055 0.355115
vt 0.581264 0.374016
vt 0.564384 0.37409
vt 0.564384 0.3344
vt 0.580627 0.3344
vt 0.581041 0.3531
vt 0.564384 0.3531
vt 0.60248 0.125
vt 0.61077 0.125
vt 0.61111 0.186436
vt 0.728395 0.509183
vt 0.737941 0.511
vt 0.739367 0.5625
vt 0.598144 0.373941
vt 0.597726 0.355159
vt 0.610053 0.355351
vt 0.610374 0.373746
vt 0.597698 0.353099
vt 0.596871 0.334401
vt 0.609622 0.334401
vt 0.610014 0.353099
vt 0.59651 0.312501
vt 0.596174 0.294193
vt 0.609262 0.294225
vt 0.609418 0.312501
vt 0.742588 0.511248
vt 0.741546 0.5625
vt 0.740002 0.625
vt 0.611426 0.24352
vt 0.712935 0.508817
vt 0.56765 0.125
vt 0.708333 0.625
vt 0.708333 0.5625
vt 0.742631 0.625
vt 0.596845 0.330808
vt 0.609575 0.330776
vt 0.564384 0.294262
vt 0.580279 0.294228
vt 0.708333 0.509286
vt 0.56765 0.188072
vt 0.56765 0.244329
vt 0.60241 0.244042
vt 0.603144 0.1875
vt 0.712935 0.561749
vt 0.72908 0.5625
vt 0.564384 0.3125
vt 0.564384 0.330738
vt 0.580615 0.330773
vt 0.580447 0.3125
vt 0.564384 0.355072
vt 0.564384 0.37409
vt 0.581264 0.374016
vt 0.581055 0.355115
vt 0.564384 0.3344
vt 0.564384 0.3531
vt 0.581041 0.3531
vt 0.580627 0.3344
vt 0.61111 0.186436
vt 0.739367 0.5625
vt 0.737941 0.511
vt 0.728395 0.509183
vt 0.598144 0.373941
vt 0.610374 0.373746
vt 0.610053 0.355351
vt 0.597726 0.355159
vt 0.597698 0.353099
vt 0.610014 0.353099
vt 0.609622 0.334401
vt 0.596871 0.334401
vt 0.59651 0.312501
vt 0.609418 0.312501
vt 0.609262 0.294225
vt 0.596174 0.294193
vt 0.742588 0.511248
vt 0.741546 0.5625
vt 0.611426 0.24352
vt 0.712935 0.508817
vt 0.708333 0.5625
vt 0.596845 0.330808
vt 0.609575 0.330776
vt 0.564384 0.294262
vt 0.580279 0.294228
vt 0.708333 0.509286


usemtl body

g Car

f 1/1/1 2/2/2 3/3/3 4/4/4
f 5/5/5 6/6/6 7/7/7 8/8/8
f 9/9/9 10/10/10 11/11/11
f 12/12/12 13/13/13 2/2/2 1/1/1
f 14/14/14 15/15/15 16/16/16 17/17/17
f 18/18/18 19/19/19 15/15/15
f 20/20/20 21/21/21 22/22/22 23/23/23
f 24/24/24 25/25/25 15/15/15 14/14/14
f 25/25/25 26/26/26 18/18/18 15/15/15
f 27/27/27 28/28/28 11/11/11 20/20/20
f 29/29/29 30/30/30 31/31/31 32/32/32
f 33/33/33 6/6/6 5/5/5
f 34/34/34 35/35/35 36/36/36 37/37/37
f 32/32/32 31/31/31 28/28/28 27/27/27
f 38/38/38 39/39/39 26/26/26 25/25/25
f 40/40/40 38/38/38 25/25/25 24/24/24
f 41/41/41 42/42/42 27/27/27 20/20/20
f 42/42/42 43/43/43 44/44/44 32/32/32 27/27/27
f 45/45/45 46/46/46 29/29/29
f 47/47/47 48/48/48 36/36/36 49/49/49
f 50/50/50 32/32/32 44/44/44
f 48/48/48 47/47/47 51/51/51
f 23/23/23 52/52/52 41/41/41 20/20/20
f 53/53/53 54/54/54 55/55/55 56/56/56
f 57/57/57 58/58/58 59/59/59 60/60/60
f 58/58/58 61/61/61 62/62/62 59/59/59
f 63/63/63 12/12/12 64/64/64
f 65/65/65 9/9/9 66/66/66 67/67/67
f 68/68/68 69/69/69 70/70/70 71/71/71
f 8/8/8 7/7/7 72/72/72 73/73/73
f 21/21/21 11/11/11 10/10/10
f 13/13/13 10/10/10 9/9/9 65/65/65
f 74/74/74 68/68/68 75/75/75 76/76/76
f 20/20/20 11/11/11 21/21/21
f 4/4/4 62/62/62 61/61/61 1/1/1
f 69/69/69 3/3/3 2/2/2 77/77/77
f 78/78/78 62/62/62 4/4/4 79/79/79
f 2/2/2 13/13/13 65/65/65 77/77/77
f 49/49/49 80/80/80 81/81/81 82/82/82
f 83/83/83 65/65/65 67/67/67 84/84/84
f 61/61/61 85/85/85 12/12/12 1/1/1
f 21/21/21 10/10/10 13/13/13 12/12/12
f 32/32/32 50/50/50 86/86/86 29/29/29
f 47/47/47 87/87/87 30/30/30 29/29/29
f 26/26/26 39/39/39 43/43/43 42/42/42
f 18/18/18 26/26/26 42/42/42 41/41/41
f 19/19/19 18/18/18 41/41/41 52/52/52
f 88/88/88 78/78/78 79/79/79 89/89/89
f 3/3/3 69/69/69 68/68/68 74/74/74
f 90/90/90 33/33/33 91/91/91 92/92/92
f 55/55/55 54/54/54 57/57/57 60/60/60
f 15/15/15 19/19/19 16/16/16
f 84/84/84 70/70/70 69/69/69 83/83/83
f 75/75/75 68/68/68 71/71/71
f 12/12/12 63/63/63 22/22/22 21/21/21
f 85/85/85 64/64/64 12/12/12
f 86/86/86 45/45/45 29/29/29
f 46/46/46 51/51/51 47/47/47 29/29/29
f 82/82/82 87/87/87 47/47/47 49/49/49
f 6/6/6 33/33/33 90/90/90 93/93/93
f 37/37/37 36/36/36 48/48/48 94/94/94
f 92/92/92 91/91/91 37/37/37 94/94/94
f 95/95/95 96/96/96 97/97/97 98/98/98
f 99/99/99 100/100/100 101/101/101 102/102/102
f 103/103/103 104/104/104 105/105/105
f 106/106/106 95/95/95 98/98/98 107/107/107
f 108/108/108 109/109/109 110/110/110 111/111/111
f 112/112/112 113/113/113 111/111/111
f 114/114/114 115/115/115 116/116/116 117/117/117
f 118/118/118 108/108/108 111/111/111 119/119/119
f 119/119/119 111/111/111 113/113/113 120/120/120
f 121/121/121 114/114/114 105/105/105 122/122/122
f 123/123/123 124/124/124 125/125/125 126/126/126
f 102/102/102 127/127/127 99/99/99
f 128/128/128 129/129/129 130/130/130 131/131/131
f 124/124/124 121/121/121 122/122/122 125/125/125
f 132/132/132 119/119/119 120/120/120 133/133/133
f 134/134/134 118/118/118 119/119/119 132/132/132
f 135/135/135 114/114/114 121/121/121 136/136/136
f 136/136/136 121/121/121 124/124/124 137/137/137 138/138/138
f 139/139/139 140/140/140 123/123/123
f 141/141/141 142/142/142 130/130/130 143/143/143
f 124/124/124 144/144/144 137/137/137
f 141/141/141 143/143/143 145/145/145
f 115/115/115 114/114/114 135/135/135 146/146/146
f 147/147/147 148/148/148 149/149/149 150/150/150
f 151/151/151 152/152/152 153/153/153 154/154/154
f 154/154/154 153/153/153 155/155/155 156/156/156
f 106/106/106 157/157/157 158/158/158
f 159/159/159 160/160/160 161/161/161 104/104/104
f 162/162/162 163/163/163 164/164/164 165/165/165
f 100/100/100 73/73/73 72/72/72 101/101/101
f 105/105/105 117/117/117 103/103/103
f 107/107/107 159/159/159 104/104/104 103/103/103
f 166/166/166 167/167/167 168/168/168 162/162/162
f 105/105/105 114/114/114 117/117/117
f 96/96/96 95/95/95 156/156/156 155/155/155
f 165/165/165 169/169/169 98/98/98 97/97/97
f 170/170/170 171/171/171 96/96/96 155/155/155
f 98/98/98 169/169/169 159/159/159 107/107/107
f 142/142/142 172/172/172 173/173/173 174/174/174
f 169/169/169 175/175/175 160/160/160 159/159/159
f 156/156/156 95/95/95 106/106/106 176/176/176
f 117/117/117 106/106/106 107/107/107 103/103/103
f 124/124/124 123/123/123 177/177/177 144/144/144
f 141/141/141 123/123/123 126/126/126 178/178/178
f 120/120/120 136/136/136 138/138/138 133/133/133
f 113/113/113 135/135/135 136/136/136 120/120/120
f 112/112/112 146/146/146 135/135/135 113/113/113
f 179/179/179 180/180/180 171/171/171 170/170/170
f 97/97/97 166/166/166 162/162/162 165/165/165
f 181/181/181 182/182/182 183/183/183 127/127/127
f 149/149/149 152/152/152 151/151/151 150/150/150
f 112/112/112 111/111/111 110/110/110
f 175/175/175 169/169/169 165/165/165 164/164/164
f 162/162/162 168/168/168 163/163/163
f 106/106/106 117/117/117 116/116/116 157/157/157
f 158/158/158 176/176/176 106/106/106
f 140/140/140 177/177/177 123/123/123
f 139/139/139 123/123/123 141/141/141 145/145/145
f 172/172/172 142/142/142 141/141/141 178/178/178
f 102/102/102 184/184/184 181/181/181 127/127/127
f 129/129/129 185/185/185 143/143/143 130/130/130
f 182/182/182 185/185/185 129/129/129 183/183/183
f 186/186/186 187/187/187 188/188/188 189/189/189
f 190/190/190 191/191/191 192/192/192 193/193/193
f 194/194/194 186/186/186 189/189/189 195/195/195
f 196/196/196 197/197/197 198/198/198 199/199/199
f 200/200/200 190/190/190 193/193/193 201/201/201
f 202/202/202 203/203/203 204/204/204 205/205/205
f 206/206/206 207/207/207 208/208/208 209/209/209
f 210/210/210 206/206/206 209/209/209 211/211/211
f 212/212/212 213/213/213 210/210/210 214/214/214
f 215/215/215 216/216/216 217/217/217 203/203/203
f 210/210/210 211/211/211 214/214/214
f 211/211/211 209/209/209 218/218/218 219/219/219
f 205/205/205 204/204/204 220/220/220 221/221/221
f 209/209/209 208/208/208 222/222/222 218/218/218
f 223/223/223 220/220/220 204/204/204
f 224/224/224 225/225/225 226/226/226 227/227/227
f 204/204/204 217/217/217 223/223/223
f 228/228/228 229/229/229 230/230/230 212/212/212
f 231/231/231 232/232/232 200/200/200 201/201/201
f 233/233/233 228/228/228 212/212/212 214/214/214
f 234/234/234 233/233/233 214/214/214 211/211/211
f 235/235/235 224/224/224 229/229/229
f 232/232/232 234/234/234 219/219/219 200/200/200
f 208/208/208 205/205/205 221/221/221 222/222/222
f 207/207/207 202/202/202 205/205/205 208/208/208
f 191/191/191 194/194/194 195/195/195 192/192/192
f 236/236/236 198/198/198 216/216/216 215/215/215
f 229/229/229 224/224/224 230/230/230
f 227/227/227 226/226/226 213/213/213 212/212/212
f 218/218/218 222/222/222 191/191/191 190/190/190
f 219/219/219 218/218/218 190/190/190 200/200/200
f 222/222/222 221/221/221 194/194/194 191/191/191
f 234/234/234 211/211/211 219/219/219
f 221/221/221 220/220/220 186/186/186 194/194/194
f 220/220/220 223/223/223 187/187/187 186/186/186
f 217/217/217 216/216/216 237/237/237 223/223/223
f 216/216/216 198/198/198 197/197/197 237/237/237
f 199/199/199 198/198/198 236/236/236 238/238/238
f 204/204/204 203/203/203 217/217/217
f 239/239/239 189/189/189 188/188/188 240/240/240
f 241/241/241 193/193/193 192/192/192 242/242/242
f 243/243/243 195/195/195 189/189/189 239/239/239
f 244/244/244 245/245/245 246/246/246 247/247/247
f 248/248/248 201/201/201 193/193/193 241/241/241
f 249/249/249 250/250/250 251/251/251 252/252/252
f 253/253/253 254/254/254 255/255/255 256/256/256
f 257/257/257 258/258/258 254/254/254 253/253/253
f 259/259/259 260/260/260 257/257/257 261/261/261
f 262/262/262 252/252/252 263/263/263 264/264/264
f 258/258/258 257/257/257 260/260/260
f 258/258/258 265/265/265 266/266/266 254/254/254
f 250/250/250 267/267/267 268/268/268 251/251/251
f 254/254/254 266/266/266 269/269/269 255/255/255
f 268/268/268 270/270/270 251/251/251
f 271/271/271 272/272/272 273/273/273 274/274/274
f 263/263/263 251/251/251 270/270/270
f 275/275/275 259/259/259 272/272/272 276/276/276
f 231/231/231 201/201/201 248/248/248 277/277/277
f 278/278/278 260/260/260 259/259/259 275/275/275
f 279/279/279 258/258/258 260/260/260 278/278/278
f 271/271/271 280/280/280 276/276/276
f 277/277/277 248/248/248 265/265/265 279/279/279
f 255/255/255 269/269/269 267/267/267 250/250/250
f 256/256/256 255/255/255 250/250/250 249/249/249
f 242/242/242 192/192/192 195/195/195 243/243/243
f 281/281/281 262/262/262 264/264/264 246/246/246
f 271/271/271 276/276/276 272/272/272
f 272/272/272 259/259/259 261/261/261 273/273/273
f 266/266/266 241/241/241 242/242/242 269/269/269
f 265/265/265 248/248/248 241/241/241 266/266/266
f 269/269/269 242/242/242 243/243/243 267/267/267
f 258/258/258 279/279/279 265/265/265
f 267/267/267 243/243/243 239/239/239 268/268/268
f 268/268/268 239/239/239 240/240/240 270/270/270
f 263/263/263 270/270/270 282/282/282 264/264/264
f 264/264/264 282/282/282 247/247/247 246/246/246
f 245/245/245 283/283/283 281/281/281 246/246/246
f 252/252/252 251/251/251 263/263/263
f 284/284/284 285/285/285 286/286/286
f 287/287/287 285/285/285 288/288/288
f 284/284/284 288/288/288 285/285/285
f 289/289/289 290/290/290 291/291/291
f 292/292/292 289/289/289 293/293/293
f 290/290/290 289/289/289 292/292/292
f 294/294/294 295/295/295 296/296/296 297/297/297
f 298/298/298 299/299/299 300/300/300 301/301/301
f 302/302/302 303/303/303 304/304/304 305/305/305
f 296/296/296 295/295/295 306/306/306 307/307/307
f 295/295/295 308/308/308 309/309/309 306/306/306
f 310/310/310 311/311/311 305/305/305 312/312/312
f 313/313/313 304/304/304 314/314/314 315/315/315
f 304/304/304 303/303/303 316/316/316 317/317/317 314/314/314
f 306/306/306 298/298/298 301/301/301 307/307/307
f 317/317/317 318/318/318 294/294/294 314/314/314
f 314/314/314 294/294/294 297/297/297 315/315/315
f 309/309/309 319/319/319 298/298/298 306/306/306
f 318/318/318 308/308/308 295/295/295 294/294/294
f 319/319/319 320/320/320 299/299/299 298/298/298
f 321/321/321 297/297/297 296/296/296 322/322/322
f 323/323/323 301/301/301 300/300/300 324/324/324
f 325/325/325 326/326/326 327/327/327 328/328/328
f 296/296/296 307/307/307 329/329/329 322/322/322
f 322/322/322 329/329/329 330/330/330 331/331/331
f 310/310/310 312/312/312 326/326/326 332/332/332
f 313/313/313 315/315/315 333/333/333 327/327/327
f 327/327/327 333/333/333 334/334/334 335/335/335 328/328/328
f 329/329/329 307/307/307 301/301/301 323/323/323
f 334/334/334 333/333/333 321/321/321 336/336/336
f 333/333/333 315/315/315 297/297/297 321/321/321
f 330/330/330 329/329/329 323/323/323 337/337/337
f 336/336/336 321/321/321 322/322/322 331/331/331
f 337/337/337 323/323/323 324/324/324 338/338/338
f 339/339/339 340/340/340 341/341/341
f 342/342/342 343/343/343 344/344/344 341/341/341
f 345/345/345 346/346/346 340/340/340 347/347/347
f 346/346/346 342/342/342 341/341/341 340/340/340
f 343/343/343 348/348/348 349/349/349 344/344/344
f 350/350/350 351/351/351 352/352/352 353/353/353
f 353/353/353 354/354/354 355/355/355 350/350/350
f 356/356/356 357/357/357 358/358/358 359/359/359
f 345/345/345 347/347/347 360/360/360 361/361/361
f 361/361/361 360/360/360 357/357/357 356/356/356
f 359/359/359 358/358/358 349/349/349 348/348/348
f 350/350/350 362/362/362 363/363/363 351/351/351
f 362/362/362 350/350/350 355/355/355 364/364/364
f 365/365/365 347/347/347 340/340/340 366/366/366
f 366/366/366 340/340/340 367/367/367 368/368/368 369/369/369
f 344/344/344 349/349/349 370/370/370 371/371/371
f 372/372/372 344/344/344 371/371/371 373/373/373
f 365/365/365 374/374/374 360/360/360 347/347/347
f 374/374/374 375/375/375 376/376/376 377/377/377 360/360/360
f 358/358/358 378/378/378 370/370/370 349/349/349
f 379/379/379 380/380/380 378/378/378 358/358/358
f 381/381/381 382/382/382 383/383/383 384/384/384
f 382/382/382 385/385/385 386/386/386 383/383/383
f 387/387/387 381/381/381 384/384/384 388/388/388
f 385/385/385 389/389/389 390/390/390 386/386/386
f 391/391/391 392/392/392 393/393/393 394/394/394
f 394/394/394 393/393/393 395/395/395 396/396/396
f 387/387/387 388/388/388 392/392/392 391/391/391
f 396/396/396 395/395/395 390/390/390 389/389/389
f 360/360/360 377/377/377 357/357/357
f 397/397/397 398/398/398 399/399/399 400/400/400
f 401/401/401 402/402/402 403/403/403 404/404/404
f 405/405/405 406/406/406 402/402/402 401/401/401
f 407/407/407 408/408/408 406/406/406 405/405/405
f 409/409/409 400/400/400 399/399/399 410/410/410
f 411/411/411 412/412/412 413/413/413 414/414/414
f 415/415/415 411/411/411 414/414/414 416/416/416
f 417/417/417 415/415/415 416/416/416 418/418/418
f 419/419/419 420/420/420 421/421/421
f 422/422/422 423/423/423 419/419/419 421/421/421
f 424/424/424 425/425/425 422/422/422 421/421/421
f 426/426/426 427/427/427 424/424/424 421/421/421
f 428/428/428 429/429/429 430/430/430
f 431/431/431 430/430/430 429/429/429 432/432/432
f 433/433/433 430/430/430 431/431/431 434/434/434
f 435/435/435 430/430/430 433/433/433 436/436/436
f 437/437/437 438/438/438 439/439/439 440/440/440 441/441/441
f 442/442/442 443/443/443 444/444/444 445/445/445
f 446/446/446 447/447/447 448/448/448 449/449/449 450/450/450
f 451/451/451 452/452/452 453/453/453 454/454/454
f 455/455/455 456/456/456 457/457/457 458/458/458
f 459/459/459 460/460/460 461/461/461 462/462/462
f 463/463/463 464/464/464 465/465/465 466/466/466
f 467/467/467 468/468/468 469/469/469 470/470/470
f 471/471/471 472/472/472 473/473/473 474/474/474
f 475/475/475 476/476/476 477/477/477 478/478/478
f 479/479/479 480/480/480 481/481/481 482/482/482
f 483/483/483 484/484/484 485/485/485 486/486/486
f 487/487/487 488/488/488 489/489/489 490/490/490
f 491/491/491 492/492/492 493/493/493 494/494/494
f 495/495/495 496/496/496 497/497/497 498/498/498
f 499/499/499 500/500/500 501/501/501
f 502/502/502 503/503/503 504/504/504 505/505/505
f 506/506/506 507/507/507 508/508/508 509/509/509
f 510/510/510 511/511/511 512/512/512 513/513/513
f 514/514/514 515/515/515 516/516/516 517/517/517
f 518/518/518 519/519/519 520/520/520 521/521/521
f 522/522/522 523/523/523 524/524/524 525/525/525
f 526/526/526 527/527/527 528/528/528 529/529/529
f 530/530/530 531/531/531 532/532/532 533/533/533
f 534/534/534 535/535/535 536/536/536 537/537/537
f 538/538/538 539/539/539 540/540/540 541/541/541
f 542/542/542 543/543/543 544/544/544 545/545/545
f 546/546/546 547/547/547 548/548/548 549/549/549
f 550/550/550 551/551/551 552/552/552 553/553/553
f 554/554/554 555/555/555 556/556/556 557/557/557
f 558/558/558 559/559/559 560/560/560 561/561/561
f 562/562/562 563/563/563 564/564/564 565/565/565
f 566/566/566 567/567/567 568/568/568 569/569/569
f 570/570/570 571/571/571 572/572/572 573/573/573
f 574/574/574 575/575/575 576/576/576 577/577/577
f 578/578/578 579/579/579 580/580/580 581/581/581
f 582/582/582 583/583/583 584/584/584 585/585/585
f 586/586/586 587/587/587 588/588/588 589/589/589
f 590/590/590 591/591/591 592/592/592 593/593/593
f 594/594/594 595/595/595 596/596/596 597/597/597
f 598/598/598 599/599/599 600/600/600 601/601/601
f 602/602/602 603/603/603 604/604/604 605/605/605
f 606/606/606 607/607/607 608/608/608
f 609/609/609 610/610/610 611/611/611 612/612/612
f 613/613/613 614/614/614 615/615/615 616/616/616
f 617/617/617 618/618/618 619/619/619
f 620/620/620 621/621/621 622/622/622
f 623/623/623 624/624/624 625/625/625 626/626/626
f 627/627/627 628/628/628 629/629/629 630/630/630 631/631/631
f 632/632/632 633/633/633 634/634/634 635/635/635
f 636/636/636 637/637/637 638/638/638
f 639/639/639 640/640/640 641/641/641 642/642/642 643/643/643
f 644/644/644 645/645/645 646/646/646 647/647/647
f 648/648/648 649/649/649 650/650/650 651/651/651 652/652/652
f 653/653/653 654/654/654 655/655/655 656/656/656
f 657/657/657 658/658/658 659/659/659 660/660/660
f 661/661/661 662/662/662 663/663/663 664/664/664
f 665/665/665 666/666/666 667/667/667 668/668/668
f 669/669/669 670/670/670 671/671/671 672/672/672
f 673/673/673 674/674/674 675/675/675 676/676/676
f 677/677/677 678/678/678 679/679/679 680/680/680
f 681/681/681 682/682/682 683/683/683 684/684/684
f 685/685/685 686/686/686 687/687/687 688/688/688
f 689/689/689 690/690/690 691/691/691 692/692/692
f 693/693/693 694/694/694 695/695/695 696/696/696
f 697/697/697 698/698/698 699/699/699 700/700/700
f 701/701/701 702/702/702 703/703/703
f 704/704/704 705/705/705 706/706/706 707/707/707
f 708/708/708 709/709/709 710/710/710 711/711/711
f 712/712/712 713/713/713 714/714/714 715/715/715
f 716/716/716 717/717/717 718/718/718 719/719/719
f 720/720/720 721/721/721 722/722/722 723/723/723
f 724/724/724 725/725/725 726/726/726 727/727/727
f 728/728/728 729/729/729 730/730/730 731/731/731
f 732/732/732 733/733/733 734/734/734 735/735/735
f 736/736/736 737/737/737 738/738/738 739/739/739
f 740/740/740 741/741/741 742/742/742 743/743/743
f 744/744/744 745/745/745 746/746/746 747/747/747
f 748/748/748 749/749/749 750/750/750 751/751/751
f 752/752/752 753/753/753 754/754/754 755/755/755
f 756/756/756 757/757/757 758/758/758 759/759/759
f 760/760/760 761/761/761 762/762/762 763/763/763
f 764/764/764 765/765/765 766/766/766 767/767/767
f 768/768/768 769/769/769 770/770/770 771/771/771
f 772/772/772 773/773/773 774/774/774 775/775/775
f 776/776/776 777/777/777 778/778/778 779/779/779
f 780/780/780 781/781/781 782/782/782 783/783/783
f 784/784/784 785/785/785 786/786/786 787/787/787
f 788/788/788 789/789/789 790/790/790 791/791/791
f 792/792/792 793/793/793 794/794/794 795/795/795
f 796/796/796 797/797/797 798/798/798 799/799/799
f 800/800/800 801/801/801 802/802/802 803/803/803
f 804/804/804 805/805/805 806/806/806 807/807/807
f 808/808/808 809/809/809 810/810/810
f 811/811/811 812/812/812 813/813/813 814/814/814
f 815/815/815 816/816/816 817/817/817 818/818/818
f 819/819/819 820/820/820 821/821/821
f 822/822/822 823/823/823 824/824/824
f 825/825/825 826/826/826 827/827/827 828/828/828
f 829/829/829 830/830/830 831/831/831 832/832/832 833/833/833
f 834/834/834 835/835/835 836/836/836 837/837/837
f 838/838/838 839/839/839 840/840/840
f 841/841/841 842/842/842 843/843/843 844/844/844
f 842/842/842 845/845/845 846/846/846 843/843/843
f 845/845/845 847/847/847 848/848/848 846/846/846
f 849/849/849 850/850/850 851/851/851 852/852/852
f 853/853/853 854/854/854 847/847/847 845/845/845
f 855/855/855 853/853/853 845/845/845 842/842/842
f 856/856/856 855/855/855 842/842/842 841/841/841
f 857/857/857 858/858/858 850/850/850 849/849/849
f 859/859/859 860/860/860 861/861/861 862/862/862
f 863/863/863 864/864/864 853/853/853 855/855/855
f 865/865/865 862/862/862 856/856/856 841/841/841
f 864/864/864 866/866/866 854/854/854 853/853/853
f 867/867/867 865/865/865 841/841/841 844/844/844
f 861/861/861 856/856/856 862/862/862
f 868/868/868 869/869/869 865/865/865 867/867/867
f 870/870/870 871/871/871 866/866/866 864/864/864
f 869/869/869 872/872/872 862/862/862 865/865/865
f 873/873/873 870/870/870 864/864/864 863/863/863
f 861/861/861 860/860/860 873/873/873 863/863/863
f 856/856/856 861/861/861 863/863/863 855/855/855
f 874/874/874 875/875/875 851/851/851 876/876/876
f 851/851/851 850/850/850 877/877/877 876/876/876
f 850/850/850 858/858/858 878/878/878 877/877/877
f 851/851/851 875/875/875 879/879/879 852/852/852
f 880/880/880 844/844/844 843/843/843 881/881/881
f 881/881/881 843/843/843 846/846/846 882/882/882
f 882/882/882 846/846/846 848/848/848 883/883/883
f 884/884/884 885/885/885 886/886/886 887/887/887
f 888/888/888 882/882/882 883/883/883 889/889/889
f 890/890/890 881/881/881 882/882/882 888/888/888
f 891/891/891 880/880/880 881/881/881 890/890/890
f 857/857/857 884/884/884 887/887/887 858/858/858
f 892/892/892 893/893/893 894/894/894 895/895/895
f 896/896/896 890/890/890 888/888/888 897/897/897
f 898/898/898 880/880/880 891/891/891 893/893/893
f 897/897/897 888/888/888 889/889/889 899/899/899
f 867/867/867 844/844/844 880/880/880 898/898/898
f 891/891/891 894/894/894 893/893/893
f 868/868/868 867/867/867 898/898/898 900/900/900
f 901/901/901 897/897/897 899/899/899 902/902/902
f 900/900/900 898/898/898 893/893/893 903/903/903
f 904/904/904 896/896/896 897/897/897 901/901/901
f 894/894/894 896/896/896 904/904/904 895/895/895
f 891/891/891 890/890/890 896/896/896 894/894/894
f 905/905/905 906/906/906 886/886/886 907/907/907
f 886/886/886 906/906/906 908/908/908 887/887/887
f 887/887/887 908/908/908 878/878/878 858/858/858
f 886/886/886 885/885/885 909/909/909 907/907/907
f 910/910/910 911/911/911 912/912/912 913/913/913
f 914/914/914 915/915/915 916/916/916 917/917/917
f 918/918/918 919/919/919 920/920/920 921/921/921
f 922/922/922 920/920/920 919/919/919
f 923/923/923 924/924/924 925/925/925
f 926/926/926 927/927/927 928/928/928
f 929/929/929 930/930/930 931/931/931 932/932/932
f 933/933/933 934/934/934 935/935/935
f 936/936/936 930/930/930 929/929/929 937/937/937
f 938/938/938 939/939/939 940/940/940 941/941/941
f 942/942/942 926/926/926 928/928/928 943/943/943
f 944/944/944 945/945/945 946/946/946 947/947/947
f 948/948/948 923/923/923 925/925/925 949/949/949
f 950/950/950 925/925/925 924/924/924
f 951/951/951 952/952/952 953/953/953 954/954/954
f 955/955/955 956/956/956 957/957/957 958/958/958
f 959/959/959 955/955/955 958/958/958 960/960/960
f 961/961/961 962/962/962 963/963/963
f 964/964/964 963/963/963 962/962/962 965/965/965
f 956/956/956 966/966/966 967/967/967 957/957/957
f 968/968/968 964/964/964 965/965/965 969/969/969
f 970/970/970 971/971/971 972/972/972 973/973/973
f 974/974/974 970/970/970 973/973/973 975/975/975
f 976/976/976 977/977/977 978/978/978 979/979/979
f 980/980/980 981/981/981 982/982/982 983/983/983
f 984/984/984 976/976/976 979/979/979 985/985/985
f 981/981/981 984/984/984 985/985/985 982/982/982
f 986/986/986 987/987/987 988/988/988 989/989/989
f 990/990/990 991/991/991 975/975/975 992/992/992
f 991/991/991 993/993/993 978/978/978 975/975/975
f 994/994/994 986/986/986 989/989/989 995/995/995
f 996/996/996 997/997/997 985/985/985 979/979/979
f 997/997/997 994/994/994 995/995/995 985/985/985
f 998/998/998 999/999/999 1000/1000/1000 1001/1001/1001
f 1002/1002/1002 1003/1003/1003 988/988/988 992/992/992
f 1004/1004/1004 1002/1002/1002 992/992/992 1005/1005/1005
f 1006/1006/1006 998/998/998 1001/1001/1001 1007/1007/1007
f 1008/1008/1008 1009/1009/1009 995/995/995 989/989/989
f 1010/1010/1010 1006/1006/1006 1007/1007/1007 1011/1011/1011
f 925/925/925 950/950/950 1012/1012/1012 1013/1013/1013
f 1009/1009/1009 1010/1010/1010 1011/1011/1011 995/995/995
f 1014/1014/1014 1004/1004/1004 1005/1005/1005 1015/1015/1015
f 927/927/927 1016/1016/1016 1017/1017/1017 928/928/928
f 934/934/934 936/936/936 937/937/937
f 988/988/988 1003/1003/1003 1008/1008/1008 989/989/989
f 972/972/972 971/971/971 980/980/980 983/983/983
f 978/978/978 977/977/977 974/974/974 975/975/975
f 988/988/988 987/987/987 990/990/990 992/992/992
f 978/978/978 993/993/993 996/996/996 979/979/979
f 1000/1000/1000 999/999/999 1014/1014/1014 1015/1015/1015
f 961/961/961 963/963/963 959/959/959 960/960/960
f 940/940/940 939/939/939 1018/1018/1018 1019/1019/1019
f 933/933/933 936/936/936 934/934/934
f 916/916/916 915/915/915 918/918/918 921/921/921
f 953/953/953 952/952/952 948/948/948 949/949/949
f 913/913/913 912/912/912 922/922/922 919/919/919
f 1013/1013/1013 1012/1012/1012 911/911/911 910/910/910
f 1017/1017/1017 1016/1016/1016 944/944/944 947/947/947
f 946/946/946 945/945/945 931/931/931 930/930/930
f 1019/1019/1019 1018/1018/1018 942/942/942 943/943/943
f 1020/1020/1020 1021/1021/1021 1022/1022/1022 1023/1023/1023
f 1024/1024/1024 1025/1025/1025 1026/1026/1026 1027/1027/1027
f 1028/1028/1028 1029/1029/1029 1030/1030/1030 1031/1031/1031
f 1030/1030/1030 1032/1032/1032 1031/1031/1031
f 1033/1033/1033 1034/1034/1034 1035/1035/1035
f 1036/1036/1036 1037/1037/1037 1038/1038/1038
f 1039/1039/1039 1040/1040/1040 1041/1041/1041 1042/1042/1042
f 1043/1043/1043 1044/1044/1044 1045/1045/1045
f 1046/1046/1046 1047/1047/1047 1039/1039/1039 1042/1042/1042
f 1048/1048/1048 1049/1049/1049 1050/1050/1050 1051/1051/1051
f 1052/1052/1052 1053/1053/1053 1038/1038/1038 1037/1037/1037
f 1054/1054/1054 1055/1055/1055 1056/1056/1056 1057/1057/1057
f 1058/1058/1058 1059/1059/1059 1035/1035/1035 1034/1034/1034
f 1035/1035/1035 1060/1060/1060 1033/1033/1033
f 1061/1061/1061 1062/1062/1062 1063/1063/1063 1064/1064/1064
f 1065/1065/1065 1066/1066/1066 1067/1067/1067 1068/1068/1068
f 1069/1069/1069 1070/1070/1070 1066/1066/1066 1065/1065/1065
f 1071/1071/1071 1072/1072/1072 1073/1073/1073
f 1074/1074/1074 1075/1075/1075 1071/1071/1071 1073/1073/1073
f 1068/1068/1068 1067/1067/1067 967/967/967 966/966/966
f 968/968/968 969/969/969 1075/1075/1075 1074/1074/1074
f 1076/1076/1076 1077/1077/1077 1078/1078/1078 1079/1079/1079
f 1080/1080/1080 1081/1081/1081 1077/1077/1077 1076/1076/1076
f 1082/1082/1082 1083/1083/1083 1084/1084/1084 1085/1085/1085
f 1086/1086/1086 1087/1087/1087 1088/1088/1088 1089/1089/1089
f 1090/1090/1090 1091/1091/1091 1083/1083/1083 1082/1082/1082
f 1089/1089/1089 1088/1088/1088 1091/1091/1091 1090/1090/1090
f 1092/1092/1092 1093/1093/1093 1094/1094/1094 1095/1095/1095
f 1096/1096/1096 1097/1097/1097 1081/1081/1081 1098/1098/1098
f 1098/1098/1098 1081/1081/1081 1084/1084/1084 1099/1099/1099
f 1100/1100/1100 1101/1101/1101 1093/1093/1093 1092/1092/1092
f 1102/1102/1102 1083/1083/1083 1091/1091/1091 1103/1103/1103
f 1103/1103/1103 1091/1091/1091 1101/1101/1101 1100/1100/1100
f 1104/1104/1104 1105/1105/1105 1106/1106/1106 1107/1107/1107
f 1108/1108/1108 1097/1097/1097 1094/1094/1094 1109/1109/1109
f 1110/1110/1110 1111/1111/1111 1097/1097/1097 1108/1108/1108
f 1112/1112/1112 1113/1113/1113 1105/1105/1105 1104/1104/1104
f 1114/1114/1114 1093/1093/1093 1101/1101/1101 1115/1115/1115
f 1116/1116/1116 1117/1117/1117 1113/1113/1113 1112/1112/1112
f 1035/1035/1035 1118/1118/1118 1119/1119/1119 1060/1060/1060
f 1115/1115/1115 1101/1101/1101 1117/1117/1117 1116/1116/1116
f 1120/1120/1120 1121/1121/1121 1111/1111/1111 1110/1110/1110
f 1036/1036/1036 1038/1038/1038 1122/1122/1122 1123/1123/1123
f 1046/1046/1046 1043/1043/1043 1047/1047/1047
f 1094/1094/1094 1093/1093/1093 1114/1114/1114 1109/1109/1109
f 1078/1078/1078 1087/1087/1087 1086/1086/1086 1079/1079/1079
f 1084/1084/1084 1081/1081/1081 1080/1080/1080 1085/1085/1085
f 1094/1094/1094 1097/1097/1097 1096/1096/1096 1095/1095/1095
f 1084/1084/1084 1083/1083/1083 1102/1102/1102 1099/1099/1099
f 1106/1106/1106 1121/1121/1121 1120/1120/1120 1107/1107/1107
f 1072/1072/1072 1070/1070/1070 1069/1069/1069 1073/1073/1073
f 1050/1050/1050 1124/1124/1124 1125/1125/1125 1051/1051/1051
f 1046/1046/1046 1044/1044/1044 1043/1043/1043
f 1026/1026/1026 1029/1029/1029 1028/1028/1028 1027/1027/1027
f 1063/1063/1063 1059/1059/1059 1058/1058/1058 1064/1064/1064
f 1021/1021/1021 1031/1031/1031 1032/1032/1032 1022/1022/1022
f 1118/1118/1118 1020/1020/1020 1023/1023/1023 1119/1119/1119
f 1122/1122/1122 1055/1055/1055 1054/1054/1054 1123/1123/1123
f 1056/1056/1056 1042/1042/1042 1041/1041/1041 1057/1057/1057
f 1124/1124/1124 1053/1053/1053 1052/1052/1052 1125/1125/1125
usemtl window

g Car

f 1126/1126/1126 1127/1127/1127 1128/1128/1128 1129/1129/1129
f 1130/1130/1130 1131/1131/1131 1132/1132/1132 1133/1133/1133
f 1134/1134/1134 1135/1135/1135 1136/1136/1136 1137/1137/1137
f 1138/1138/1138 1139/1139/1139 1140/1140/1140 1141/1141/1141
f 1142/1142/1142 1143/1143/1143 1144/1144/1144 1145/1145/1145
f 1127/1127/1127 1146/1146/1146 1147/1147/1147 1148/1148/1148
f 1131/1131/1131 1149/1149/1149 1150/1150/1150 1151/1151/1151
f 1152/1152/1152 1153/1153/1153 1154/1154/1154 1155/1155/1155
f 1156/1156/1156 1157/1157/1157 1158/1158/1158 1159/1159/1159
f 1160/1160/1160 1161/1161/1161 1162/1162/1162 1163/1163/1163
f 1150/1150/1150 1164/1164/1164 1165/1165/1165
f 1132/1132/1132 1131/1131/1131 1151/1151/1151 1166/1166/1166
f 1128/1128/1128 1127/1127/1127 1148/1148/1148 1167/1167/1167
f 1168/1168/1168 1149/1149/1149 1131/1131/1131 1130/1130/1130
f 1169/1169/1169 1146/1146/1146 1127/1127/1127 1126/1126/1126
f 1130/1130/1130 1133/1133/1133 1170/1170/1170 1171/1171/1171
f 1166/1166/1166 1151/1151/1151 1165/1165/1165 1172/1172/1172
f 1150/1150/1150 1165/1165/1165 1151/1151/1151
f 1173/1173/1173 1160/1160/1160 1163/1163/1163 1174/1174/1174
f 1175/1175/1175 1176/1176/1176 1135/1135/1135 1134/1134/1134
f 1135/1135/1135 1176/1176/1176 1161/1161/1161 1160/1160/1160
f 1140/1140/1140 1139/1139/1139 1153/1153/1153 1152/1152/1152
f 1144/1144/1144 1143/1143/1143 1157/1157/1157 1156/1156/1156
f 1136/1136/1136 1135/1135/1135 1160/1160/1160 1173/1173/1173
f 1177/1177/1177 1168/1168/1168 1130/1130/1130 1171/1171/1171
f 1178/1178/1178 1179/1179/1179 1180/1180/1180 1181/1181/1181
f 1182/1182/1182 1133/1133/1133 1132/1132/1132 1183/1183/1183
f 1184/1184/1184 1185/1185/1185 1186/1186/1186 1187/1187/1187
f 1188/1188/1188 1189/1189/1189 1190/1190/1190 1191/1191/1191
f 1192/1192/1192 1193/1193/1193 1194/1194/1194 1195/1195/1195
f 1181/1181/1181 1196/1196/1196 1147/1147/1147 1146/1146/1146
f 1183/1183/1183 1197/1197/1197 1198/1198/1198 1199/1199/1199
f 1200/1200/1200 1201/1201/1201 1202/1202/1202 1203/1203/1203
f 1204/1204/1204 1205/1205/1205 1206/1206/1206 1207/1207/1207
f 1208/1208/1208 1209/1209/1209 1210/1210/1210 1211/1211/1211
f 1212/1212/1212 1198/1198/1198 1213/1213/1213
f 1132/1132/1132 1166/1166/1166 1197/1197/1197 1183/1183/1183
f 1180/1180/1180 1214/1214/1214 1196/1196/1196 1181/1181/1181
f 1215/1215/1215 1182/1182/1182 1183/1183/1183 1199/1199/1199
f 1169/1169/1169 1178/1178/1178 1181/1181/1181 1146/1146/1146
f 1182/1182/1182 1216/1216/1216 1170/1170/1170 1133/1133/1133
f 1166/1166/1166 1172/1172/1172 1213/1213/1213 1197/1197/1197
f 1213/1213/1213 1198/1198/1198 1197/1197/1197
f 1217/1217/1217 1218/1218/1218 1209/1209/1209 1208/1208/1208
f 1219/1219/1219 1184/1184/1184 1187/1187/1187 1220/1220/1220
f 1187/1187/1187 1208/1208/1208 1211/1211/1211 1220/1220/1220
f 1190/1190/1190 1200/1200/1200 1203/1203/1203 1191/1191/1191
f 1194/1194/1194 1204/1204/1204 1207/1207/1207 1195/1195/1195
f 1186/1186/1186 1217/1217/1217 1208/1208/1208 1187/1187/1187
f 1221/1221/1221 1216/1216/1216 1182/1182/1182 1215/1215/1215
